{"adventurer":{"id":"adventurer","name":"Abenteurer","setPiece":[2,4],"sets":{"goblet":"Goldkelch eines Abenteurers","plume":"Abenteurerschwanzfeder","circlet":"Kopftuch eines Abenteurers","flower":"Blume eines Abenteurers","sands":"Taschenuhr eines Abenteurers"},"bonuses":["Erhöht die max. LP um 1000.","Stellt nach dem Öffnen jeglicher Truhen 5 s lang 30 % LP wieder her."],"rarity":[1,2,3],"domain":"midsummer_courtyard"},"lucky_dog":{"id":"lucky_dog","name":"Glückspilz","setPiece":[2,4],"sets":{"goblet":"Glückskelch","plume":"Glücksfeder","circlet":"Silberner Glückshaarreif","flower":"Glücksklee","sands":"Glückssanduhr"},"bonuses":["Erhöht die VTD um 100 Punkte.","Stellt beim Sammeln von Mora 300 LP wieder her."],"rarity":[1,2,3],"domain":"domain_of_guyun"},"traveling_doctor":{"id":"traveling_doctor","name":"Wanderarzt","setPiece":[2,4],"sets":{"goblet":"Wanderarztkrug","plume":"Wanderarzt-Eulenfeder","circlet":"Wanderarzttuch","flower":"Wanderarztanemone","sands":"Wanderarzt-Taschenuhr"},"bonuses":["Erhöht den passiven Heileffekt der Figur um 20 %.","Stellt bei Anwendung von Spezialfähigkeiten 20 % LP wieder her."],"rarity":[1,2,3],"domain":"valley_of_remembrance"},"resolution_of_sojourner":{"id":"resolution_of_sojourner","name":"Fernweh","setPiece":[2,4],"sets":{"goblet":"Kelch der Fremde","plume":"Feder der Heimkehr","circlet":"Kranz des Abschieds","flower":"Sinn der Kameradschaft","sands":"Stein der Lichtjagd"},"bonuses":["Erhöht den ANG um 18 %.","Erhöht die KT heftiger Schläge um 30 %."],"rarity":[3,4],"domain":"midsummer_courtyard"},"tiny_miracle":{"id":"tiny_miracle","name":"Wunder","setPiece":[2,4],"sets":{"goblet":"Wunderkelch","plume":"Wunderfeder","circlet":"Wunderohrhänger","flower":"Wunderblume","sands":"Wundersanduhr"},"bonuses":["Erhöht den WDS gegen alle Elemente um 20 %.","Erhöht den jeweiligen WDS nach Erleiden von Elementar-SCH 10 s lang um 30 %. 10 s Abklingzeit."],"rarity":[3,4],"domain":"valley_of_remembrance"},"berserker":{"id":"berserker","name":"Berserker","setPiece":[2,4],"sets":{"goblet":"Berserkertrinkhorn","plume":"Berserkerfeder","circlet":"Furchteinflößende Berserkermaske","flower":"Berserkerrose","sands":"Berserkersanduhr"},"bonuses":["Erhöht die KT um 12 %.","Erhöht die KT bei weniger als 70 % LP zusätzlich um 24 %."],"rarity":[3,4]},"instructor":{"id":"instructor","name":"Ausbilder","setPiece":[2,4],"sets":{"goblet":"Ausbilderteetasse","plume":"Ausbilderfederschmuck","circlet":"Ausbilderhut","flower":"Ausbilderbrosche","sands":"Ausbilderstoppuhr"},"bonuses":["Erhöht Elementarkunde um 80 Punkte.","Erhöht die Elementarkunde aller Truppenmitglieder nach Auslösen von Elementarreaktionen 8 s lang um 120 Punkte."],"rarity":[3,4]},"the_exile":{"id":"the_exile","name":"Verbannter","setPiece":[2,4],"sets":{"goblet":"Kelch des Verbannten","plume":"Feder des Verbannten","circlet":"Haarreif des Verbannten","flower":"Blume des Verbannten","sands":"Taschenuhr des Verbannten"},"bonuses":["Erhöht die Aufladerate um 20 %.","Stellt allen Truppenmitgliedern (außer sich selbst) bei Anwendung von Spezialfähigkeiten 6 s lang alle 2 s 2 Punkte Elementarenergie wieder her, nicht stapelbar."],"rarity":[3,4]},"defenders_will":{"id":"defenders_will","name":"Beschützerinstinkt","setPiece":[2,4],"sets":{"goblet":"Wächterflachmann","plume":"Wächterabzeichen","circlet":"Wächterband","flower":"Wächterblume","sands":"Wächtertischuhr"},"bonuses":["Erhöht die VTD um 30 %.","Erhöht für jedes unterschiedliche Element der eigenen Figuren in der Truppe den eigenen WDS des jeweiligen Elements um 30 %."],"rarity":[3,4],"domain":"hidden_palace_of_zhou_formula"},"brave_heart":{"id":"brave_heart","name":"Wagemut","setPiece":[2,4],"sets":{"goblet":"Schritte des Recken","plume":"Erwartungen des Recken","circlet":"Reckenhaarreif","flower":"Reckenmedaille","sands":"Entschlossenheit des Recken"},"bonuses":["Erhöht den ANG um 18 %.","Erhöht den Gegnern mit mehr als 50 % LP zugefügten Schaden um 30 %."],"rarity":[3,4],"domain":"ridge_watch"},"martial_artist":{"id":"martial_artist","name":"Kampfkünstler","setPiece":[2,4],"sets":{"goblet":"Kampfkünstler-Weinkelch","plume":"Kampfkünstler-Federschmuck","circlet":"Kampfkünstler-Kopftuch","flower":"Rote Kampfkünstlerblume","sands":"Kampfkünstler-Wasseruhr"},"bonuses":["Erhöht den mit Standardangriffen und heftigen Schlägen verursachten Schaden um 15 %.","Erhöht den mit Standardangriffen und heftigen Schlägen verursachten Schaden nach Anwendung von Elementarfähigkeiten 8 s lang um 25 %."],"rarity":[3,4],"domain":"ridge_watch"},"gambler":{"id":"gambler","name":"Glücksspieler","setPiece":[2,4],"sets":{"goblet":"Glücksspiel-Würfelbecher","plume":"Glücksspiel-Federschmuck","circlet":"Glücksspiel-Ohrringe","flower":"Glücksspielbrosche","sands":"Glücksspiel-Taschenuhr"},"bonuses":["Erhöht den mit Elementarfähigkeiten verursachten Schaden um 20 %.","Überspringt die Abklingzeit der Elementarfähigkeit beim Besiegen von Gegnern mit einer Wahrscheinlichkeit von 100 %. 15 s Abklingzeit."],"rarity":[3,4],"domain":"spire_of_solitary_enlightenment"},"scholar":{"id":"scholar","name":"Gelehrter","setPiece":[2,4],"sets":{"goblet":"Gelehrten-Tintenfass","plume":"Gelehrtenfeder","circlet":"Gelehrtenmonokel","flower":"Gelehrtenlesezeichen","sands":"Gelehrtentischuhr"},"bonuses":["Erhöht die Aufladerate um 20 %.","Stellt allen Truppenmitgliedern mit Bögen und Katalysatoren beim Erhalten von Elementarteilchen und Elementarkristallen zusätzlich 3 Punkte Elementarenergie wieder her. 3 s Abklingzeit."],"rarity":[3,4],"domain":"clear_pool_and_mountain_cavern"},"prayers_for_illumination":{"id":"prayers_for_illumination","name":"Feueropfer","setPiece":[1],"sets":{"circlet":"Feueropferdiadem"},"bonuses":["Verringert die Dauer der Beeinträchtigung durch zusätzliches Pyro-Attribut um 40 %."],"rarity":[3,4]},"prayers_for_destiny":{"id":"prayers_for_destiny","name":"Wasseropfer","setPiece":[1],"sets":{"circlet":"Wasseropferdiadem"},"bonuses":["Verringert die Dauer der Beeinträchtigung durch zusätzliches Hydro-Attribut um 40 %."],"rarity":[3,4]},"prayers_for_wisdom":{"id":"prayers_for_wisdom","name":"Blitzopfer","setPiece":[1],"sets":{"circlet":"Blitzopferdiadem"},"bonuses":["Verringert die Dauer der Beeinträchtigung durch zusätzliches Elektro-Attribut um 40 %."],"rarity":[3,4]},"prayers_to_springtime":{"id":"prayers_to_springtime","name":"Eisopfer","setPiece":[1],"sets":{"circlet":"Eisopferdiadem"},"bonuses":["Verringert die Dauer der Beeinträchtigung durch zusätzliches Kryo-Attribut um 40 %."],"rarity":[3,4]},"blizzard_strayer":{"id":"blizzard_strayer","name":"Im Schnee irrender Recke","setPiece":[2,4],"sets":{"goblet":"Erhabenheit des Frostwebers","plume":"Resolution des Schneestapfers","circlet":"Echo des Eisbrechers","flower":"Gedenken des Schneetreibens","sands":"Niedergang der eisigen Heimat"},"bonuses":["Erhöht den Kryo-Schaden um 15 %.","Erhöht die KT beim Angreifen von Kryo-Effekten betroffener Gegner um 20 %. Erhöht die KT bei von Gefroren betroffenen Gegnern zusätzlich um 20 %."],"rarity":[4,5],"domain":"peak_of_vindagnyr"},"thundersoother":{"id":"thundersoother","name":"Donner beruhigender Weiser","setPiece":[2,4],"sets":{"goblet":"Kelch des Donnerbändigers","plume":"Feder des Donnerbändigers","circlet":"Krone des Donnerbändigers","flower":"Herz des Donnerbändigers","sands":"Stunde des Donnerbändigers"},"bonuses":["Erhöht den Elektro-WDS um 40 %.","Erhöht den von Elektro-Effekten betroffenen Gegnern zugefügten Schaden um 35 %."],"rarity":[4,5],"domain":"midsummer_courtyard"},"lavawalker":{"id":"lavawalker","name":"Feuer durchwandernder Heiliger","setPiece":[2,4],"sets":{"goblet":"Erleuchtung des Lavaläufers","plume":"Entsagung des Lavaläufers","circlet":"Vernunft des Lavaläufers","flower":"Entschlossenheit des Lavaläufers","sands":"Mühsal des Lavaläufers"},"bonuses":["Erhöht den Pyro-WDS um 40 %.","Erhöht den von Pyro-Effekten betroffenen Gegnern zugefügten Schaden um 35 %."],"rarity":[4,5],"domain":"hidden_palace_of_zhou_formula"},"maiden_beloved":{"id":"maiden_beloved","name":"Ins Herz geschlossenes Mädchen","setPiece":[2,4],"sets":{"goblet":"Muße der Maid","plume":"Sehnsucht der Maid","circlet":"Vergänglichkeit der Maid","flower":"Kindlichkeit der Maid","sands":"Morgen der Maid"},"bonuses":["Erhöht den aktiven Heileffekt der Figur um 15 %.","Erhöht den passiven Heilungseffekt aller Truppenmitglieder nach Anwendung von Elementarfähigkeiten oder Spezialfähigkeiten 10 s lang um 20 %."],"rarity":[4,5],"domain":"valley_of_remembrance"},"gladiators_finale":{"id":"gladiators_finale","name":"Verbeugung des Gladiators","setPiece":[2,4],"sets":{"goblet":"Rausch des Gladiators","plume":"Zuflucht des Gladiators","circlet":"Triumph des Gladiators","flower":"Nostalgie des Gladiators","sands":"Zuversicht des Gladiators"},"bonuses":["Erhöht den ANG um 18 %.","Erhöht den mit Standardangriffen verursachten Schaden, wenn die mit diesem Artefaktset ausgestattete Figur einen Einhänder, einen Zweihänder oder eine Stangenwaffe trägt, um 35 %."],"rarity":[4,5]},"viridescent_venerer":{"id":"viridescent_venerer","name":"Grünlicher Schatten","setPiece":[2,4],"sets":{"goblet":"Feldjäger-Flachmann","plume":"Feldjäger-Pfeilfeder","circlet":"Feldjägerhut","flower":"Feldjägerblume","sands":"Gelassenheit des Feldjägers"},"bonuses":["Erhöht den Anemo-Schaden um 15 %.","Erhöht den mit Verwirbelungen verursachten Schaden um 60 %. Verringert den dem jeweiligen Element in der Verwirbelung entsprechenden WDS des betroffenen Gegners 10 s lang um 40 %."],"rarity":[4,5],"domain":"valley_of_remembrance"},"wanderers_troupe":{"id":"wanderers_troupe","name":"Wanderorchester","setPiece":[2,4],"sets":{"goblet":"Bardenflasche","plume":"Pfeilfeder des Leierspielers","circlet":"Trachtenhut des Dirigenten","flower":"Morgenlicht des Ensembles","sands":"Fall des Vorhangs"},"bonuses":["Erhöht Elementarkunde um 80 Punkte.","Erhöht den mit heftigen Schlägen verursachten Schaden, wenn die Figur einen Katalysator oder einen Bogen trägt, um 35 %."],"rarity":[4,5]},"thundering_fury":{"id":"thundering_fury","name":"Donnernder Zorn","setPiece":[2,4],"sets":{"goblet":"Omen des Blitzes","plume":"Überlebende des Unwetters","circlet":"Donnerkrone","flower":"Erbarmen des Donnervogels","sands":"Donneruhr"},"bonuses":["Erhöht den Elektro-Schaden um 15 %.","Erhöht den mit den Reaktionen „Überladen“, „Unter Strom“, „Supraleiter“ und „Supraspross“ verursachten Schaden um 40 %. Erhöht den Effekt des ANG-Bonus der Reaktion „Suprawuchs“ um 20 %. Verkürzt die Abklingzeit der Elementarfähigkeit beim Auslösen dieser Elementarreaktionen und der Reaktion „Urwuchs“ um 1 s. 0,8 s Abklingzeit."],"rarity":[4,5],"domain":"midsummer_courtyard"},"crimson_witch_of_flames":{"id":"crimson_witch_of_flames","name":"Brennende Pyro-Hexe","setPiece":[2,4],"sets":{"goblet":"Herz der Pyro-Hexe","plume":"Feder der Pyro-Hexe","circlet":"Brennender Hexenhut","flower":"Blume der Pyro-Hexe","sands":"Stunde der Vernichtung"},"bonuses":["Erhöht den Pyro-Schaden um 15 %.","Erhöht den mit den Reaktionen „Überladen“, „In Flammen“ und „Flammenspross“ verursachten Schaden um 40 % und den den von den Reaktionen „Verdampfen“ und „Schmelzen“ betroffenen Gegnern zugefügten Schaden um 15 %. Erhöht den Effekt eines 2er-Sets bei Anwendung von Elementarfähigkeiten 10 s lang um 50 %, 3-fach stapelbar."],"rarity":[4,5],"domain":"hidden_palace_of_zhou_formula"},"noblesse_oblige":{"id":"noblesse_oblige","name":"Altes Hofritual","setPiece":[2,4],"sets":{"goblet":"Königlicher Silberkrug","plume":"Königliche Feder","circlet":"Königliche Maske","flower":"Königliche Blume","sands":"Königliche Uhr"},"bonuses":["Erhöht den mit Spezialfähigkeiten verursachten Schaden um 20 %.","Erhöht den ANG aller Truppenmitglieder nach Anwendung von Spezialfähigkeiten 12 s lang um 20 %, nicht stapelbar."],"rarity":[4,5],"domain":"clear_pool_and_mountain_cavern"},"bloodstained_chivalry":{"id":"bloodstained_chivalry","name":"Blutiger Weg eines Ritters","setPiece":[2,4],"sets":{"goblet":"Kelch des Blutbefleckten","plume":"Feder des Blutbefleckten","circlet":"Eisenmaske des Blutbefleckten","flower":"Herz des Blutbefleckten","sands":"Uhr des Blutbefleckten"},"bonuses":["Erhöht den verursachten physischen Schaden um 25 %.","Verbraucht beim Besiegen von Gegnern 10 s lang für die Anwendung von heftigen Schlägen keine Ausdauer und erhöht den mit heftigen Schlägen verursachten Schaden um 50 %."],"rarity":[4,5],"domain":"clear_pool_and_mountain_cavern"},"archaic_petra":{"id":"archaic_petra","name":"Archaischer Fels","setPiece":[2,4],"sets":{"goblet":"Krug aus Felsgestein","plume":"Flügel der luftigen Gipfel","circlet":"Maske des starren Gesteins","flower":"Blüte der splitternden Felsen","sands":"Sonnenuhr der düsteren Jade"},"bonuses":["Erhöht den Geo-Schaden um 15 %.","Erhöht beim Erschaffen von Splittern durch eine Kristallisationsreaktion den mit dem jeweiligen Element verursachen Schaden aller Truppenmitglieder 10 s lang um 35 %. Zu einem Zeitpunkt kann nur ein SCH-Bonus aufgrund dieses Effekts bestehen."],"rarity":[4,5],"domain":"domain_of_guyun"},"retracing_bolide":{"id":"retracing_bolide","name":"Umgekehrter Meteor","setPiece":[2,4],"sets":{"goblet":"Sommerfest-Wasserballon","plume":"Ende des Sommerfestes","circlet":"Sommerfestmaske","flower":"Sommerfestbrosche","sands":"Sommerfestuhr"},"bonuses":["Erhöht die Schildeffizienz um 35 %.","Erhöht den Schaden von Standardangriffen und heftigen Schlägen bei aktivem Schild zusätzlich um 40 %."],"rarity":[4,5],"domain":"domain_of_guyun"},"heart_of_depth":{"id":"heart_of_depth","name":"Tief im Herzen","setPiece":[2,4],"sets":{"goblet":"Kelch der hohen Wellen","plume":"Nostalgische Brise","circlet":"Weinverschmierte Kapitänsmütze","flower":"Vergoldete Brosche","sands":"Kupferkompass"},"bonuses":["Erhöht den Hydro-Schaden um 15 %.","Erhöht den mit Standardangriffen und heftigen Schlägen verursachten Schaden nach Anwendung von Elementarfähigkeiten 15 s lang um 30 %."],"rarity":[4,5],"domain":"peak_of_vindagnyr"},"tenacity_of_the_millelith":{"id":"tenacity_of_the_millelith","name":"Zähigkeit der Millelithen","setPiece":[2,4],"sets":{"goblet":"Edler Schwurkrug","plume":"Bekundungsfeder","circlet":"Generalshelm","flower":"Belobigungsblume","sands":"Kupferne Sonnenuhr"},"bonuses":["Erhöht die LP um 20 %.","Erhöht beim Treffen von Gegnern mit Elementarfähigkeiten den ANG aller Truppenmitglieder in der Nähe um 20 % sowie die Schildeffizienz um 30 %, hält 3 s, 0,5 s Abklingzeit. Die Figur mit diesem Artefaktset kann diesen Effekt auch auslösen, wenn sie inaktiv in der Truppe ist."],"rarity":[4,5],"domain":"ridge_watch"},"pale_flame":{"id":"pale_flame","name":"Fahle Flammen","setPiece":[2,4],"sets":{"goblet":"Kelch der Überbietung","plume":"Feder der Genesung","circlet":"Maske der Heiterkeit","flower":"Blume der Reinheit","sands":"Uhr des Stillstands"},"bonuses":["Erhöht den verursachten physischen Schaden um 25 %.","Erhöht den ANG beim Treffen von Gegnern mit Elementarfähigkeiten 7 s lang um 9 %, 2-fach stapelbar. 0,3 s Abklingzeit. Erhöht den Effekt des Sets mit 2 Teilen beim Erreichen des Limits von 2 Stapelungen um 100 %."],"rarity":[4,5],"domain":"ridge_watch"},"shimenawas_reminiscence":{"id":"shimenawas_reminiscence","name":"Gedenken an Shimenawa","setPiece":[2,4],"sets":{"goblet":"Herz voller Hoffnung","plume":"Pfeil des Andenkens","circlet":"Wechselhafte Maske","flower":"Umschlingende Blume","sands":"Augenblick des Morgentaus"},"bonuses":["Erhöht den ANG um 18 %.","Verringert bei Anwendung einer Elementarfähigkeit die Elementarenergie um 15 Punkte, wenn die Figur mindestens 15 Punkte Elementarenergie besitzt. Erhöht daraufhin den mit Standardangriffen, heftigen Schlägen und Angriffen aus dem Fall verursachten Schaden 10 s lang um 50 %. Dieser Effekt wird während der Wirkungsdauer nicht erneut ausgelöst."],"rarity":[4,5],"domain":"momiji-dyed_court"},"emblem_of_severed_fate":{"id":"emblem_of_severed_fate","name":"Wappen des getrennten Schicksals","setPiece":[2,4],"sets":{"goblet":"Krug mit dunkelroten Blumen","plume":"Abgetrennte Feder","circlet":"Verzierter Helm","flower":"Prunkvolles Stichblatt","sands":"Blitzwolkenkäfig"},"bonuses":["Erhöht die Aufladerate um 20 %.","Erhöht den mit Spezialfähigkeiten verursachten Schaden basierend auf 25 % der Aufladerate. Bis zu 75 % Bonus auf diese Weise möglich."],"rarity":[4,5],"domain":"momiji-dyed_court"},"husk_of_opulent_dreams":{"id":"husk_of_opulent_dreams","name":"Schale der üppigen Träume","setPiece":[2,4],"sets":{"goblet":"Kalebasse des Erwachens","plume":"Feder der Opulenz","circlet":"Hut des Vagabunden","flower":"Blüte der Glorie","sands":"Lied der Vergänglichkeit"},"bonuses":["Erhöht die VTD um 30 %.","Die mit diesem Artefaktset ausgerüsteten Figuren erhalten unter den folgenden Umständen den Effekt „Neugier“: Aktuelle Figuren erhalten mit 0,3 s Abklingzeit eine Stapelung beim Treffen von Gegnern mit Geo-Angriffen, während die inaktiven Figuren in der Truppe alle 3 s eine Stapelung erhalten. 4-fach stapelbar. Jede Stapelung verleiht einen VTD-Bonus von 6 % und einen Geo-Schadens-Bonus von 6 %. Wenn kein neuer Effekt der „Neugier“ hinzukommt, erlischt alle 6 s eine Stapelung dieses Effekts."],"rarity":[4,5],"domain":"slumbering_court"},"ocean-hued_clam":{"id":"ocean-hued_clam","name":"Meeresmuschel","setPiece":[2,4],"sets":{"goblet":"Perlenkäfig","plume":"Feder des Tiefenpalasts","circlet":"Krone von Watatsumi","flower":"Meerfarbene Blüte","sands":"Muschel des Abschieds"},"bonuses":["Erhöht den Heilungsbonus um 15 %.","Wenn die mit diesem Artefaktset ausgerüsteten Figuren die Figuren in der Truppe heilen, entsteht eine Meeresblase, die 3 s hält und die wiederhergestellten Lebenspunkte beim Heilen (einschließlich des überschüssigen Heilungswerts) aufzeichnet. Wenn ihre Dauer endet, explodiert die Meeresblase, was Gegnern in der Umgebung Schaden, der 90 % der insgesamt wiederhergestellten LP entspricht, zufügt (Diese SCH-Berechnungsweise gleicht der der Elementarreaktionen Unter Strom und Supraleiter, ist jedoch von der Elementarkunde, der Stufe oder dem Reaktion-SCH-Bonus unabhängig). Alle 3,5 s kann höchstens eine Meeresblase entstehen. Jede Meeresblase kann bis zu 30.000 wiederhergestellte Lebenspunkte (einschließlich des überschüssigen Heilungswerts) aufzeichnen. In der eigenen Truppe kann gleichzeitig höchstens eine Meeresblase bestehen. Wenn die mit diesem Artefaktset ausgerüsteten Figuren inaktiv in der Truppe sind, kann dieser Effekt auch ausgelöst werden."],"rarity":[4,5],"domain":"slumbering_court"},"vermillion_hereafter":{"id":"vermillion_hereafter","name":"Vergangenheit des Zinnobers","setPiece":[2,4],"sets":{"goblet":"Augenblick des Pakts","plume":"Feder des Schleichlichts","circlet":"Gelassenheit des Donners","flower":"Essenz des Lebens","sands":"Relikt der Sonne"},"bonuses":["Erhöht den ANG um 18 %.","Verleiht Figuren nach Anwendung von Spezialfähigkeiten den 16 s anhaltenden Effekt „Schleichlicht“: Erhöht den ANG der jeweiligen Figur anfänglich um 8 %. Erhöht den ANG der Figur bei jedem LP-Verlust zusätzlich um 10 %, 0,8 s Abklingzeit. 4 ANG-Boni auf diese Weise möglich. Beendet den Effekt „Schleichlicht“ beim Auswechseln der Figur. Entfernt bei erneuter Anwendung der Spezialfähigkeit während der Wirkungsdauer von „Schleichlicht“ den bisherigen Effekt „Schleichlicht“ vollständig."],"rarity":[4,5],"domain":"the_lost_valley"},"echoes_of_an_offering":{"id":"echoes_of_an_offering","name":"Echo des Opferfests","setPiece":[2,4],"sets":{"goblet":"Kelch der Quelle","plume":"Blatt der Jade","circlet":"Ring der Strömung","flower":"Blüte des Seelendufts","sands":"Zeichen des Rituals"},"bonuses":["Erhöht den ANG um 18 %.","Löst beim Treffen von Gegnern mit Standardangriffen mit einer Wahrscheinlichkeit von 36 % „Talritual“ aus: Erhöht den mit Standardangriffen verursachten Schaden um 70 % ANG. Erlischt 0,05 s nach dem Verursachen von Schaden mit Standardangriffen. Erhöht, wenn der Effekt bei einem Standardangriff nicht ausgelöst wird, die Chance, dass er beim nächsten Mal ausgelöst wird, um 20 %, 0,2 s Abklingzeit."],"rarity":[4,5],"domain":"the_lost_valley"},"deepwood_memories":{"id":"deepwood_memories","name":"Erinnerungen des tiefen Waldes","setPiece":[2,4],"sets":{"goblet":"Lampe des Verirrten","plume":"Weiser des Dickichts","circlet":"Unschätzbarer Lorbeerkranz","flower":"Besucher des Labyrinths","sands":"Zeitmesser der Weisheit"},"bonuses":["Erhöht den Dendro-Schaden um 15 %.","Verringert nach Treffern mit der Elementarfähigkeit oder Spezialfähigkeit den Dendro-WDS des Ziels 8 s lang um 30 %. Dieser Effekt kann auch ausgelöst werden, wenn die damit ausgerüstete Figur inaktiv in der Truppe ist."],"rarity":[4,5],"domain":"spire_of_solitary_enlightenment"},"gilded_dreams":{"id":"gilded_dreams","name":"Vergoldeter Traum","setPiece":[2,4],"sets":{"goblet":"Honigsüßes Abschlussfest","plume":"Feder des Urteils","circlet":"Schatten des Sandkönigs","flower":"Metallblüte im Traum","sands":"Goldene Jahre"},"bonuses":["Erhöht die Elementarkunde um 80 Punkte.","Verleiht der damit ausgerüsteten Figur nach Auslösen einer Elementarreaktion entsprechend den Elementartypen anderer Figuren in der Truppe unterschiedliche Boni, die 8 s halten: Die Anwesenheit von je 1 Figur des gleichen Elementartyps erhöht den ANG um 14 %. Die Anwesenheit von je 1 Figur unterschiedlichen Elementartyps erhöht die Elementarkunde um 50 Punkte. Für jeden dieser Boni werden bis zu 3 Figuren mit gleichem oder unterschiedlichem Elementartyp gewertet. Diese Effekte treten auch in Kraft, wenn die damit ausgerüstete Figur inaktiv in der Truppe ist, 8 s Abklingzeit."],"rarity":[4,5],"domain":"spire_of_solitary_enlightenment"},"desert_pavilion_chronicle":{"id":"desert_pavilion_chronicle","name":"Chronik des Wüstenpavillons","setPiece":[2,4],"sets":{"goblet":"Verteidiger des verzaubernden Traums","plume":"Ende des goldenen Reiches","circlet":"Erbe der Hochwohlgeborenen der Wüste","flower":"Erste Tage der Stadt der Könige","sands":"Zeitmesser des verlorenen Pfades"},"bonuses":["Erhöht den Anemo-Schaden um 15 %.","Erhöht die Standardangriffs-GSW der damit ausgerüsteten Figur nach dem Treffen von Gegnern mit heftigen Schlägen um 10 % und erhöht den von Standardangriffen, heftigen Schlägen und Angriffen aus dem Fall verursachten Schaden um 40 %, hält 15 s."],"rarity":[4,5],"domain":"city_of_gold"},"flower_of_paradise_lost":{"id":"flower_of_paradise_lost","name":"Blumen des verlorenen Paradieses","setPiece":[2,4],"sets":{"goblet":"Zauberflasche des Geheimnisbewahrers","plume":"Festmahl des Verfalls","circlet":"Amethystkrone","flower":"Pracht von Ay-Khanoum","sands":"Geronnener Moment"},"bonuses":["Erhöht Elementarkunde um 80 Punkte.","Erhöht den durch die damit ausgerüstete Figur mit den Reaktionen Sprießen, Supraspross und Flammenspross verursachten Schaden um 40 %. Zusätzlich wird dieser Bonus nach Auslösen der Reaktionen Sprießen, Supraspross oder Flammenspross der damit ausgerüsteten Figur um 25 % erhöht, hält 10 s, 4-fach stapelbar, 1 s Abklingzeit. Dieser Effekt kann auch dann ausgelöst werden, wenn sich die damit ausgerüstete Figur inaktiv in der Truppe befindet."],"rarity":[4,5],"domain":"city_of_gold"}}