{"adventurer":{"id":"adventurer","name":"Adventurer","setPiece":[2,4],"sets":{"goblet":"Adventurer's Golden Goblet","plume":"Adventurer's Tail Feather","circlet":"Adventurer's Bandana","flower":"Adventurer's Flower","sands":"Adventurer's Pocket Watch"},"bonuses":["Max HP increased by 1000.","Opening a chest regenerates 30% Max HP over 5s."],"rarity":[1,2,3],"domain":"midsummer_courtyard"},"lucky_dog":{"id":"lucky_dog","name":"Lucky Dog","setPiece":[2,4],"sets":{"goblet":"Lucky Dog's Goblet","plume":"Lucky Dog's Eagle Feather","circlet":"Lucky Dog's Silver Circlet","flower":"Lucky Dog's Clover","sands":"Lucky Dog's Hourglass"},"bonuses":["DEF increased by 100.","Picking up Mora restores 300 HP."],"rarity":[1,2,3],"domain":"domain_of_guyun"},"traveling_doctor":{"id":"traveling_doctor","name":"Traveling Doctor","setPiece":[2,4],"sets":{"goblet":"Traveling Doctor's Medicine Pot","plume":"Traveling Doctor's Owl Feather","circlet":"Traveling Doctor's Handkerchief","flower":"Traveling Doctor's Silver Lotus","sands":"Traveling Doctor's Pocket Watch"},"bonuses":["Increases incoming healing by 20%.","Using Elemental Burst restores 20% HP."],"rarity":[1,2,3],"domain":"valley_of_remembrance"},"resolution_of_sojourner":{"id":"resolution_of_sojourner","name":"Resolution of Sojourner","setPiece":[2,4],"sets":{"goblet":"Goblet of the Sojourner","plume":"Feather of Homecoming","circlet":"Crown of Parting","flower":"Heart of Comradeship","sands":"Sundial of the Sojourner"},"bonuses":["ATK +18%.","Increases Charged Attack CRIT Rate by 30%."],"rarity":[3,4],"domain":"midsummer_courtyard"},"tiny_miracle":{"id":"tiny_miracle","name":"Tiny Miracle","setPiece":[2,4],"sets":{"goblet":"Tiny Miracle's Goblet","plume":"Tiny Miracle's Feather","circlet":"Tiny Miracle's Earrings","flower":"Tiny Miracle's Flower","sands":"Tiny Miracle's Hourglass"},"bonuses":["All Elemental RES increased by 20%.","Incoming elemental DMG increases corresponding Elemental RES by 30% for 10s. Can only occur once every 10s."],"rarity":[3,4],"domain":"valley_of_remembrance"},"berserker":{"id":"berserker","name":"Berserker","setPiece":[2,4],"sets":{"goblet":"Berserker's Bone Goblet","plume":"Berserker's Indigo Feather","circlet":"Berserker's Battle Mask","flower":"Berserker's Rose","sands":"Berserker's Timepiece"},"bonuses":["CRIT Rate +12%","When HP is below 70%, CRIT Rate increases by an additional 24%."],"rarity":[3,4]},"instructor":{"id":"instructor","name":"Instructor","setPiece":[2,4],"sets":{"goblet":"Instructor's Tea Cup","plume":"Instructor's Feather Accessory","circlet":"Instructor's Cap","flower":"Instructor's Brooch","sands":"Instructor's Pocket Watch"},"bonuses":["Increases Elemental Mastery by 80.","Upon triggering an Elemental Reaction, increases all party members' Elemental Mastery by 120 for 8s."],"rarity":[3,4]},"the_exile":{"id":"the_exile","name":"The Exile","setPiece":[2,4],"sets":{"goblet":"Exile's Goblet","plume":"Exile's Feather","circlet":"Exile's Circlet","flower":"Exile's Flower","sands":"Exile's Pocket Watch"},"bonuses":["Energy Recharge +20%","Using an Elemental Burst regenerates 2 Energy for all party members (excluding the wearer) every 2s for 6s. This effect cannot stack."],"rarity":[3,4]},"defenders_will":{"id":"defenders_will","name":"Defender's Will","setPiece":[2,4],"sets":{"goblet":"Guardian's Vessel","plume":"Guardian's Sigil","circlet":"Guardian's Band","flower":"Guardian's Flower","sands":"Guardian's Clock"},"bonuses":["DEF +30%","For each different element present in your own party, the wearer's Elemental RES to that corresponding element is increased by 30%."],"rarity":[3,4],"domain":"hidden_palace_of_zhou_formula"},"brave_heart":{"id":"brave_heart","name":"Brave Heart","setPiece":[2,4],"sets":{"goblet":"Outset of the Brave","plume":"Prospect of the Brave","circlet":"Crown of the Brave","flower":"Medal of the Brave","sands":"Fortitude of the Brave"},"bonuses":["ATK +18%.","Increases DMG by 30% against opponents with more than 50% HP."],"rarity":[3,4],"domain":"ridge_watch"},"martial_artist":{"id":"martial_artist","name":"Martial Artist","setPiece":[2,4],"sets":{"goblet":"Martial Artist's Wine Cup","plume":"Martial Artist's Feather Accessory","circlet":"Martial Artist's Bandana","flower":"Martial Artist's Red Flower","sands":"Martial Artist's Water Hourglass"},"bonuses":["Increases Normal Attack and Charged Attack DMG by 15%.","After using Elemental Skill, increases Normal Attack and Charged Attack DMG by 25% for 8s."],"rarity":[3,4],"domain":"ridge_watch"},"gambler":{"id":"gambler","name":"Gambler","setPiece":[2,4],"sets":{"goblet":"Gambler's Dice Cup","plume":"Gambler's Feather Accessory","circlet":"Gambler's Earrings","flower":"Gambler's Brooch","sands":"Gambler's Pocket Watch"},"bonuses":["Increases Elemental Skill DMG by 20%.","Defeating an opponent has a 100% chance to remove Elemental Skill CD. Can only occur once every 15s."],"rarity":[3,4],"domain":"spire_of_solitary_enlightenment"},"scholar":{"id":"scholar","name":"Scholar","setPiece":[2,4],"sets":{"goblet":"Scholar's Ink Cup","plume":"Scholar's Quill Pen","circlet":"Scholar's Lens","flower":"Scholar's Bookmark","sands":"Scholar's Clock"},"bonuses":["Energy Recharge +20%","Gaining Elemental Particles or Orbs gives 3 Energy to all party members who have a bow or a catalyst equipped. Can only occur once every 3s."],"rarity":[3,4],"domain":"clear_pool_and_mountain_cavern"},"prayers_for_illumination":{"id":"prayers_for_illumination","name":"Prayers for Illumination","setPiece":[1],"sets":{"circlet":"Tiara of Flame"},"bonuses":["Affected by Pyro for 40% less time."],"rarity":[3,4]},"prayers_for_destiny":{"id":"prayers_for_destiny","name":"Prayers for Destiny","setPiece":[1],"sets":{"circlet":"Tiara of Torrents"},"bonuses":["Affected by Hydro for 40% less time."],"rarity":[3,4]},"prayers_for_wisdom":{"id":"prayers_for_wisdom","name":"Prayers for Wisdom","setPiece":[1],"sets":{"circlet":"Tiara of Thunder"},"bonuses":["Affected by Electro for 40% less time."],"rarity":[3,4]},"prayers_to_springtime":{"id":"prayers_to_springtime","name":"Prayers to Springtime","setPiece":[1],"sets":{"circlet":"Tiara of Frost"},"bonuses":["Affected by Cryo for 40% less time."],"rarity":[3,4]},"blizzard_strayer":{"id":"blizzard_strayer","name":"Blizzard Strayer","setPiece":[2,4],"sets":{"goblet":"Frost-Weaved Dignity","plume":"Icebreaker's Resolve","circlet":"Broken Rime's Echo","flower":"Snowswept Memory","sands":"Frozen Homeland's Demise"},"bonuses":["Cryo DMG Bonus +15%","When a character attacks an opponent affected by Cryo, their CRIT Rate is increased by 20%. If the opponent is Frozen, CRIT Rate is increased by an additional 20%."],"rarity":[4,5],"domain":"peak_of_vindagnyr"},"thundersoother":{"id":"thundersoother","name":"Thundersoother","setPiece":[2,4],"sets":{"goblet":"Thundersoother's Goblet","plume":"Thundersoother's Plume","circlet":"Thundersoother's Diadem","flower":"Thundersoother's Heart","sands":"Hour of Soothing Thunder"},"bonuses":["Electro RES increased by 40%.","Increases DMG against opponents affected by Electro by 35%."],"rarity":[4,5],"domain":"midsummer_courtyard"},"lavawalker":{"id":"lavawalker","name":"Lavawalker","setPiece":[2,4],"sets":{"goblet":"Lavawalker's Epiphany","plume":"Lavawalker's Salvation","circlet":"Lavawalker's Wisdom","flower":"Lavawalker's Resolution","sands":"Lavawalker's Torment"},"bonuses":["Pyro RES increased by 40%.","Increases DMG against opponents affected by Pyro by 35%."],"rarity":[4,5],"domain":"hidden_palace_of_zhou_formula"},"maiden_beloved":{"id":"maiden_beloved","name":"Maiden Beloved","setPiece":[2,4],"sets":{"goblet":"Maiden's Fleeting Leisure","plume":"Maiden's Heart-Stricken Infatuation","circlet":"Maiden's Fading Beauty","flower":"Maiden's Distant Love","sands":"Maiden's Passing Youth"},"bonuses":["Character Healing Effectiveness +15%","Using an Elemental Skill or Burst increases healing received by all party members by 20% for 10s."],"rarity":[4,5],"domain":"valley_of_remembrance"},"gladiators_finale":{"id":"gladiators_finale","name":"Gladiator's Finale","setPiece":[2,4],"sets":{"goblet":"Gladiator's Intoxication","plume":"Gladiator's Destiny","circlet":"Gladiator's Triumphus","flower":"Gladiator's Nostalgia","sands":"Gladiator's Longing"},"bonuses":["ATK +18%.","If the wielder of this artifact set uses a Sword, Claymore or Polearm, increases their Normal Attack DMG by 35%."],"rarity":[4,5]},"viridescent_venerer":{"id":"viridescent_venerer","name":"Viridescent Venerer","setPiece":[2,4],"sets":{"goblet":"Viridescent Venerer's Vessel","plume":"Viridescent Arrow Feather","circlet":"Viridescent Venerer's Diadem","flower":"In Remembrance of Viridescent Fields","sands":"Viridescent Venerer's Determination"},"bonuses":["Anemo DMG Bonus +15%","Increases Swirl DMG by 60%. Decreases opponent's Elemental RES to the element infused in the Swirl by 40% for 10s."],"rarity":[4,5],"domain":"valley_of_remembrance"},"wanderers_troupe":{"id":"wanderers_troupe","name":"Wanderer's Troupe","setPiece":[2,4],"sets":{"goblet":"Wanderer's String-Kettle","plume":"Bard's Arrow Feather","circlet":"Conductor's Top Hat","flower":"Troupe's Dawnlight","sands":"Concert's Final Hour"},"bonuses":["Increases Elemental Mastery by 80.","Increases Charged Attack DMG by 35% if the character uses a Catalyst or a Bow."],"rarity":[4,5]},"thundering_fury":{"id":"thundering_fury","name":"Thundering Fury","setPiece":[2,4],"sets":{"goblet":"Omen of Thunderstorm","plume":"Survivor of Catastrophe","circlet":"Thunder Summoner's Crown","flower":"Thunderbird's Mercy","sands":"Hourglass of Thunder"},"bonuses":["Electro DMG Bonus +15%","Increases DMG caused by Overloaded, Electro-Charged, Superconduct, and Hyperbloom by 40%, and the DMG Bonus conferred by Aggravate is increased by 20%. When Quicken or the aforementioned Elemental Reactions are triggered, Elemental Skill CD is decreased by 1s. Can only occur once every 0.8s."],"rarity":[4,5],"domain":"midsummer_courtyard"},"crimson_witch_of_flames":{"id":"crimson_witch_of_flames","name":"Crimson Witch of Flames","setPiece":[2,4],"sets":{"goblet":"Witch's Heart Flames","plume":"Witch's Ever-Burning Plume","circlet":"Witch's Scorching Hat","flower":"Witch's Flower of Blaze","sands":"Witch's End Time"},"bonuses":["Pyro DMG Bonus +15%","Increases Overloaded, Burning, and Burgeon DMG by 40%. Increases Vaporize and Melt DMG by 15%. Using Elemental Skill increases the 2-Piece Set Bonus by 50% of its starting value for 10s. Max 3 stacks."],"rarity":[4,5],"domain":"hidden_palace_of_zhou_formula"},"noblesse_oblige":{"id":"noblesse_oblige","name":"Noblesse Oblige","setPiece":[2,4],"sets":{"goblet":"Royal Silver Urn","plume":"Royal Plume","circlet":"Royal Masque","flower":"Royal Flora","sands":"Royal Pocket Watch"},"bonuses":["Elemental Burst DMG +20%","Using an Elemental Burst increases all party members' ATK by 20% for 12s. This effect cannot stack."],"rarity":[4,5],"domain":"clear_pool_and_mountain_cavern"},"bloodstained_chivalry":{"id":"bloodstained_chivalry","name":"Bloodstained Chivalry","setPiece":[2,4],"sets":{"goblet":"Bloodstained Chevalier's Goblet","plume":"Bloodstained Black Plume","circlet":"Bloodstained Iron Mask","flower":"Bloodstained Flower of Iron","sands":"Bloodstained Final Hour"},"bonuses":["Physical DMG +25%","After defeating an opponent, increases Charged Attack DMG by 50%, and reduces its Stamina cost to 0 for 10s."],"rarity":[4,5],"domain":"clear_pool_and_mountain_cavern"},"archaic_petra":{"id":"archaic_petra","name":"Archaic Petra","setPiece":[2,4],"sets":{"goblet":"Goblet of Chiseled Crag","plume":"Feather of Jagged Peaks","circlet":"Mask of Solitude Basalt","flower":"Flower of Creviced Cliff","sands":"Sundial of Enduring Jade"},"bonuses":["Gain a 15% Geo DMG Bonus.","Upon obtaining an Elemental Shard created through a Crystallize Reaction, all party members gain a 35% DMG Bonus for that particular element for 10s. Only one form of Elemental DMG Bonus can be gained in this manner at any one time."],"rarity":[4,5],"domain":"domain_of_guyun"},"retracing_bolide":{"id":"retracing_bolide","name":"Retracing Bolide","setPiece":[2,4],"sets":{"goblet":"Summer Night's Waterballoon","plume":"Summer Night's Finale","circlet":"Summer Night's Mask","flower":"Summer Night's Bloom","sands":"Summer Night's Moment"},"bonuses":["Increases Shield Strength by 35%.","While protected by a shield, gain an additional 40% Normal and Charged Attack DMG."],"rarity":[4,5],"domain":"domain_of_guyun"},"heart_of_depth":{"id":"heart_of_depth","name":"Heart of Depth","setPiece":[2,4],"sets":{"goblet":"Goblet of Thundering Deep","plume":"Gust of Nostalgia","circlet":"Wine-Stained Tricorne","flower":"Gilded Corsage","sands":"Copper Compass"},"bonuses":["Hydro DMG Bonus +15%","After using Elemental Skill, increases Normal Attack and Charged Attack DMG by 30% for 15s."],"rarity":[4,5],"domain":"peak_of_vindagnyr"},"tenacity_of_the_millelith":{"id":"tenacity_of_the_millelith","name":"Tenacity of the Millelith","setPiece":[2,4],"sets":{"goblet":"Noble's Pledging Vessel","plume":"Ceremonial War-Plume","circlet":"General's Ancient Helm","flower":"Flower of Accolades","sands":"Orichalceous Time-Dial"},"bonuses":["HP increased by 20%.","When an Elemental Skill hits an opponent, the ATK of all nearby party members is increased by 20% and their Shield Strength is increased by 30% for 3s. This effect can be triggered once every 0.5s. This effect can still be triggered even when the character who is using this artifact set is not on the field."],"rarity":[4,5],"domain":"ridge_watch"},"pale_flame":{"id":"pale_flame","name":"Pale Flame","setPiece":[2,4],"sets":{"goblet":"Surpassing Cup","plume":"Wise Doctor's Pinion","circlet":"Mocking Mask","flower":"Stainless Bloom","sands":"Moment of Cessation"},"bonuses":["Physical DMG is increased by 25%.","When an Elemental Skill hits an opponent, ATK is increased by 9% for 7s. This effect stacks up to 2 times and can be triggered once every 0.3s. Once 2 stacks are reached, the 2-set effect is increased by 100%."],"rarity":[4,5],"domain":"ridge_watch"},"shimenawas_reminiscence":{"id":"shimenawas_reminiscence","name":"Shimenawa's Reminiscence","setPiece":[2,4],"sets":{"goblet":"Hopeful Heart","plume":"Shaft of Remembrance","circlet":"Capricious Visage","flower":"Entangling Bloom","sands":"Morning Dew's Moment"},"bonuses":["ATK +18%.","When casting an Elemental Skill, if the character has 15 or more Energy, they lose 15 Energy and Normal/Charged/Plunging Attack DMG is increased by 50% for 10s. This effect will not trigger again during that duration."],"rarity":[4,5],"domain":"momiji-dyed_court"},"emblem_of_severed_fate":{"id":"emblem_of_severed_fate","name":"Emblem of Severed Fate","setPiece":[2,4],"sets":{"goblet":"Scarlet Vessel","plume":"Sundered Feather","circlet":"Ornate Kabuto","flower":"Magnificent Tsuba","sands":"Storm Cage"},"bonuses":["Energy Recharge +20%","Increases Elemental Burst DMG by 25% of Energy Recharge. A maximum of 75% bonus DMG can be obtained in this way."],"rarity":[4,5],"domain":"momiji-dyed_court"},"husk_of_opulent_dreams":{"id":"husk_of_opulent_dreams","name":"Husk of Opulent Dreams","setPiece":[2,4],"sets":{"goblet":"Calabash of Awakening","plume":"Plume of Luxury","circlet":"Skeletal Hat","flower":"Bloom Times","sands":"Song of Life"},"bonuses":["DEF +30%","A character equipped with this Artifact set will obtain the Curiosity effect in the following conditions: When on the field, the character gains 1 stack after hitting an opponent with a Geo attack, triggering a maximum of once every 0.3s. When off the field, the character gains 1 stack every 3s. Curiosity can stack up to 4 times, each providing 6% DEF and a 6% Geo DMG Bonus. When 6 seconds pass without gaining a Curiosity stack, 1 stack is lost."],"rarity":[4,5],"domain":"slumbering_court"},"ocean-hued_clam":{"id":"ocean-hued_clam","name":"Ocean-Hued Clam","setPiece":[2,4],"sets":{"goblet":"Pearl Cage","plume":"Deep Palace's Plume","circlet":"Crown of Watatsumi","flower":"Sea-Dyed Blossom","sands":"Cowry of Parting"},"bonuses":["Healing Bonus +15%.","When the character equipping this artifact set heals a character in the party, a Sea-Dyed Foam will appear for 3 seconds, accumulating the amount of HP recovered from healing (including overflow healing). At the end of the duration, the Sea-Dyed Foam will explode, dealing DMG to nearby opponents based on 90% of the accumulated healing. (This DMG is calculated similarly to Reactions such as Electro-Charged, and Superconduct, but is not affected by Elemental Mastery, Character Levels, or Reaction DMG Bonuses). Only one Sea-Dyed Foam can be produced every 3.5 seconds. Each Sea-Dyed Foam can accumulate up to 30,000 HP (including overflow healing). There can be no more than one Sea-Dyed Foam active at any given time. This effect can still be triggered even when the character who is using this artifact set is not on the field."],"rarity":[4,5],"domain":"slumbering_court"},"vermillion_hereafter":{"id":"vermillion_hereafter","name":"Vermillion Hereafter","setPiece":[2,4],"sets":{"goblet":"Moment of the Pact","plume":"Feather of Nascent Light","circlet":"Thundering Poise","flower":"Flowering Life","sands":"Solar Relic"},"bonuses":["ATK +18%.","After using an Elemental Burst, this character will gain the Nascent Light effect, increasing their ATK by 8% for 16s. When the character's HP decreases, their ATK will further increase by 10%. This further increase can occur this way a maximum of 4 times. This effect can be triggered once every 0.8s. Nascent Light will be dispelled when the character leaves the field. If an Elemental Burst is used again during the duration of Nascent Light, the original Nascent Light will be dispelled."],"rarity":[4,5],"domain":"the_lost_valley"},"echoes_of_an_offering":{"id":"echoes_of_an_offering","name":"Echoes of an Offering","setPiece":[2,4],"sets":{"goblet":"Chalice of the Font","plume":"Jade Leaf","circlet":"Flowing Rings","flower":"Soulscent Bloom","sands":"Symbol of Felicitation"},"bonuses":["ATK +18%.","When Normal Attacks hit opponents, there is a 36% chance that it will trigger Valley Rite, which will increase Normal Attack DMG by 70% of ATK. This effect will be dispelled 0.05s after a Normal Attack deals DMG. If a Normal Attack fails to trigger Valley Rite, the odds of it triggering the next time will increase by 20%. This trigger can occur once every 0.2s."],"rarity":[4,5],"domain":"the_lost_valley"},"deepwood_memories":{"id":"deepwood_memories","name":"Deepwood Memories","setPiece":[2,4],"sets":{"goblet":"Lamp of the Lost","plume":"Scholar of Vines","circlet":"Laurel Coronet","flower":"Labyrinth Wayfarer","sands":"A Time of Insight"},"bonuses":["Dendro DMG Bonus +15%.","After Elemental Skills or Bursts hit opponents, the targets' Dendro RES will be decreased by 30% for 8s. This effect can be triggered even if the equipping character is not on the field."],"rarity":[4,5],"domain":"spire_of_solitary_enlightenment"},"gilded_dreams":{"id":"gilded_dreams","name":"Gilded Dreams","setPiece":[2,4],"sets":{"goblet":"Honeyed Final Feast","plume":"Feather of Judgment","circlet":"Shadow of the Sand King","flower":"Dreaming Steelbloom","sands":"The Sunken Years"},"bonuses":["Increases Elemental Mastery by 80.","Within 8s of triggering an Elemental Reaction, the character equipping this will obtain buffs based on the Elemental Type of the other party members. ATK is increased by 14% for each party member whose Elemental Type is the same as the equipping character, and Elemental Mastery is increased by 50 for every party member with a different Elemental Type. Each of the aforementioned buffs will count up to 3 characters. This effect can be triggered once every 8s. The character who equips this can still trigger its effects when not on the field."],"rarity":[4,5],"domain":"spire_of_solitary_enlightenment"},"desert_pavilion_chronicle":{"id":"desert_pavilion_chronicle","name":"Desert Pavilion Chronicle","setPiece":[2,4],"sets":{"goblet":"Defender of the Enchanting Dream","plume":"End of the Golden Realm","circlet":"Legacy of the Desert High-Born","flower":"The First Days of the City of Kings","sands":"Timepiece of the Lost Path"},"bonuses":["Anemo DMG Bonus +15%","When Charged Attacks hit opponents, the equipping character's Normal Attack SPD will increase by 10% while Normal, Charged, and Plunging Attack DMG will increase by 40% for 15s."],"rarity":[4,5],"domain":"city_of_gold"},"flower_of_paradise_lost":{"id":"flower_of_paradise_lost","name":"Flower of Paradise Lost","setPiece":[2,4],"sets":{"goblet":"Secret-Keeper's Magic Bottle","plume":"Wilting Feast","circlet":"Amethyst Crown","flower":"Ay-Khanoum's Myriad","sands":"A Moment Congealed"},"bonuses":["Increases Elemental Mastery by 80.","The equipping character's Bloom, Hyperbloom, and Burgeon reaction DMG are increased by 40%. Additionally, after the equipping character triggers Bloom, Hyperbloom, or Burgeon, they will gain another 25% bonus to the effect mentioned prior. Each stack of this lasts 10s. Max 4 stacks simultaneously. This effect can only be triggered once per second. The character who equips this can still trigger its effects when not on the field."],"rarity":[4,5],"domain":"city_of_gold"}}