{"adventurer":{"id":"adventurer","name":"Aventurero","setPiece":[2,4],"sets":{"goblet":"Cáliz Dorado del Aventurero","plume":"Pluma del Aventurero","circlet":"Bandana del Aventurero","flower":"Flor del Aventurero","sands":"Reloj de Bolsillo del Aventurero"},"bonuses":["Vida Máx. +1000 pts.","Al abrir un cofre, se regenera un 30% de Vida durante 5 s."],"rarity":[1,2,3],"domain":"midsummer_courtyard"},"lucky_dog":{"id":"lucky_dog","name":"Afortunado","setPiece":[2,4],"sets":{"goblet":"Cáliz del Afortunado","plume":"Pluma de Águila del Afortunado","circlet":"Tiara de Plata del Afortunado","flower":"Trébol de Cuatro Hojas del Afortunado","sands":"Reloj de Arena del Afortunado"},"bonuses":["DEF +100.","Recoger Mora restaura 300 pts. de Vida."],"rarity":[1,2,3],"domain":"domain_of_guyun"},"traveling_doctor":{"id":"traveling_doctor","name":"Médica Itinerante","setPiece":[2,4],"sets":{"goblet":"Frasco de Medicinas de la Médica Itinerante","plume":"Pluma del Búho de la Médica Itinerante","circlet":"Pañuelo de la Médica Itinerante","flower":"Loto de Plata de la Médica Itinerante","sands":"Reloj de Bolsillo de la Médica Itinerante"},"bonuses":["Curación recibida +20%.","Al lanzar una Habilidad Definitiva, restaura un 20% de Vida."],"rarity":[1,2,3],"domain":"valley_of_remembrance"},"resolution_of_sojourner":{"id":"resolution_of_sojourner","name":"Corazón del Viajero","setPiece":[2,4],"sets":{"goblet":"Cáliz Extranjero","plume":"Pluma del Retorno","circlet":"Corona del Adiós","flower":"Corazón de la Amistad","sands":"Piedra Atrapaluz"},"bonuses":["ATQ +18%.","La Prob. CRIT de los Ataques Cargados aumenta en un 30%."],"rarity":[3,4],"domain":"midsummer_courtyard"},"tiny_miracle":{"id":"tiny_miracle","name":"Milagro","setPiece":[2,4],"sets":{"goblet":"Cáliz del Milagro","plume":"Pluma del Milagro","circlet":"Aretes del Milagro","flower":"Flor del Milagro","sands":"Reloj de Arena del Milagro"},"bonuses":["+20% en todas las RES Elementales.","El Daño Elemental recibido aumenta la RES Elemental correspondiente en un 30% durante 10 s. Solo puede ocurrir una vez cada 10 s."],"rarity":[3,4],"domain":"valley_of_remembrance"},"berserker":{"id":"berserker","name":"Berserker","setPiece":[2,4],"sets":{"goblet":"Cáliz de Hueso del Berserker","plume":"Pluma del Berserker","circlet":"Máscara de Batalla del Berserker","flower":"Rosa del Berserker","sands":"Reloj del Berserker"},"bonuses":["Prob. CRIT +12%.","Cuando la Vida es inferior al 70%, aumenta la Prob. CRIT en un 24%."],"rarity":[3,4]},"instructor":{"id":"instructor","name":"Instructor","setPiece":[2,4],"sets":{"goblet":"Taza de Té del Instructor","plume":"Pluma del Instructor","circlet":"Gorra del Instructor","flower":"Broche del Instructor","sands":"Reloj de Bolsillo del Instructor"},"bonuses":["Maestría Elemental +80.","Después de activar una Reacción Elemental, aumenta la Maestría Elemental de todos los miembros del equipo en 120 pts. durante 8 s."],"rarity":[3,4]},"the_exile":{"id":"the_exile","name":"Exiliado","setPiece":[2,4],"sets":{"goblet":"Cáliz del Exiliado","plume":"Pluma del Exiliado","circlet":"Diadema del Exiliado","flower":"Flor del Exiliado","sands":"Reloj de Bolsillo del Exiliado"},"bonuses":["Recarga de Energía +20%.","Al usar la Habilidad Definitiva, todos los miembros del equipo (a excepción de tu personaje en uso) recuperan 2 pts. de Energía Elemental cada 2 s durante 6 s. Este efecto no puede acumularse."],"rarity":[3,4]},"defenders_will":{"id":"defenders_will","name":"Corazón del Guardián","setPiece":[2,4],"sets":{"goblet":"Cantimplora del Guardián","plume":"Insignia del Guardián","circlet":"Bandana del Guardián","flower":"Flor del Guardián","sands":"Reloj del Guardián"},"bonuses":["DEF +30%.","Por cada miembro de tu equipo con un tipo elemental distinto, La RES Elemental del personaje que lleve este conjunto aumenta en un 30% contra dicho elemento."],"rarity":[3,4],"domain":"hidden_palace_of_zhou_formula"},"brave_heart":{"id":"brave_heart","name":"Corazón del Guerrero","setPiece":[2,4],"sets":{"goblet":"Gran Despedida del Guerrero","plume":"Esperanza del Guerrero","circlet":"Corona del Guerrero","flower":"Medalla del Guerrero","sands":"Determinación del Guerrero"},"bonuses":["ATQ +18%.","Aumenta el daño en un 30% contra enemigos con más del 50% de Vida."],"rarity":[3,4],"domain":"ridge_watch"},"martial_artist":{"id":"martial_artist","name":"Artista Marcial","setPiece":[2,4],"sets":{"goblet":"Copa de Vino del Artista Marcial","plume":"Pluma del Artista Marcial","circlet":"Bandana del Artista Marcial","flower":"Flor Roja del Artista Marcial","sands":"Reloj de Agua del Artista Marcial"},"bonuses":["Daño de Ataque Normal y Ataque Cargado +15%.","Tras usar la Habilidad Elemental, aumenta el daño de Ataque Normal y Ataque Cargado en un 25% durante 8 s."],"rarity":[3,4],"domain":"ridge_watch"},"gambler":{"id":"gambler","name":"Jugadora","setPiece":[2,4],"sets":{"goblet":"Cubilete de la Jugadora","plume":"Pluma de la Jugadora","circlet":"Aretes de la Jugadora","flower":"Broche de la Jugadora","sands":"Reloj de Bolsillo de la Jugadora"},"bonuses":["Daño de Habilidad Elemental +20%.","Al derrotar a un enemigo, hay una probabilidad del 100% de reiniciar el TdE de la Habilidad Elemental. Puede ocurrir una vez cada 15 s."],"rarity":[3,4],"domain":"spire_of_solitary_enlightenment"},"scholar":{"id":"scholar","name":"Erudita","setPiece":[2,4],"sets":{"goblet":"Tintero de la Erudita","plume":"Pluma de la Erudita","circlet":"Monóculo de la Erudita","flower":"Marcapáginas de la Erudita","sands":"Reloj de la Erudita"},"bonuses":["Recarga de Energía +20%.","Al obtener partículas u orbes elementales, los miembros del equipo que usen arco o catalizador recuperan 3 pts. adicionales de Energía Elemental. Solo puede suceder una vez cada 3 s."],"rarity":[3,4],"domain":"clear_pool_and_mountain_cavern"},"prayers_for_illumination":{"id":"prayers_for_illumination","name":"Ritual de la Iluminación","setPiece":[1],"sets":{"circlet":"Diadema Pírica"},"bonuses":["Los efectos de Pyro causados sobre ti duran un 40% menos."],"rarity":[3,4]},"prayers_for_destiny":{"id":"prayers_for_destiny","name":"Ritual del Destino","setPiece":[1],"sets":{"circlet":"Diadema Torrencial"},"bonuses":["Los efectos de Hydro causados sobre ti duran un 40% menos."],"rarity":[3,4]},"prayers_for_wisdom":{"id":"prayers_for_wisdom","name":"Ritual de la Sabiduría","setPiece":[1],"sets":{"circlet":"Diadema del Trueno"},"bonuses":["Los efectos de Electro causados sobre ti duran un 40% menos."],"rarity":[3,4]},"prayers_to_springtime":{"id":"prayers_to_springtime","name":"Ritual de la Primavera","setPiece":[1],"sets":{"circlet":"Diadema de la Escarcha"},"bonuses":["Los efectos de Cryo causados sobre ti duran un 40% menos."],"rarity":[3,4]},"blizzard_strayer":{"id":"blizzard_strayer","name":"Nómada del Invierno","setPiece":[2,4],"sets":{"goblet":"Orgullo del Invierno","plume":"Obstinación Perforahielos","circlet":"Eco de la Escarcha","flower":"Anhelo de la Ventisca","sands":"Retorno a las Tierras del Hielo"},"bonuses":["Bono de Daño Cryo +15%.","Aumenta en un 20% la Prob. CRIT contra los enemigos afectados por Cryo. Si el enemigo está Congelado, la Prob. CRIT aumentará en un 20% adicional."],"rarity":[4,5],"domain":"peak_of_vindagnyr"},"thundersoother":{"id":"thundersoother","name":"Domador de Truenos","setPiece":[2,4],"sets":{"goblet":"Cáliz del Domador de Truenos","plume":"Pluma del Domador de Truenos","circlet":"Corona del Domador de Truenos","flower":"Corazón del Domador de Truenos","sands":"Tiempo del Domador de Truenos"},"bonuses":["RES Electro +40%","Aumenta el Daño contra los enemigos afectados por Electro un 35%."],"rarity":[4,5],"domain":"midsummer_courtyard"},"lavawalker":{"id":"lavawalker","name":"Virtuoso Corredor de Lava","setPiece":[2,4],"sets":{"goblet":"Despertar del Corredor de Lava","plume":"Liberación del Corredor de Lava","circlet":"Sabiduría del Corredor de Lava","flower":"Determinación del Corredor de Lava","sands":"Tormento del Corredor de Lava"},"bonuses":["RES Pyro +40%.","Aumenta en un 35% el daño contra los enemigos afectados por Pyro."],"rarity":[4,5],"domain":"hidden_palace_of_zhou_formula"},"maiden_beloved":{"id":"maiden_beloved","name":"Doncella Amada","setPiece":[2,4],"sets":{"goblet":"Pasatiempo de la Doncella","plume":"Recuerdos de la Doncella","circlet":"Belleza Desvanecida de la Doncella","flower":"Corazón Distante de la Doncella","sands":"Juventud Pasajera de la Doncella"},"bonuses":["Aumenta en un 15% la curación realizada.","El uso de una Habilidad Elemental o Definitiva aumenta en un 20% la curación recibida de todos los miembros del equipo durante 10 s."],"rarity":[4,5],"domain":"valley_of_remembrance"},"gladiators_finale":{"id":"gladiators_finale","name":"Final del Gladiador","setPiece":[2,4],"sets":{"goblet":"Embriaguez del Gladiador","plume":"Destino del Gladiador","circlet":"Triunfo del Gladiador","flower":"Nostalgia del Gladiador","sands":"Esperanza del Gladiador"},"bonuses":["ATQ +18%.","Aumenta el daño de Ataque Normal en un 35% si el personaje usa una espada ligera, mandoble o lanza."],"rarity":[4,5]},"viridescent_venerer":{"id":"viridescent_venerer","name":"Sombra Verde Esmeralda","setPiece":[2,4],"sets":{"goblet":"Cantimplora de la Cazadora Verde Esmeralda","plume":"Pluma de la Cazadora Verde Esmeralda","circlet":"Sombrero de la Cazadora Verde Esmeralda","flower":"Recuerdo de Flores Silvestres","sands":"Serenidad de la Cazadora Verde Esmeralda"},"bonuses":["Bono de Daño Anemo +15%.","Aumenta el daño de Torbellino en un 60%. Dependiendo del tipo elemental que tenga, disminuye la RES Elemental correspondiente del enemigo en un 40% durante 10 s."],"rarity":[4,5],"domain":"valley_of_remembrance"},"wanderers_troupe":{"id":"wanderers_troupe","name":"Orquesta del Errante","setPiece":[2,4],"sets":{"goblet":"Cantimplora del Errante","plume":"Pluma del Bardo","circlet":"Sombrero del Director","flower":"Luz Matinal de la Orquesta","sands":"Reloj del Acto Final"},"bonuses":["Maestría Elemental +80.","Aumenta el daño de ATQ Cargado en un 35% si el personaje usa catalizador o arco."],"rarity":[4,5]},"thundering_fury":{"id":"thundering_fury","name":"Furia del Trueno","setPiece":[2,4],"sets":{"goblet":"Presagio de la Tormenta","plume":"Superviviente de la Catástrofe","circlet":"Corona del Invocador de Truenos","flower":"Misericordia del Ave del Trueno","sands":"Reloj de Arena del Trueno"},"bonuses":["Bono de Daño Electro +15%.","Aumenta en un 40% el daño infligido por Sobrecarga, Electrocargado, Superconductor y Sobreflorecimiento, y aumenta en un 20% el bono de daño generado por Intensificación. Al causar una de estas reacciones o una reacción de Aceleración, el TdE de la Habilidad Elemental se reduce en 1 s. Solo puede ocurrir una vez cada 0.8 s."],"rarity":[4,5],"domain":"midsummer_courtyard"},"crimson_witch_of_flames":{"id":"crimson_witch_of_flames","name":"Bruja Carmesí en Llamas","setPiece":[2,4],"sets":{"goblet":"Llama del Corazón de la Bruja","plume":"Pluma Ardiente de la Bruja","circlet":"Sombrero Abrasador de la Bruja","flower":"Flor en Llamas de la Bruja","sands":"Fin de los Tiempos de la Bruja"},"bonuses":["Bono de Daño Pyro +15%.","Aumenta el daño causado por Sobrecarga, Quemadura y Crepitar en un 40%, y el de Vaporización y Derretido en un 15%. El uso de una Habilidad Elemental aumenta los efectos del conjunto de 2 piezas en un 50% durante 10 s. Puede acumularse hasta un máximo de 3 veces."],"rarity":[4,5],"domain":"hidden_palace_of_zhou_formula"},"noblesse_oblige":{"id":"noblesse_oblige","name":"Ritual Antiguo de la Nobleza","setPiece":[2,4],"sets":{"goblet":"Urna Plateada Real","plume":"Pluma Real","circlet":"Máscara Real","flower":"Flora Real","sands":"Reloj de Bolsillo Real"},"bonuses":["Daño de Habilidad Definitiva +20%.","Después de lanzar una Habilidad Definitiva, aumenta el ATQ de todos los miembros del equipo en un 20% durante 12 s. Este efecto no puede acumularse."],"rarity":[4,5],"domain":"clear_pool_and_mountain_cavern"},"bloodstained_chivalry":{"id":"bloodstained_chivalry","name":"Caballería Sanguinaria","setPiece":[2,4],"sets":{"goblet":"Cáliz del Caballero Sanguinario","plume":"Pluma Oscura Sanguinaria","circlet":"Máscara de Hierro Sanguinaria","flower":"Corazón de Hierro Sanguinario","sands":"Reloj del Caballero Sanguinario"},"bonuses":["Daño Físico +25%.","Derrotar a un enemigo hace que no consumas Aguante al lanzar un Ataque Cargado, y que el daño de Ataque Cargado aumente en un 50% durante 10 s."],"rarity":[4,5],"domain":"clear_pool_and_mountain_cavern"},"archaic_petra":{"id":"archaic_petra","name":"Petra Arcaica","setPiece":[2,4],"sets":{"goblet":"Cáliz del Escultor de Montañas","plume":"Pluma de la Cordillera Escarpada","circlet":"Máscara de Basalto Inerte","flower":"Flor del Acantilado Agrietado","sands":"Reloj de Sol de Jade Sempiterno"},"bonuses":["Bono de Daño Geo +15%.","Al obtener un cristal creado a través de la reacción de Cristalización, todos los miembros del equipo obtienen durante 10 s un 35% de Bono de Daño Elemental del elemento que causó dicha reacción. Solo se puede obtener un tipo de Bono de Daño Elemental a la vez."],"rarity":[4,5],"domain":"domain_of_guyun"},"retracing_bolide":{"id":"retracing_bolide","name":"Retroceso del Meteorito","setPiece":[2,4],"sets":{"goblet":"Globo de Agua de la Noche de Verano","plume":"Gran Final de la Noche de Verano","circlet":"Máscara de la Noche de Verano","flower":"Flor de la Noche de Verano","sands":"Reloj de la Noche de Verano"},"bonuses":["Protección de Escudo +35%.","Los Ataque Normales y Cargados obtienen un 40% de daño adicional mientras estés bajo la protección de un escudo."],"rarity":[4,5],"domain":"domain_of_guyun"},"heart_of_depth":{"id":"heart_of_depth","name":"Corazón de las Profundidades","setPiece":[2,4],"sets":{"goblet":"Cáliz de las Profundidades","plume":"Brisa de los Recuerdos","circlet":"Gorro de Capitán Manchado de Vino","flower":"Broche Dorado","sands":"Brújula de Cobre Resistente"},"bonuses":["Bono de Daño Hydro +15%.","Tras usar la Habilidad Elemental, aumenta el daño de Ataque Normal y Ataque Cargado en un 30% durante 15 s."],"rarity":[4,5],"domain":"peak_of_vindagnyr"},"tenacity_of_the_millelith":{"id":"tenacity_of_the_millelith","name":"Tenacidad de la Geoarmada","setPiece":[2,4],"sets":{"goblet":"Copa del Juramento","plume":"Pluma de Guerra Ceremonial","circlet":"Yelmo Vetusto del General","flower":"Flor del Honor","sands":"Reloj de Sol de Oricalco"},"bonuses":["Vida +20%.","Cuando una Habilidad Elemental golpea a un enemigo, el ATQ de todos los personajes del equipo cercanos aumenta en un 20% y su Protección de Escudo aumenta en un 30% durante 3 s. Este efecto puede tener lugar cada 0.5 s y se activa incluso cuando el personaje que lleva equipado este conjunto de artefactos está en tu equipo pero no en combate."],"rarity":[4,5],"domain":"ridge_watch"},"pale_flame":{"id":"pale_flame","name":"Llamas Albinas","setPiece":[2,4],"sets":{"goblet":"Cáliz de la Trascendencia","plume":"Pluma del Doctor Sabio","circlet":"Máscara de la Burla","flower":"Flor Inmaculada","sands":"Momento de Cese"},"bonuses":["Daño Físico +25%.","Al atacar a un enemigo con una Habilidad Elemental, el ATQ aumenta en un 9% durante 7 s. Este efecto puede acumularse hasta 2 veces y activarse cada 0.3 s. Al alcanzar 2 acumulaciones, el efecto de dos piezas del conjunto aumenta en un 100%."],"rarity":[4,5],"domain":"ridge_watch"},"shimenawas_reminiscence":{"id":"shimenawas_reminiscence","name":"Reminiscencia de la Purificación","setPiece":[2,4],"sets":{"goblet":"Corazón de la Esperanza","plume":"Flecha de la Nostalgia","circlet":"Máscara de la Mutabilidad","flower":"Flor del Entrelazamiento","sands":"Reloj de la Transitoriedad"},"bonuses":["ATQ +18%.","Si el personaje tiene 15 pts. de Energía Elemental o más, perderá 15 pts. al realizar una Habilidad Elemental y el daño infligido con los Ataques Normales, Cargados y Descendentes aumentará en un 50% durante 10 s. Este efecto no puede activarse más de una vez simultáneamente."],"rarity":[4,5],"domain":"momiji-dyed_court"},"emblem_of_severed_fate":{"id":"emblem_of_severed_fate","name":"Emblema del Destino","setPiece":[2,4],"sets":{"goblet":"Cáliz Escarlata","plume":"Pluma de la Laceración","circlet":"Casco Ornamentado","flower":"Guardamano del Honor","sands":"Inrou de la Tempestad"},"bonuses":["Recarga de Energía +20%.","Aumenta el daño infligido con la Habilidad Definitiva en una cantidad equivalente al 25% de la Recarga de Energía. Se puede obtener un aumento del 75% como máximo."],"rarity":[4,5],"domain":"momiji-dyed_court"},"husk_of_opulent_dreams":{"id":"husk_of_opulent_dreams","name":"Cáscara de Sueños Opulentos","setPiece":[2,4],"sets":{"goblet":"Calabaza del Despertar","plume":"Pluma de la Opulencia","circlet":"Sombrero del Trotamundos","flower":"Era del Esplendor","sands":"Canto de la Vida"},"bonuses":["DEF +30%.","El personaje que equipe este conjunto de artefactos obtendrá el efecto de “curiosidad” en las siguientes circunstancias: al golpear a un enemigo con un ataque Geo, obtiene una carga, lo cual solo puede ocurrir una vez cada 0.3 s; mientras está en tu equipo pero no en combate, obtiene una carga cada 3 s. Este efecto puede acumularse hasta 4 veces, y cada carga aumenta en un 6% la DEF y otorga un 6% de Bono de Daño Geo. Si el personaje no obtiene una carga de curiosidad en 6 s, perderá una acumulación."],"rarity":[4,5],"domain":"slumbering_court"},"ocean-hued_clam":{"id":"ocean-hued_clam","name":"Perla Oceánica","setPiece":[2,4],"sets":{"goblet":"Jaula de Perlas","plume":"Pluma del Palacio de las Profundidades","circlet":"Corona de Watatsumi","flower":"Flor Marina","sands":"Cauri de la Despedida"},"bonuses":["Bono de Curación +15%.","Cuando el personaje que equipa este conjunto de artefactos cura a otro, crea el efecto de “burbuja marina” durante 3 s, el cual registra la cantidad de Vida regenerada (incluida la regenerada por encima del 100%). Tras ello, la burbuja marina estalla e inflige contra los enemigos cercanos un daño basado en el 90% de la cantidad regenerada. Este daño se calcula de manera similar al de las reacciones de Electrocargado, Superconductor, etc., pero no varía en función de la Maestría Elemental, el nivel del personaje o el bono de daño de las reacciones. Solo se puede crear una burbuja marina cada 3.5 s, la cual solo puede registrar un máximo de 30 000 pts. de Vida regenerada, incluyendo la regenerada por encima del 100%. Además, solo puede existir una burbuja marina en tu equipo al mismo tiempo. Cuando el personaje que equipa este conjunto de artefactos está en el equipo pero no en combate, también podrá activar este efecto."],"rarity":[4,5],"domain":"slumbering_court"},"vermillion_hereafter":{"id":"vermillion_hereafter","name":"Deceso del Cinabrio","setPiece":[2,4],"sets":{"goblet":"Grabación del Contrato","plume":"Pluma del Resplandor","circlet":"Máscara Atronadora","flower":"Flor de la Vitalidad","sands":"Reliquia Solar"},"bonuses":["ATQ +18%.","#Al usar la Habilidad Definitiva, obtienes el efecto de “destello emergente” durante 16{NON_BREAK_SPACE}s, el cual aumenta el ATQ en un 8% y, además, hace que cada vez que el personaje pierda Vida, su ATQ aumente en un 10% adicional. Este efecto solo puede aumentar el ATQ un máximo de 4 veces de esta manera y activarse una vez cada 0.8 s. Los efectos de destello emergente se disiparán si el personaje es retirado de combate. Si el personaje vuelve a usar la Habilidad Definitiva mientras dicho efecto está activo, el destello emergente original también se disipará."],"rarity":[4,5],"domain":"the_lost_valley"},"echoes_of_an_offering":{"id":"echoes_of_an_offering","name":"Eco del Sacrificio","setPiece":[2,4],"sets":{"goblet":"Taza de la Fuente","plume":"Hoja de Jade","circlet":"Aretes Torrenciales","flower":"Flor Aromaespíritu","sands":"Símbolo Ceremonial"},"bonuses":["ATQ +18%.","#Al golpear a un enemigo con un Ataque Normal, hay una probabilidad del 36% de activar el efecto de “ritual del valle”, el cual aumenta el daño de Ataque Normal en una cantidad equivalente al 70% del ATQ. Este efecto se anula 0.05 s después de infligir daño con un Ataque Normal. Si dicho ataque no activa ritual del valle, la probabilidad de activarlo con el siguiente golpe de Ataque Normal aumenta en un 20%. Esta activación solo puede ocurrir una vez cada 0.2{NON_BREAK_SPACE}s."],"rarity":[4,5],"domain":"the_lost_valley"},"deepwood_memories":{"id":"deepwood_memories","name":"Recuerdos del Bosque","setPiece":[2,4],"sets":{"goblet":"Lámpara del Exilio","plume":"Sabio de la Espesura","circlet":"Corona Láurea","flower":"Visitante del Laberinto","sands":"Fenecimiento de la Sabiduría"},"bonuses":["Bono de Daño Dendro +15%.","Tras golpear a un enemigo con una Habilidad Elemental o Definitiva, la RES Dendro de dicho enemigo se reduce en un 30% durante 8 s. Este efecto se puede activar incluso cuando el personaje que lleva este conjunto equipado está en tu equipo pero no en combate."],"rarity":[4,5],"domain":"spire_of_solitary_enlightenment"},"gilded_dreams":{"id":"gilded_dreams","name":"Sueños Áureos","setPiece":[2,4],"sets":{"goblet":"Festín Final","plume":"Pluma del Juzgamiento","circlet":"Reminiscencia del Rey del Desierto","flower":"Flor de Metal Onírica","sands":"Tiempos Dorados"},"bonuses":["Maestría Elemental +80 pts.","Tras causar una Reacción Elemental, el personaje que lleve equipado este conjunto obtiene durante 8 s los siguientes fortalecimientos en función de los tipos elementales de los miembros del equipo: por cada personaje del mismo tipo elemental que el portador de este conjunto, el ATQ aumenta en un 14%; por cada personaje de tipo elemental distinto al portador de este conjunto, la Maestría Elemental aumenta en 50 pts. Cada uno de estos efectos se calcula para un máximo de 3 personajes. Este efecto solo se puede activar una vez cada 8 s, y se activará incluso cuando el personaje que lleva este conjunto equipado esté en tu equipo pero no en combate."],"rarity":[4,5],"domain":"spire_of_solitary_enlightenment"},"desert_pavilion_chronicle":{"id":"desert_pavilion_chronicle","name":"Épica del Pabellón del Desierto","setPiece":[2,4],"sets":{"goblet":"Salvaguardia del Sueño Embriagador","plume":"Fin de los Reinos Dorados","circlet":"Legado del Heredero del Desierto","flower":"Inicios de la Capital de los Reyes","sands":"Reloj del Extravío"},"bonuses":["Bono de Daño Anemo +15%.","#Tras golpear a un enemigo con un Ataque Cargado, la Vel. de Ataque Normal del personaje aumenta en un 10%, y el daño de Ataque Normal, Cargado y Descendente aumenta en un 40% durante 15{NON_BREAK_SPACE}s."],"rarity":[4,5],"domain":"city_of_gold"},"flower_of_paradise_lost":{"id":"flower_of_paradise_lost","name":"Flor Olvidada del Paraíso","setPiece":[2,4],"sets":{"goblet":"Frasco Mágico de la Confidencia","plume":"Festín del Marchitamiento","circlet":"Corona de Amatista","flower":"Esplendor de la Dama Luna","sands":"Tiempo Estancado"},"bonuses":["Maestría Elemental +80 pts.","#Aumenta en un 40% el daño que inflige el portador de este conjunto con las reacciones de Florecimiento, Sobreflorecimiento y Crepitar. Además, cuando el portador de este conjunto causa alguna de estas reacciones, el bono anterior aumenta en un 25%. Este efecto dura 10{NON_BREAK_SPACE}s, puede acumularse hasta 4 veces y ocurrir una vez por segundo. Puede activarse incluso cuando el portador del conjunto está en tu equipo pero no en combate."],"rarity":[4,5],"domain":"city_of_gold"}}