{"adventurer":{"id":"adventurer","name":"Aventurier","setPiece":[2,4],"sets":{"goblet":"Coupe en or de l'Aventurier","plume":"Plume de queue de l'Aventurier","circlet":"Bandeau de l'Aventurier","flower":"Fleur de l'Aventurier","sands":"Montre de poche de l'Aventurier"},"bonuses":["Augmente les PV max de 1 000 pts.","Restaure 30 % des PV pendant 5 s après l'ouverture d'un coffre."],"rarity":[1,2,3],"domain":"midsummer_courtyard"},"lucky_dog":{"id":"lucky_dog","name":"Chanceux","setPiece":[2,4],"sets":{"goblet":"Coupe du Chanceux","plume":"Plume d'aigle du Chanceux","circlet":"Diadème d'argent du Chanceux","flower":"Trèfle du Chanceux","sands":"Sablier du Chanceux"},"bonuses":["Augmente la DÉF de 100 pts.","Collecter des moras restaure 300 PV."],"rarity":[1,2,3],"domain":"domain_of_guyun"},"traveling_doctor":{"id":"traveling_doctor","name":"Médecin itinérant","setPiece":[2,4],"sets":{"goblet":"Pot à remèdes du Médecin itinérant","plume":"Plume de hibou du Médecin itinérant","circlet":"Mouchoir du Médecin itinérant","flower":"Anémone du Médecin itinérant","sands":"Montre de poche du Médecin itinérant"},"bonuses":["Augmente les soins reçus par le personnage de 20 %.","Le déchaînement élémentaire restaure 20 % des PV."],"rarity":[1,2,3],"domain":"valley_of_remembrance"},"resolution_of_sojourner":{"id":"resolution_of_sojourner","name":"Cœur du Voyageur","setPiece":[2,4],"sets":{"goblet":"Calice du Voyageur","plume":"Plume du Voyageur","circlet":"Couronne du Voyageur","flower":"Fleur du Voyageur","sands":"Montre du Voyageur"},"bonuses":["Augmente l'ATQ de 18 %.","Augmente le taux CRIT des attaques chargées de 30 %."],"rarity":[3,4],"domain":"midsummer_courtyard"},"tiny_miracle":{"id":"tiny_miracle","name":"Miracle","setPiece":[2,4],"sets":{"goblet":"Coupe du Miracle","plume":"Plume du Miracle","circlet":"Boucles d'oreilles du Miracle","flower":"Fleur du Miracle","sands":"Sablier du Miracle"},"bonuses":["Augmente toutes les RÉS élémentaires de 20 %.","Les DGT élémentaires subis augmentent la RÉS à l'élément correspondant de 30 % pendant 10 s. Cet effet peut être déclenché une fois toutes les 10 s."],"rarity":[3,4],"domain":"valley_of_remembrance"},"berserker":{"id":"berserker","name":"Berserker","setPiece":[2,4],"sets":{"goblet":"Coupe du Berserker","plume":"Plume du Berserker","circlet":"Masque du Berserker","flower":"Rose du Berserker","sands":"Sablier du Berserker"},"bonuses":["Augmente le taux CRIT de 12 %.","Augmente le taux CRIT de 24 % lorsque les PV sont inférieurs à 70 %."],"rarity":[3,4]},"instructor":{"id":"instructor","name":"Instructeur","setPiece":[2,4],"sets":{"goblet":"Tasse à thé de l'Instructeur","plume":"Plume de l'Instructeur","circlet":"Chapeau de l'Instructeur","flower":"Broche de l'Instructeur","sands":"Montre de poche de l'Instructeur"},"bonuses":["Augmente la maîtrise élémentaire de 80 pts.","Augmente la maîtrise élémentaire de toute l'équipe de 120 pts pendant 8 s après avoir déclenché une réaction élémentaire."],"rarity":[3,4]},"the_exile":{"id":"the_exile","name":"Exilé","setPiece":[2,4],"sets":{"goblet":"Coupe de l'Exilé","plume":"Plume de l'Exilé","circlet":"Diadème de l'Exilé","flower":"Fleur de l'Exilé","sands":"Montre de poche de l'Exilé"},"bonuses":["Augmente la recharge d'énergie de 20 %.","Le déchaînement élémentaire restaure 2 pts d'énergie élémentaire à tous les personnages de l'équipe (à l'exception du porteur) toutes les 2 s pendant 6 s. Cet effet est non cumulable."],"rarity":[3,4]},"defenders_will":{"id":"defenders_will","name":"Cœur du Gardien","setPiece":[2,4],"sets":{"goblet":"Coupe du Gardien","plume":"Plume du Gardien","circlet":"Bandeau du Gardien","flower":"Fleur du Gardien","sands":"Horloge du Gardien"},"bonuses":["Augmente la DÉF de 30 %.","Pour chaque personnage de l'équipe ayant un élément de type différent du personnage équipé, la RÉS élémentaire correspondante est augmentée de 30 %."],"rarity":[3,4],"domain":"hidden_palace_of_zhou_formula"},"brave_heart":{"id":"brave_heart","name":"Cœur du Brave","setPiece":[2,4],"sets":{"goblet":"Dignité du Brave","plume":"Espoir du Brave","circlet":"Couronne du Brave","flower":"Emblème du Brave","sands":"Persévérance du Brave"},"bonuses":["Augmente l'ATQ de 18 %.","Augmente les DGT infligés aux ennemis dont les PV sont supérieurs à 50 % de 30 %."],"rarity":[3,4],"domain":"ridge_watch"},"martial_artist":{"id":"martial_artist","name":"Artiste martial","setPiece":[2,4],"sets":{"goblet":"Coupe de l'Artiste martial","plume":"Plume de l'Artiste martial","circlet":"Bandeau de l'Artiste martial","flower":"Fleur écarlate de l'Artiste martial","sands":"Sablier d'eau de l'Artiste martial"},"bonuses":["Augmente les DGT infligés par les attaques normales et chargées de 15 %.","Augmente les DGT infligés par les attaques normales et chargées de 25 % pendant 8 s après l'utilisation d'une compétence élémentaire."],"rarity":[3,4],"domain":"ridge_watch"},"gambler":{"id":"gambler","name":"Parieur","setPiece":[2,4],"sets":{"goblet":"Coupe à dés du Parieur","plume":"Plume du Parieur","circlet":"Boucles d'oreilles du Parieur","flower":"Broche du Parieur","sands":"Montre de poche du Parieur"},"bonuses":["Augmente les DGT infligés par la compétence élémentaire de 20 %.","Après la défaite d'un ennemi, le TdR de compétence élémentaire a 100 % de chances d'être réinitialisé. Cet effet peut être déclenché une fois toutes les 15 s."],"rarity":[3,4],"domain":"spire_of_solitary_enlightenment"},"scholar":{"id":"scholar","name":"Érudit","setPiece":[2,4],"sets":{"goblet":"Coupe de l'Érudit","plume":"Plume de l'Érudit","circlet":"Lunettes de l'Érudit","flower":"Marque-page de l'Érudit","sands":"Horloge de l'Érudit"},"bonuses":["Augmente la recharge d'énergie de 20 %.","Les personnages maniant l'arc et le catalyseur récupèrent 3 pts d'énergie supplémentaire à chaque fois qu'une particule ou un orbe élémentaires sont récupérés. Cet effet peut être déclenché une fois toutes les 3 s."],"rarity":[3,4],"domain":"clear_pool_and_mountain_cavern"},"prayers_for_illumination":{"id":"prayers_for_illumination","name":"Sacrifieur Pyro","setPiece":[1],"sets":{"circlet":"Couronne rituelle Pyro"},"bonuses":["Réduit la durée des effets Pyro subis de 40 %."],"rarity":[3,4]},"prayers_for_destiny":{"id":"prayers_for_destiny","name":"Sacrifieur Hydro","setPiece":[1],"sets":{"circlet":"Couronne rituelle Hydro"},"bonuses":["Réduit la durée des effets Hydro subis de 40 %."],"rarity":[3,4]},"prayers_for_wisdom":{"id":"prayers_for_wisdom","name":"Sacrifieur Électro","setPiece":[1],"sets":{"circlet":"Couronne rituelle Électro"},"bonuses":["Réduit la durée des effets Électro subis de 40 %."],"rarity":[3,4]},"prayers_to_springtime":{"id":"prayers_to_springtime","name":"Sacrifieur Cryo","setPiece":[1],"sets":{"circlet":"Couronne rituelle Cryo"},"bonuses":["Réduit la durée des effets Cryo subis de 40 %."],"rarity":[3,4]},"blizzard_strayer":{"id":"blizzard_strayer","name":"Briseur de glace","setPiece":[2,4],"sets":{"goblet":"Fierté du Tisseur de givre","plume":"Résolution du Briseur de glace","circlet":"Écho de l'hiver","flower":"Mémoires du froid","sands":"Fin du pays des glaces"},"bonuses":["Confère un bonus de DGT Cryo de 15 %.","Augmente le taux CRIT de 20 % lorsque le personnage attaque un ennemi affecté par l'élément Cryo. Confère un bonus supplémentaire de 20 % de taux CRIT si l'ennemi est gelé."],"rarity":[4,5],"domain":"peak_of_vindagnyr"},"thundersoother":{"id":"thundersoother","name":"Dompteur de foudre","setPiece":[2,4],"sets":{"goblet":"Calice du Dompteur de foudre","plume":"Plume du Dompteur de foudre","circlet":"Couronne du Dompteur de foudre","flower":"Cœur du Dompteur de foudre","sands":"Temps du Dompteur de foudre"},"bonuses":["Augmente la RÉS Électro de 40 %.","Augmente les DGT infligés aux ennemis affectés par l'élément Électro de 35 %."],"rarity":[4,5],"domain":"midsummer_courtyard"},"lavawalker":{"id":"lavawalker","name":"Marcheur du feu","setPiece":[2,4],"sets":{"goblet":"Éveil du Marcheur du feu","plume":"Insouciance du Marcheur du feu","circlet":"Sagesse du Marcheur du feu","flower":"Détermination du Marcheur du feu","sands":"Tourment du Marcheur du feu"},"bonuses":["Augmente la RÉS Pyro de 40 %.","Augmente les DGT infligés aux ennemis affectés par l'élément Pyro de 35 %."],"rarity":[4,5],"domain":"hidden_palace_of_zhou_formula"},"maiden_beloved":{"id":"maiden_beloved","name":"Amour chéri","setPiece":[2,4],"sets":{"goblet":"Loisir de la Demoiselle","plume":"Pensée de la Demoiselle","circlet":"Beauté fugace de la Demoiselle","flower":"Cœur lointain de la Demoiselle","sands":"Petit matin de la Demoiselle"},"bonuses":["Augmente les soins effectués par le personnage de 15 %.","Augmente les soins reçus par toute l'équipe de 20 % pendant 10 s après l'utilisation d'une compétence élémentaire ou d'un déchaînement élémentaire."],"rarity":[4,5],"domain":"valley_of_remembrance"},"gladiators_finale":{"id":"gladiators_finale","name":"Rideau du Gladiateur","setPiece":[2,4],"sets":{"goblet":"Ivresse du Gladiateur","plume":"Destination du Gladiateur","circlet":"Triomphe du Gladiateur","flower":"Nostalgie du Gladiateur","sands":"Espoir du Gladiateur"},"bonuses":["Augmente l'ATQ de 18 %.","Augmente les DGT infligés par les attaques normales de 35 % lorsque ce set d'artéfacts est équipé par les personnages maniant une épée à une ou deux mains ou une arme d'hast."],"rarity":[4,5]},"viridescent_venerer":{"id":"viridescent_venerer","name":"Ombre de la Verte Chasseuse","setPiece":[2,4],"sets":{"goblet":"Récipient de la Verte Chasseuse","plume":"Plume de flèche de la Verte Chasseuse","circlet":"Diadème de la Verte Chasseuse","flower":"Souvenir de fleur des champs","sands":"Détermination de la Verte Chasseuse"},"bonuses":["Confère un bonus de DGT Anémo de 15 %.","Augmente les DGT infligés par Dispersion de 60 % ; la RÉS élémentaire des ennemis est réduite de 40 % pendant 10 s selon le type élémentaire de Dispersion."],"rarity":[4,5],"domain":"valley_of_remembrance"},"wanderers_troupe":{"id":"wanderers_troupe","name":"Bande vagabonde","setPiece":[2,4],"sets":{"goblet":"Gourde à cordes du ménestrel","plume":"Plume de flèche du lyriste","circlet":"Haut-de-forme du chef d'orchestre","flower":"Aube de l'orchestre","sands":"Tombée du rideau"},"bonuses":["Augmente la maîtrise élémentaire de 80 pts.","Augmente les DGT infligés par les attaques chargées de 35 % lorsque ce set d'artéfacts est équipé par les personnages maniant un arc ou un catalyseur."],"rarity":[4,5]},"thundering_fury":{"id":"thundering_fury","name":"Colère de tonnerre","setPiece":[2,4],"sets":{"goblet":"Présage de tombée du tonnerre","plume":"Survivant de la catastrophe","circlet":"Diadème de l'Invocateur de tonnerre","flower":"Compassion de l'Oiselle du tonnerre","sands":"Sablier de tonnerre"},"bonuses":["Confère un bonus de DGT Électro de 15 %.","Augmente les DGT infligés par Surcharge, Électrocution, Supraconduction et Exubérance de 40 % et le bonus de DGT accordée par Suractivation de 20 %. Au déclenchement de ces réactions élémentaires ou d'une réaction de Stimulation, le TdR de la compétence élémentaire est réduit de 1 s. Cet effet peut être déclenché une fois toutes les 0,8 s."],"rarity":[4,5],"domain":"midsummer_courtyard"},"crimson_witch_of_flames":{"id":"crimson_witch_of_flames","name":"Sorcière des flammes ardentes","setPiece":[2,4],"sets":{"goblet":"Feu du cœur de la Sorcière","plume":"Plume enflammée éternelle de la Sorcière","circlet":"Chapeau brûlé de la Sorcière","flower":"Fleur ardente de la Sorcière","sands":"Temps évanoui de la Sorcière"},"bonuses":["Confère un bonus de DGT Pyro de 15 %.","Augmente les DGT infligés par Surcharge, Brûlure et Bourgeonnement de 40 % et ceux d'Évaporation et de Fonte de 15 %. L'utilisation d'une compétence élémentaire augmente pendant 10 s l'effet du set de 2 pièces de 50 %. Cet effet peut être cumulé 3 fois maximum."],"rarity":[4,5],"domain":"hidden_palace_of_zhou_formula"},"noblesse_oblige":{"id":"noblesse_oblige","name":"Ancien rituel royal","setPiece":[2,4],"sets":{"goblet":"Urne d'argent du Noble","plume":"Plume du Noble","circlet":"Masque du Noble","flower":"Fleur du Noble","sands":"Montre de poche du Noble"},"bonuses":["Augmente les DGT infligés par le déchaînement élémentaire de 20 %.","Augmente l'ATQ de tous les personnages de l'équipe de 20 % pendant 12 s après un déchaînement élémentaire. Cet effet est non cumulable."],"rarity":[4,5],"domain":"clear_pool_and_mountain_cavern"},"bloodstained_chivalry":{"id":"bloodstained_chivalry","name":"Chevalerie ensanglantée","setPiece":[2,4],"sets":{"goblet":"Coupe du chevalier ensanglantée","plume":"Plume noire ensanglantée","circlet":"Masque de fer ensanglanté","flower":"Fleur de fer ensanglantée","sands":"Sablier du Chevalier ensanglanté"},"bonuses":["Augmente les DGT physiques de 25 %.","L'utilisation d'attaques chargées ne consomme pas l'endurance pendant 10 s après la défaite d'un ennemi, et ces dernières infligent 50 % de DGT supplémentaires."],"rarity":[4,5],"domain":"clear_pool_and_mountain_cavern"},"archaic_petra":{"id":"archaic_petra","name":"Roche ancienne","setPiece":[2,4],"sets":{"goblet":"Coupe en roche escarpée","plume":"Plume des sommets escarpés","circlet":"Masque en basalte inerte","flower":"Fleur des crevasses","sands":"Cadran du jade immuable"},"bonuses":["Confère un bonus de DGT Géo de 15 %","Lorsque vous obtenez un cristal issu d'une Cristallisation, tous les personnages de l'équipe bénéficient d'un bonus de DGT du second élément de la réaction de 35 % pendant 10 s. Cet effet ne peut s'appliquer qu'à un seul élément à la fois."],"rarity":[4,5],"domain":"domain_of_guyun"},"retracing_bolide":{"id":"retracing_bolide","name":"Météore inversé","setPiece":[2,4],"sets":{"goblet":"Ballon d'eau de la nuit d'été","plume":"Fin de la nuit d'été","circlet":"Masque de la nuit d'été","flower":"Fleur de la nuit d'été","sands":"Temps de la nuit d'été"},"bonuses":["Augmente la force du bouclier de 35 %.","Les attaques normales et chargées infligent un bonus de 40 % de DGT lorsque le personnage est sous la protection d'un bouclier."],"rarity":[4,5],"domain":"domain_of_guyun"},"heart_of_depth":{"id":"heart_of_depth","name":"Âme des profondeurs","setPiece":[2,4],"sets":{"goblet":"Calice des profondeurs","plume":"Brise nostalgique","circlet":"Calot taché de vin","flower":"Broche plaquée","sands":"Boussole en bronze"},"bonuses":["Confère un bonus de DGT Hydro de 15 %.","Augmente les DGT infligés par les attaques normales et chargées de 30 % pendant 15 s après l'utilisation d'une compétence élémentaire."],"rarity":[4,5],"domain":"peak_of_vindagnyr"},"tenacity_of_the_millelith":{"id":"tenacity_of_the_millelith","name":"Ténacité du Millelithe","setPiece":[2,4],"sets":{"goblet":"Coupe du serment","plume":"Plume de guerre du Commandant","circlet":"Ancien heaume de Général","flower":"Fleur honorifique","sands":"Cadran solaire doré"},"bonuses":["Les PV sont augmentés de 20 %.","Lorsqu'une compétence élémentaire a touché un ennemi, l'ATQ de tous les personnages de l'équipe à proximité augmente de 20 % et la force de leur bouclier augmente de 30 % pendant 3 s. Cet effet peut être déclenché une fois toutes les 0,5 s, même si le personnage équipé de ce set d'artéfacts fait partie de l'équipe mais n'est pas déployé."],"rarity":[4,5],"domain":"ridge_watch"},"pale_flame":{"id":"pale_flame","name":"Flamme blême","setPiece":[2,4],"sets":{"goblet":"Coupe de transcendance","plume":"Plume du sage docteur","circlet":"Masque ricanant","flower":"Fleur inaltérable","sands":"Figé dans le temps"},"bonuses":["Augmente les DGT physiques de 25 %.","Lorsqu'une compétence élémentaire a touché un ennemi, l'ATQ augmente de 9 % pendant 7 s. Cet effet peut être cumulé 2 fois maximum et déclenché une fois toutes les 0,3 s. Une fois 2 cumuls atteints, l'effet du set de 2 pièces augmente de 100 %."],"rarity":[4,5],"domain":"ridge_watch"},"shimenawas_reminiscence":{"id":"shimenawas_reminiscence","name":"Réminiscence nostalgique","setPiece":[2,4],"sets":{"goblet":"Cœur plein d'espoir","plume":"Flèche de nostalgie","circlet":"Visage capricieux","flower":"Fleur d'enchevêtrement","sands":"Horloge de l'aube"},"bonuses":["Augmente l'ATQ de 18 %.","Lorsque le personnage possède au minimum 15 pts d'énergie élémentaire, libérer une compétence élémentaire entraîne une perte de 15 pts d'énergie, mais les DGT infligés par son attaque normale, chargée et plongeante augmentent de 50 % pendant 10 s. Cet effet ne se déclenchera plus pendant cette durée."],"rarity":[4,5],"domain":"momiji-dyed_court"},"emblem_of_severed_fate":{"id":"emblem_of_severed_fate","name":"Emblème du destin brisé","setPiece":[2,4],"sets":{"goblet":"Gourde pourpre","plume":"Plume brisée","circlet":"Kabuto orné","flower":"Tsuba magnifique","sands":"Inro de la tempête"},"bonuses":["Augmente la recharge d'énergie de 20 %.","Augmente les DGT infligés par le déchaînement élémentaire d'une valeur équivalant à 25 % de la recharge d'énergie. Les DGT peuvent être augmentés d'un maximum de 75 % de cette manière."],"rarity":[4,5],"domain":"momiji-dyed_court"},"husk_of_opulent_dreams":{"id":"husk_of_opulent_dreams","name":"Coquille des rêves opulents","setPiece":[2,4],"sets":{"goblet":"Calebasse d'éveil","plume":"Plume d'opulence","circlet":"Chapeau squelettique","flower":"Période de floraison","sands":"Chant de vie"},"bonuses":["Augmente la DÉF de 30 %.","Un personnage équipé de ce set d'artéfacts obtiendra 1 cumul de Curiosité des façons suivantes : sur le champ de bataille, il obtient 1 cumul en touchant un ennemi avec une attaque Géo, ceci pouvant être déclenché une fois toutes les 0,3 s ; en faisant partie de l'équipe mais en n'étant pas déployé, il obtient 1 cumul toutes les 3 s. La Curiosité peut être cumulée 4 fois maximum, chaque cumul accordant 6 % de bonus de DÉF et 6 % de bonus de DGT Géo. Si 6 s s'écoulent sans obtenir de cumul de Curiosité, 1 cumul sera perdu."],"rarity":[4,5],"domain":"slumbering_court"},"ocean-hued_clam":{"id":"ocean-hued_clam","name":"Palourde aux teintes océaniques","setPiece":[2,4],"sets":{"goblet":"Écrin de perle","plume":"Plume du palais des profondeurs","circlet":"Couronne de Watatsumi","flower":"Fleur de teinte marine","sands":"Pétoncle de séparation"},"bonuses":["Augmente le bonus de soins de 15 %.","Lorsqu'un personnage équipé de ce set d'artéfacts soigne un personnage de l'équipe, une mousse marine apparaîtra pendant 3 s, accumulant la quantité de PV récupérée grâce au soin (y compris tout surplus au-dessus de 100 %). À la fin de la durée, la mousse marine explosera, infligeant des DGT aux ennemis proches d'une valeur équivalant à 90 % du soin accumulé (Ces DGT sont calculés de la même manière que les réactions d'Électrocution et de Supraconduction, mais ne sont pas affectés par la maîtrise élémentaire, les niveaux des personnages ou les bonus de DGT de réactions élémentaires). Une mousse marine peut être générée toutes les 3,5 s maximum, et chaque mousse marine peut accumuler jusqu'à 30 000 PV, incluant tout surplus au-dessus de 100 %. Il ne peut exister qu'une seule mousse marine à la fois. Cet effet peut être déclenché même si le personnage équipé de ce set d'artéfacts fait partie de l'équipe mais n'est pas déployé."],"rarity":[4,5],"domain":"slumbering_court"},"vermillion_hereafter":{"id":"vermillion_hereafter","name":"Au-delà cinabrin","setPiece":[2,4],"sets":{"goblet":"Instant du contrat","plume":"Plume de lumière latente","circlet":"Maintien fulgurant","flower":"Vie fleurie","sands":"Relique solaire"},"bonuses":["Augmente l'ATQ de 18 %.","Lorsqu'un personnage utilise un déchaînement élémentaire, il gagne un effet de Lumière latente pendant 16 s, augmentant son ATQ de 8 %, puis de 10 % supplémentaires à chaque fois que ses PV diminuent. Cette augmentation supplémentaire peut être cumulée 4 fois maximum et déclenchée une fois toutes les 0,8 s. L'effet Lumière latente cesse lorsque le personnage quitte le champ de bataille. Si le personnage utilise à nouveau son déchaînement élémentaire alors que la Lumière latente est en effet, l'effet original de Lumière latente est dissipé."],"rarity":[4,5],"domain":"the_lost_valley"},"echoes_of_an_offering":{"id":"echoes_of_an_offering","name":"Échos d'une offrande","setPiece":[2,4],"sets":{"goblet":"Calice des sources","plume":"Feuille de jade","circlet":"Anneaux de fluidité","flower":"Fleur d'aromesprit","sands":"Symbole de félicitation"},"bonuses":["Augmente l'ATQ de 18 %.","En touchant un ennemi, les attaques normales ont 36 % de chances de déclencher un effet de Rituel de la vallée, augmentant les DGT d'attaque normale d'une valeur équivalant à 70 % de l'ATQ. Cet effet sera dissipé 0,05 s après avoir infligé des DGT avec une attaque normale. Chaque attaque normale ne déclenchant pas l'effet augmentera les chances de le déclencher la prochaine fois de 20 %. Cet effet peut être déclenché une fois toutes les 0,2 s."],"rarity":[4,5],"domain":"the_lost_valley"},"deepwood_memories":{"id":"deepwood_memories","name":"Souvenir de forêt","setPiece":[2,4],"sets":{"goblet":"Lampe des perdus","plume":"Érudit des lianes","circlet":"Couronne de lauriers","flower":"Voyageur du labyrinthe","sands":"Période de perspicacité"},"bonuses":["Confère un bonus de DGT Dendro de 15 %","Après qu'une compétence ou un déchaînement élémentaires a touché un ennemi, sa RÉS Dendro diminue de 30 % pendant 8 s. Cet effet peut être déclenché même si le personnage équipé de l'artéfact fait partie de l'équipe mais n'est pas déployé."],"rarity":[4,5],"domain":"spire_of_solitary_enlightenment"},"gilded_dreams":{"id":"gilded_dreams","name":"Rêve doré","setPiece":[2,4],"sets":{"goblet":"Festin final de miel","plume":"Plume du jugement","circlet":"L'ombre du roi des sables","flower":"Fleur d'acier rêveuse","sands":"Les années dorées"},"bonuses":["Augmente la maîtrise élémentaire de 80 pts.","Déclencher une réaction élémentaire confère pendant 8 s au personnage équipé de l'artéfact des bonus en fonction du nombre de types élémentaires des autres personnages de l'équipe : son ATQ augmente de 14 % pour chaque membre du même type élémentaire que le sien, et sa maîtrise élémentaire augmente de 50 pts pour chaque membre de type élémentaire différent du sien. Chacun des bonus susmentionnés compte un maximum de 3 personnages. Cet effet peut être déclenché une fois toutes les 8 s, même si le personnage équipé de l'artéfact fait partie de l'équipe mais n'est pas déployé."],"rarity":[4,5],"domain":"spire_of_solitary_enlightenment"},"desert_pavilion_chronicle":{"id":"desert_pavilion_chronicle","name":"Chronique du Pavillon du désert","setPiece":[2,4],"sets":{"goblet":"Défenseur du rêve enchanteur","plume":"Fin du royaume doré","circlet":"Héritage de la haute lignée du désert","flower":"Aube de la cité des rois","sands":"Horloge du chemin perdu"},"bonuses":["Confère un bonus de DGT Anémo de 15 %.","#Lorsqu'une attaque chargée a touché un ennemi, la VIT d'attaque normale du personnage augmente de 10 % et les DGT infligés par ses attaques normales, chargées et plongeantes augmentent de 40{NON_BREAK_SPACE}%, pendant 15 s."],"rarity":[4,5],"domain":"city_of_gold"},"flower_of_paradise_lost":{"id":"flower_of_paradise_lost","name":"Fleur du paradis perdu","setPiece":[2,4],"sets":{"goblet":"Bouteille magique du gardien du secret","plume":"Fête du flétrissement","circlet":"Couronne d'améthyste","flower":"Myriade d'Ay-Khanoum","sands":"Instant figé"},"bonuses":["Augmente la maîtrise élémentaire de 80 pts.","Augmente les DGT infligés par les réactions de Fleurissement, d'Exubérance et de Bourgeonnement du personnage équipé de l'artéfact de 40 %. De plus, lorsque le personnage équipé de l'artéfact a déclenché une réaction de Fleurissement, d'Exubérance ou de Bourgeonnement, le bonus mentionné précédemment augmente de 25 % pendant 10 s. Cet effet peut être cumulé 4 fois maximum et déclenché une fois toutes les secondes. Cet effet peut être déclenché même si le personnage équipé de l'artéfact fait partie de l'équipe mais n'est pas déployé."],"rarity":[4,5],"domain":"city_of_gold"}}