{"adventurer":{"id":"adventurer","name":"Adventurer","setPiece":[2,4],"sets":{"goblet":"Adventurer's Golden Goblet","plume":"Adventurer's Tail Feather","circlet":"Adventurer's Bandana","flower":"Adventurer's Flower","sands":"Adventurer's Pocket Watch"},"bonuses":["Max HP +1000.","Membuka setiap jenis peti memulihkan 30% HP dalam waktu 5 detik."],"rarity":[1,2,3],"domain":"midsummer_courtyard"},"lucky_dog":{"id":"lucky_dog","name":"Lucky Dog","setPiece":[2,4],"sets":{"goblet":"Lucky Dog's Goblet","plume":"Lucky Dog's Eagle Feather","circlet":"Lucky Dog's Silver Circlet","flower":"Lucky Dog's Green Flower","sands":"Lucky Dog's Hourglass"},"bonuses":["DEF +100.","Mengambil Mora memulihkan 300 HP."],"rarity":[1,2,3],"domain":"domain_of_guyun"},"traveling_doctor":{"id":"traveling_doctor","name":"Traveling Doctor","setPiece":[2,4],"sets":{"goblet":"Traveling Doctor's Medicine Pot","plume":"Traveling Doctor's Owl Feather","circlet":"Traveling Doctor's Handkerchief","flower":"Traveling Doctor's Silver Lotus","sands":"Traveling Doctor's Pocket Watch"},"bonuses":["Efek pemulihan yang diterima meningkat 20%.","Menggunakan Elemental Burst memulihkan 20% HP."],"rarity":[1,2,3],"domain":"valley_of_remembrance"},"resolution_of_sojourner":{"id":"resolution_of_sojourner","name":"Resolution of Sojourner","setPiece":[2,4],"sets":{"goblet":"Goblet of the Sojourner","plume":"Feather of Homecoming","circlet":"Crown of Parting","flower":"Heart of Comradeship","sands":"Sundial of the Sojourner"},"bonuses":["ATK +18%.","Meningkatkan 30% CRIT Rate dari Charged Attack."],"rarity":[3,4],"domain":"midsummer_courtyard"},"tiny_miracle":{"id":"tiny_miracle","name":"Tiny Miracle","setPiece":[2,4],"sets":{"goblet":"Diviner's Goblet","plume":"Tiny Miracle's Feather","circlet":"Tiny Miracle's Earrings","flower":"Tiny Miracle's Flower","sands":"Tiny Miracle's Hourglass"},"bonuses":["Elemental RES +20%.","Saat menerima DMG elemen tertentu, meningkatkan 30% Elemental RES terhadap elemen tersebut selama 10 detik. Dapat terpicu setiap 10 detik."],"rarity":[3,4],"domain":"valley_of_remembrance"},"berserker":{"id":"berserker","name":"Berserker","setPiece":[2,4],"sets":{"goblet":"Berserker's Bone Goblet","plume":"Berserker's Indigo Feather","circlet":"Berserker's Battle Mask","flower":"Berserker's Rose","sands":"Berserker's Timepiece"},"bonuses":["CRIT Rate +12%.","Saat HP kurang dari 70%, CRIT Rate meningkat 24%."],"rarity":[3,4]},"instructor":{"id":"instructor","name":"Instructor","setPiece":[2,4],"sets":{"goblet":"Instructor's Tea Cup","plume":"Instructor's Feathered Accessory","circlet":"Instructor's Cap","flower":"Instructor's Brooch","sands":"Instructor's Pocket Watch"},"bonuses":["Elemental Mastery +80.","Setelah memicu Reaksi Elemental, akan meningkatkan 120 Elemental Mastery seluruh anggota party selama 8 detik."],"rarity":[3,4]},"the_exile":{"id":"the_exile","name":"The Exile","setPiece":[2,4],"sets":{"goblet":"Exile's Goblet","plume":"Exile's Feather","circlet":"Exile's Circlet","flower":"Exile's Flower","sands":"Exile's Pocket Watch"},"bonuses":["Energy Recharge +20%.","Penggunaan Elemental Burst memulihkan 2 Energy seluruh anggota party (tidak termasuk diri sendiri) setiap 2 detik selama 6 detik. Efek ini tidak dapat ditumpuk."],"rarity":[3,4]},"defenders_will":{"id":"defenders_will","name":"Defender's Will","setPiece":[2,4],"sets":{"goblet":"Guardian's Vessel","plume":"Guardian's Sigil","circlet":"Guardian's Band","flower":"Guardian's Flower","sands":"Guardian's Clock"},"bonuses":["DEF +30%.","Meningkatkan 30% Elemental RES diri sendiri untuk setiap jenis elemen karakter di dalam party."],"rarity":[3,4],"domain":"hidden_palace_of_zhou_formula"},"brave_heart":{"id":"brave_heart","name":"Brave Heart","setPiece":[2,4],"sets":{"goblet":"Outset of the Brave","plume":"Prospect of the Brave","circlet":"Crown of the Brave","flower":"Medal of the Brave","sands":"Fortitude of the Brave"},"bonuses":["ATK +18%.","Meningkatkan 30% DMG terhadap musuh dengan HP lebih dari 50%."],"rarity":[3,4],"domain":"ridge_watch"},"martial_artist":{"id":"martial_artist","name":"Martial Artist","setPiece":[2,4],"sets":{"goblet":"Martial Artist's Wine Cup","plume":"Martial Artist's Feathered Accessory","circlet":"Martial Artist's Bandana","flower":"Martial Artist's Red Flower","sands":"Martial Artist's Water Hourglass"},"bonuses":["Meningkatkan 15% DMG Normal Attack dan Charged Attack.","Setelah melancarkan Elemental Skill, meningkatkan 25% DMG Normal dan Charged Attack selama 8 detik."],"rarity":[3,4],"domain":"ridge_watch"},"gambler":{"id":"gambler","name":"Gambler","setPiece":[2,4],"sets":{"goblet":"Gambler's Dice Cup","plume":"Gambler's Feathered Accessory","circlet":"Gambler's Earrings","flower":"Gambler's Brooch","sands":"Gambler's Pocket Watch"},"bonuses":["Meningkatkan 20% DMG Elemental Skill.","Mengalahkan musuh memiliki 100% persentase CD Elemental Skill akan langsung selesai. Dapat terpicu setiap 15 detik."],"rarity":[3,4],"domain":"spire_of_solitary_enlightenment"},"scholar":{"id":"scholar","name":"Scholar","setPiece":[2,4],"sets":{"goblet":"Scholar's Goblet","plume":"Scholar's Quill Pen","circlet":"Scholar's Glasses","flower":"Scholar's Bookmark","sands":"Scholar's Clock"},"bonuses":["Energy Recharge +20%.","Mendapatkan Elemental Particle/Orb akan memberikan 3 Energy kepada seluruh anggota party yang mengenakan bow atau catalyst. Dapat terpicu setiap 3 detik."],"rarity":[3,4],"domain":"clear_pool_and_mountain_cavern"},"prayers_for_illumination":{"id":"prayers_for_illumination","name":"Prayers for Illumination","setPiece":[1],"sets":{"circlet":"Tiara of Flame"},"bonuses":["Mengurangi 40% durasi efek Pyro yang diterima."],"rarity":[3,4]},"prayers_for_destiny":{"id":"prayers_for_destiny","name":"Prayers for Destiny","setPiece":[1],"sets":{"circlet":"Tiara of Torrents"},"bonuses":["Mengurangi 40% durasi efek Hydro yang diterima."],"rarity":[3,4]},"prayers_for_wisdom":{"id":"prayers_for_wisdom","name":"Prayers for Wisdom","setPiece":[1],"sets":{"circlet":"Tiara of Thunder"},"bonuses":["Mengurangi 40% durasi efek Electro yang diterima."],"rarity":[3,4]},"prayers_to_springtime":{"id":"prayers_to_springtime","name":"Prayers to Springtime","setPiece":[1],"sets":{"circlet":"Tiara of Frost"},"bonuses":["Mengurangi 40% durasi efek Cryo yang diterima."],"rarity":[3,4]},"blizzard_strayer":{"id":"blizzard_strayer","name":"Blizzard Strayer","setPiece":[2,4],"sets":{"goblet":"Frost-Weaved Dignity","plume":"Icebreaker's Resolve","circlet":"Broken Rime's Echo","flower":"Snowswept Memory","sands":"Frozen Homeland's Demise"},"bonuses":["Cryo DMG Bonus +15%.","Saat karakter memukul musuh yang terkena efek Cryo, CRIT Rate meningkat 20%. Jika musuh terkena Frozen, CRIT Rate meningkat lagi 20%."],"rarity":[4,5],"domain":"peak_of_vindagnyr"},"thundersoother":{"id":"thundersoother","name":"Thundersoother","setPiece":[2,4],"sets":{"goblet":"Thundersoother's Goblet","plume":"Thundersoother's Plume","circlet":"Thundersoother's Diadem","flower":"Thundersoother's Heart","sands":"Hour of Soothing Thunder"},"bonuses":["Electro RES +40%.","Meningkatkan 35% DMG terhadap musuh yang terpengaruh Electro."],"rarity":[4,5],"domain":"midsummer_courtyard"},"lavawalker":{"id":"lavawalker","name":"Lavawalker","setPiece":[2,4],"sets":{"goblet":"Lavawalker's Epiphany","plume":"Lavawalker's Salvation","circlet":"Lavawalker's Wisdom","flower":"Lavawalker's Resolution","sands":"Lavawalker's Torment"},"bonuses":["Pyro RES +40%.","Meningkatkan 35% DMG terhadap musuh yang terpengaruh Pyro."],"rarity":[4,5],"domain":"hidden_palace_of_zhou_formula"},"maiden_beloved":{"id":"maiden_beloved","name":"Maiden Beloved","setPiece":[2,4],"sets":{"goblet":"Maiden's Fleeting Leisure","plume":"Maiden's Heart-stricken Infatuation","circlet":"Maiden's Fading Beauty","flower":"Maiden's Distant Love","sands":"Maiden's Passing Youth"},"bonuses":["Meningkatkan 15% efek pemulihan karakter.","Menggunakan Elemental Skill atau Elemental Burst meningkatkan 20% pemulihan yang diterima seluruh anggota party selama 10 detik."],"rarity":[4,5],"domain":"valley_of_remembrance"},"gladiators_finale":{"id":"gladiators_finale","name":"Gladiator's Finale","setPiece":[2,4],"sets":{"goblet":"Gladiator's Intoxication","plume":"Gladiator's Destiny","circlet":"Gladiator's Triumphus","flower":"Gladiator's Nostalgia","sands":"Gladiator's Longing"},"bonuses":["ATK +18%.","Meningkatkan 35% DMG Normal Attack karakter yang menggunakan Sword, Claymore, Polearm."],"rarity":[4,5]},"viridescent_venerer":{"id":"viridescent_venerer","name":"Viridescent Venerer","setPiece":[2,4],"sets":{"goblet":"Viridescent Venerer's Vessel","plume":"Viridescent Arrow Feather","circlet":"Viridescent Venerer's Diadem","flower":"In Rememberance of Viridescent Field","sands":"Viridescent Venerer's Determination"},"bonuses":["Anemo DMG Bonus +15%.","Meningkatkan 60% Swirl DMG. Mengurangi 40% Elemental RES musuh sesuai elemen yang terkandung dalam swirl selama 10 detik."],"rarity":[4,5],"domain":"valley_of_remembrance"},"wanderers_troupe":{"id":"wanderers_troupe","name":"Wanderer's Troupe","setPiece":[2,4],"sets":{"goblet":"Wanderer's String-Kettle","plume":"Bard's Arrow Feather","circlet":"Conductor's Top Hat","flower":"Troupe's Dawnlight","sands":"Concert's Final Hour"},"bonuses":["Elemental Mastery +80.","Meningkatkan 35% DMG Charged Attack karakter yang menggunakan Catalyst, Bow."],"rarity":[4,5]},"thundering_fury":{"id":"thundering_fury","name":"Thundering Fury","setPiece":[2,4],"sets":{"goblet":"Omen of Thunderstorm","plume":"Survivor of Catastrophe","circlet":"Thunder Summoner's Crown","flower":"Thunderbird's Mercy","sands":"Hourglass of Thunder"},"bonuses":["Electro DMG Bonus +15%.","Meningkatkan 40% DMG yang diakibatkan Overloaded, Electro-Charged, Superconduct, dan Hyperbloom. Meningkatkan 20% DMG yang diakibatkan Aggravate. Saat memicu reaksi-reaksi elemental di atas atau reaksi Quicken, akan mengurangi 1 detik CD Elemental Skill. Efek ini terpicu setiap 0,8 detik."],"rarity":[4,5],"domain":"midsummer_courtyard"},"crimson_witch_of_flames":{"id":"crimson_witch_of_flames","name":"Crimson Witch of Flames","setPiece":[2,4],"sets":{"goblet":"Witch's Heart Flames","plume":"Witch's Ever-Burning Plume","circlet":"Witch's Scorching Hat","flower":"Witch's Flower of Blaze","sands":"Witch's End Time"},"bonuses":["Pyro DMG Bonus +15%.","Meningkatkan 40% DMG Overloaded, Burning, dan Burgeon. Meningkatkan 15% DMG Vaporize dan Melt. Setelah menggunakan Elemental Skill, meningkatkan 50% efek Set 2 Bagian selama 10 detik. Maksimum 3 lapis."],"rarity":[4,5],"domain":"hidden_palace_of_zhou_formula"},"noblesse_oblige":{"id":"noblesse_oblige","name":"Noblesse Oblige","setPiece":[2,4],"sets":{"goblet":"Royal Silver Urn","plume":"Royal Plume","circlet":"Royal Masque","flower":"Royal Flora","sands":"Royal Pocket Watch"},"bonuses":["Meningkatkan 20% DMG Elemental Burst.","Setelah melancarkan Elemental Burst, meningkatkan 20% ATK semua anggota party selama 12 detik. Efek ini tidak dapat ditumpuk."],"rarity":[4,5],"domain":"clear_pool_and_mountain_cavern"},"bloodstained_chivalry":{"id":"bloodstained_chivalry","name":"Bloodstained Chivalry","setPiece":[2,4],"sets":{"goblet":"Goblet of Bloodstained Chevalier","plume":"Bloodstained Black Plume","circlet":"Bloodstained Iron Mask","flower":"Bloodstained Flower of Iron","sands":"Bloodstained Final Hour"},"bonuses":["Meningkatkan 25% Physical DMG.","Dalam 10 detik setelah mengalahkan musuh, meningkatkan 50% DMG Charged Attack dan mengurangi konsumsi Stamina Charged Attack menjadi 0."],"rarity":[4,5],"domain":"clear_pool_and_mountain_cavern"},"archaic_petra":{"id":"archaic_petra","name":"Archaic Petra","setPiece":[2,4],"sets":{"goblet":"Goblet of Chiseled Crag","plume":"Feather of Jagged Peaks","circlet":"Mask of Solitude Basalt","flower":"Flower of Creviced Cliff","sands":"Sundial of Enduring Jade"},"bonuses":["Geo DMG Bonus +15%.","Saat memperoleh Elemental Shard yang terbentuk dari Reaksi Elemental Crystallize, seluruh anggota party memperoleh 35% peningkatan Elemental DMG terhadap elemen tersebut selama 10 detik. Hanya satu jenis Elemental DMG dapat diperoleh dengan cara ini."],"rarity":[4,5],"domain":"domain_of_guyun"},"retracing_bolide":{"id":"retracing_bolide","name":"Retracing Bolide","setPiece":[2,4],"sets":{"goblet":"Summer Night's Waterballoon","plume":"Summer Night's Finale","circlet":"Summer Night's Mask","flower":"Summer Night's Bloom","sands":"Summer Night's Moment"},"bonuses":["Meningkatkan 35% kekuatan perisai.","Meningkatkan 40% Normal dan Charged Attack saat perisai aktif."],"rarity":[4,5],"domain":"domain_of_guyun"},"heart_of_depth":{"id":"heart_of_depth","name":"Heart of Depth","setPiece":[2,4],"sets":{"goblet":"Goblet of Thundering Deep","plume":"Gust of Nostalgia","circlet":"Wine-Stained Tricorne","flower":"Gilded Corsage","sands":"Copper Compass"},"bonuses":["Hydro DMG Bonus +15%.","Setelah melancarkan Elemental Skill, meningkatkan 30% DMG Normal dan Charged Attack selama 15 detik."],"rarity":[4,5],"domain":"peak_of_vindagnyr"},"tenacity_of_the_millelith":{"id":"tenacity_of_the_millelith","name":"Tenacity of the Millelith","setPiece":[2,4],"sets":{"goblet":"Noble's Pledging Vessel","plume":"Ceremonial War-Plume","circlet":"General's Ancient Helm","flower":"Flower of Accolades","sands":"Orichalceous Time-Dial"},"bonuses":["HP +20%","Saat Elemental Skill mengenai musuh, meningkatkan 20% ATK dan 30% kekuatan perisai seluruh anggota party di sekitar selama 3 detik. Efek ini hanya dapat terpicu setiap 0,5 detik. Efek tetap dapat terpicu meskipun Karakter yang mengenakan set Artefak ini tidak berada di medan pertempuran."],"rarity":[4,5],"domain":"ridge_watch"},"pale_flame":{"id":"pale_flame","name":"Pale Flame","setPiece":[2,4],"sets":{"goblet":"Surpassing Cup","plume":"Wise Doctor's Pinion","circlet":"Mocking Mask","flower":"Stainless Bloom","sands":"Moment of Cessation"},"bonuses":["Meningkatkan 25% Physical DMG.","Saat Elemental Skill mengenai musuh, meningkatkan 9% ATK selama 7 detik. Efek ini dapat ditumpuk hingga 2 lapis dan dapat terpicu setiap 0,3 detik. Setelah menumpuk 2 lapis, efek dari Set 2 Bagian akan meningkat 100%."],"rarity":[4,5],"domain":"ridge_watch"},"shimenawas_reminiscence":{"id":"shimenawas_reminiscence","name":"Shimenawa's Reminiscence","setPiece":[2,4],"sets":{"goblet":"Hopeful Heart","plume":"Shaft of Remembrance","circlet":"Capricious Visage","flower":"Entangling Bloom","sands":"Morning Dew's Moment"},"bonuses":["ATK +18%.","Saat melancarkan Elemental Skill, jika Karakter mempunyai 15 Energy atau lebih, maka akan kehilangan 15 Energy dan Normal/Charged/ Plunging Attack DMG meningkat sebesar 50% selama 10 detik. Efek ini tidak bisa terpicu lagi selama durasinya masih aktif."],"rarity":[4,5],"domain":"momiji-dyed_court"},"emblem_of_severed_fate":{"id":"emblem_of_severed_fate","name":"Emblem of Severed Fate","setPiece":[2,4],"sets":{"goblet":"Scarlet Vessel","plume":"Sundered Feather","circlet":"Ornate Kabuto","flower":"Magnificent Tsuba","sands":"Storm Cage"},"bonuses":["Energy Recharge +20%.","Meningkatkan DMG Elemental Burst sebesar 25% dari Energy Recharge. Peningkatan DMG Elemental Burst maksimum yang bisa didapatkan dengan cara ini adalah 75%."],"rarity":[4,5],"domain":"momiji-dyed_court"},"husk_of_opulent_dreams":{"id":"husk_of_opulent_dreams","name":"Husk of Opulent Dreams","setPiece":[2,4],"sets":{"goblet":"Calabash of Awakening","plume":"Plume of Luxury","circlet":"Skeletal Hat","flower":"Bloom Times","sands":"Song of Life"},"bonuses":["DEF +30%.","Karakter yang mengenakan set Artefak ini akan mendapatkan efek Curiosity dalam kondisi berikut: Karakter aktif akan mendapatkan 1 lapis setelah serangan Geo-nya mengenai musuh, dapat terpicu setiap 0,3 detik. Karakter bisa mendapatkan 1 lapis setiap 3 detik jika tidak berada di medan pertempuran. Efek Curiosity dapat ditumpuk hingga 4 lapis, setiap lapis meningkatkan 6% DEF dan 6% Geo DMG Bonus. Karakter akan kehilangan 1 lapis setiap 6 detik jika tidak mendapatkan efek Curiosity baru."],"rarity":[4,5],"domain":"slumbering_court"},"ocean-hued_clam":{"id":"ocean-hued_clam","name":"Ocean-Hued Clam","setPiece":[2,4],"sets":{"goblet":"Pearl Cage","plume":"Deep Palace's Plume","circlet":"Crown of Watatsumi","flower":"Sea-Dyed Blossom","sands":"Cowry of Parting"},"bonuses":["Bonus pemulihan +15%.","Jika Karakter yang mengenakan set Artefak ini memulihkan HP salah satu Karakter dalam party, akan muncul Sea-Dyed Foam yang berlangsung selama 3 detik yang mencatat dan mengakumulasi jumlah pemulihan yang dilakukan (termasuk pemulihan yang berlebih). Setelah durasinya berakhir, Sea-Dyed Foam akan meledak dan mengakibatkan DMG sebesar 90% dari jumlah pemulihan yang tercatat (Perhitungan DMG ini mirip dengan Reaksi Elemental seperti Electro-Charged, Superconduct, dan lainnya, tetapi tidak dipengaruhi oleh Elemental Mastery, Level Karakter, atau Bonus DMG Reaksi Elemental). Sea-Dyed Foam hanya bisa muncul setiap 3,5 detik. Setiap Sea-Dyed Foam dapat mengakumulasi pemulihan hingga 30.000 HP (termasuk pemulihan yang berlebih). Dalam party sendiri, hanya bisa ada satu Sea-Dyed Foam yang muncul dalam waktu bersamaan. Efek dari set Artefak ini tetap dapat terpicu meskipun Karakter party yang mengenakannya tidak berada di medan pertempuran."],"rarity":[4,5],"domain":"slumbering_court"},"vermillion_hereafter":{"id":"vermillion_hereafter","name":"Vermillion Hereafter","setPiece":[2,4],"sets":{"goblet":"Moment of the Pact","plume":"Feather of Nascent Light","circlet":"Thundering Poise","flower":"Flowering Life","sands":"Solar Relic"},"bonuses":["ATK +18%.","Setelah melancarkan Elemental Burst, Karakter tersebut akan mendapatkan efek Nascent Light yang akan meningkatkan 8% ATK-nya selama 16 detik. Saat HP Karakter tersebut berkurang, akan meningkatkan lagi 10% ATK-nya. Peningkatan yang bisa didapat dengan cara ini maksimum 4 kali. Efek dapat terpicu setiap 0,8 detik. Nascent Light akan hilang saat Karakter meninggalkan medan pertempuran. Jika Elemental Burst dilancarkan lagi saat durasi efeknya masih ada, maka efek Nascent Light awal akan hilang."],"rarity":[4,5],"domain":"the_lost_valley"},"echoes_of_an_offering":{"id":"echoes_of_an_offering","name":"Echoes of an Offering","setPiece":[2,4],"sets":{"goblet":"Chalice of the Font","plume":"Jade Leaf","circlet":"Flowing Rings","flower":"Soulscent Bloom","sands":"Symbol of Feliciation"},"bonuses":["ATK +18%.","Saat Normal Attack mengenai musuh, ada 36% kemungkinan akan memicu Valley Rite yang akan meningkatkan DMG Normal Attack sebesar 70% ATK. Efek akan hilang 0,05 detik setelah Normal Attack mengakibatkan DMG. Jika Normal Attack gagal memicu efek Valley Rite, maka kemungkinan Valley Rite akan terpicu pada serangan berikutnya meningkat 20%. Efek ini dapat terpicu maksimum sekali setiap 0,2 detik."],"rarity":[4,5],"domain":"the_lost_valley"},"deepwood_memories":{"id":"deepwood_memories","name":"Deepwood Memories","setPiece":[2,4],"sets":{"goblet":"Lamp of the Lost","plume":"Scholar of Vines","circlet":"Laurel Coronet","flower":"Labyrinth Wayfarer","sands":"A Time of Insight"},"bonuses":["Dendro DMG Bonus +15%.","Setelah Elemental Skill atau Elemental Burst mengenai musuh, Dendro RES dari target yang terkena akan berkurang 30% selama 8 detik. Efek ini tetap dapat terpicu meskipun penggunanya ada dalam party namun sedang tidak berada di medan pertempuran."],"rarity":[4,5],"domain":"spire_of_solitary_enlightenment"},"gilded_dreams":{"id":"gilded_dreams","name":"Gilded Dreams","setPiece":[2,4],"sets":{"goblet":"Honeyed Final Feast","plume":"Feather of Judgment","circlet":"Shadow of the Sand King","flower":"Dreaming Steelbloom","sands":"The Sunken Years"},"bonuses":["Elemental Mastery +80.","Selama 8 detik setelah memicu Reaksi Elemental, Karakter yang mengenakannya mendapatkan efek penguatan berdasarkan tipe elemen Karakter lain yang berada dalam tim: Untuk setiap anggota party yang berelemen sama dengan Karakter yang mengenakan, maka ATK meningkat 14%; Untuk setiap anggota party yang berelemen berbeda dengan Karakter yang mengenakan, maka Elemental Mastery meningkat 50 poin. Efek yang dijelaskan tersebut maksimal dihitung untuk 3 Karakter. Efek ini dapat terpicu setiap 8 detik. Efek ini tetap dapat terpicu meskipun penggunanya ada dalam party namun sedang tidak berada di medan pertempuran."],"rarity":[4,5],"domain":"spire_of_solitary_enlightenment"},"desert_pavilion_chronicle":{"id":"desert_pavilion_chronicle","name":"Desert Pavilion Chronicle","setPiece":[2,4],"sets":{"goblet":"Defender of the Enchanting Dream","plume":"End of the Golden Realm","circlet":"Legacy of the Desert High-Born","flower":"The First Days of the City of Kings","sands":"Timepiece of the Lost Path"},"bonuses":["Anemo DMG Bonus +15%.","Setelah Charged Attack mengenai musuh, Normal Attack SPD Karakter ini meningkat 10%, dan DMG yang diakibatkan Normal Attack, Charged Attack, serta Plunging Attack meningkat 40%, berlangsung selama 15 detik."],"rarity":[4,5],"domain":"city_of_gold"},"flower_of_paradise_lost":{"id":"flower_of_paradise_lost","name":"Flower of Paradise Lost","setPiece":[2,4],"sets":{"goblet":"Secret-Keeper's Magic Bottle","plume":"Wilting Feast","circlet":"Amethyst Crown","flower":"Ay-Khanoum's Myriad","sands":"A Moment Congealed"},"bonuses":["Elemental Mastery +80.","DMG dari reaksi Bloom, Hyperbloom, dan Burgeon Karakter yang mengenakan meningkat 40%. Selain itu, setelah Karakter yang mengenakan memicu reaksi Bloom, Hyperbloom, atau Burgeon, efek yang disebutkan di atas akan mendapatkan tambahan peningkatan sebesar 25% selama 10 detik, dan dapat ditumpuk sampai 4 lapis. Efek hanya dapat terpicu setiap 1 detik sekali. Efek tetap aktif saat Karakter yang mengenakannya ada dalam party namun sedang tidak berada di medan pertempuran."],"rarity":[4,5],"domain":"city_of_gold"}}