{"adventurer":{"id":"adventurer","name":"Avventuriere","setPiece":[2,4],"sets":{"goblet":"Calice d'oro dell'avventuriere","plume":"Piuma dell'avventuriere","circlet":"Bandana dell'avventuriere","flower":"Fiore dell'avventuriere","sands":"Orologio dell'avventuriere"},"bonuses":["I PS max aumentano di 1.000.","#Aprire un baule rigenera un 30% dei PS max per 5{NON_BREAK_SPACE}s."],"rarity":[1,2,3],"domain":"midsummer_courtyard"},"lucky_dog":{"id":"lucky_dog","name":"Fortunello","setPiece":[2,4],"sets":{"goblet":"Calice di Fortunello","plume":"Piuma d'aquila di Fortunello","circlet":"Corona d'argento di Fortunello","flower":"Quadrifoglio di Fortunello","sands":"Clessidra di Fortunello"},"bonuses":["La DIF aumenta di 100.","Raccogliere Mora ripristina 300 PS."],"rarity":[1,2,3],"domain":"domain_of_guyun"},"traveling_doctor":{"id":"traveling_doctor","name":"Dottoressa errante","setPiece":[2,4],"sets":{"goblet":"Vaso per medicinali della dottoressa errante","plume":"Piuma di gufo della dottoressa errante","circlet":"Fazzoletto della dottoressa errante","flower":"Loto argentato della dottoressa errante","sands":"Orologio della dottoressa errante"},"bonuses":["Aumenta di un 20% la guarigione in arrivo.","Usare il Tripudio elementale ripristina un 20% dei PS."],"rarity":[1,2,3],"domain":"valley_of_remembrance"},"resolution_of_sojourner":{"id":"resolution_of_sojourner","name":"Risoluzione del viandante","setPiece":[2,4],"sets":{"goblet":"Calice del viandante","plume":"Piuma del ritorno","circlet":"Corona dell'addio","flower":"Cuore dell'amicizia","sands":"Meridiana del viandante"},"bonuses":["ATT +18%.","Aumenta il tasso di CRIT dell'attacco caricato di un 30%."],"rarity":[3,4],"domain":"midsummer_courtyard"},"tiny_miracle":{"id":"tiny_miracle","name":"Miracolo","setPiece":[2,4],"sets":{"goblet":"Calice miracoloso","plume":"Piuma miracolosa","circlet":"Orecchini miracolosi","flower":"Fiore miracoloso","sands":"Clessidra miracolosa"},"bonuses":["La RES a tutti gli elementi aumenta di un 20%.","#I DAN elementali in arrivo aumentano la RES elementale corrispondente di un 30% per 10{NON_BREAK_SPACE}s. Si può verificare una sola volta ogni 10{NON_BREAK_SPACE}s."],"rarity":[3,4],"domain":"valley_of_remembrance"},"berserker":{"id":"berserker","name":"Berserker","setPiece":[2,4],"sets":{"goblet":"Calice d'osso del berserker","plume":"Piuma blu del berserker","circlet":"Maschera da guerra del berserker","flower":"Rosa del berserker","sands":"Clessidra del berserker"},"bonuses":["Tasso di CRIT +12%.","Quando i PS sono inferiori a un 70%, il tasso di CRIT aumenta di un ulteriore 24%."],"rarity":[3,4]},"instructor":{"id":"instructor","name":"Istruttore","setPiece":[2,4],"sets":{"goblet":"Tazza da tè dell'istruttore","plume":"Piuma dell'istruttore","circlet":"Cappello dell'istruttore","flower":"Fermaglio dell'istruttore","sands":"Orologio dell'istruttore"},"bonuses":["Aumenta la maestria elementale di 80.","#Dopo l'attivazione di una reazione elementale, aumenta la maestria elementale di tutti i membri del gruppo di 120 per 8{NON_BREAK_SPACE}s."],"rarity":[3,4]},"the_exile":{"id":"the_exile","name":"Esule","setPiece":[2,4],"sets":{"goblet":"Calice dell'esule","plume":"Piuma dell'esule","circlet":"Corona dell'esule","flower":"Fiore dell'esule","sands":"Orologio dell'esule"},"bonuses":["Ricarica energia +20%.","#L'uso di un Tripudio elementale rigenera 2 di energia per tutti i membri del gruppo (escluso il tuo personaggio attivo) ogni 2 s per 6{NON_BREAK_SPACE}s. Non cumulabile."],"rarity":[3,4]},"defenders_will":{"id":"defenders_will","name":"Volontà del difensore","setPiece":[2,4],"sets":{"goblet":"Coppa del guardiano","plume":"Sigillo del guardiano","circlet":"Benda del guardiano","flower":"Fiore del guardiano","sands":"Orologio del guardiano"},"bonuses":["DIF +30%.","Per ogni personaggio di tipo elementale diverso nel tuo gruppo, ottieni un aumento di un 30% della RES per quell'elemento."],"rarity":[3,4],"domain":"hidden_palace_of_zhou_formula"},"brave_heart":{"id":"brave_heart","name":"Cuore coraggioso","setPiece":[2,4],"sets":{"goblet":"Esordio del coraggioso","plume":"Speranza del coraggioso","circlet":"Corona del coraggioso","flower":"Medaglia del coraggioso","sands":"Forza d'animo del coraggioso"},"bonuses":["ATT +18%.","Aumenta di un 30% i DAN contro gli avversari con oltre un 50% dei PS."],"rarity":[3,4],"domain":"ridge_watch"},"martial_artist":{"id":"martial_artist","name":"Marzialista","setPiece":[2,4],"sets":{"goblet":"Coppa da vino del marzialista","plume":"Piuma del marzialista","circlet":"Bandana del marzialista","flower":"Fiore vermiglio del marzialista","sands":"Clessidra ad acqua del marzialista"},"bonuses":["Aumenta di un 15% i DAN da attacchi normali e caricati.","#Dopo l'uso di un'abilità elementale, aumenta di un 25% i DAN da attacchi normali e caricati per 8{NON_BREAK_SPACE}s."],"rarity":[3,4],"domain":"ridge_watch"},"gambler":{"id":"gambler","name":"Scommettitrice","setPiece":[2,4],"sets":{"goblet":"Tazza per dadi della scommettitrice","plume":"Piuma della scommettitrice","circlet":"Orecchini della scommettitrice","flower":"Fermaglio della scommettitrice","sands":"Orologio della scommettitrice"},"bonuses":["Aumenta di un 20% i DAN da abilità elementale.","#Sconfiggere un avversario fornisce un 100% di probabilità di azzerare il TdR. Si può verificare una sola volta ogni 15{NON_BREAK_SPACE}s."],"rarity":[3,4],"domain":"spire_of_solitary_enlightenment"},"scholar":{"id":"scholar","name":"Studiosa","setPiece":[2,4],"sets":{"goblet":"Tazza per inchiostro della studiosa","plume":"Calamo della studiosa","circlet":"Lente della studiosa","flower":"Segnalibro della studiosa","sands":"Orologio della studiosa"},"bonuses":["Ricarica energia +20%.","#Ottenere particelle o sfere elementali fornisce 3 di energia a tutti i membri del gruppo equipaggiati con un arco o un catalizzatore. Si può verificare una sola volta ogni 3{NON_BREAK_SPACE}s."],"rarity":[3,4],"domain":"clear_pool_and_mountain_cavern"},"prayers_for_illumination":{"id":"prayers_for_illumination","name":"Sacrificio di Pyro","setPiece":[1],"sets":{"circlet":"Tiara delle fiamme"},"bonuses":["Riduce la durata dell'effetto di Pyro di un 40%."],"rarity":[3,4]},"prayers_for_destiny":{"id":"prayers_for_destiny","name":"Sacrificio di Hydro","setPiece":[1],"sets":{"circlet":"Tiara dei torrenti"},"bonuses":["Riduce la durata dell'effetto di Hydro di un 40%."],"rarity":[3,4]},"prayers_for_wisdom":{"id":"prayers_for_wisdom","name":"Sacrificio di Electro","setPiece":[1],"sets":{"circlet":"Tiara dei tuoni"},"bonuses":["Riduce la durata dell'effetto di Electro di un 40%."],"rarity":[3,4]},"prayers_to_springtime":{"id":"prayers_to_springtime","name":"Sacrificio di Cryo","setPiece":[1],"sets":{"circlet":"Tiara del gelo"},"bonuses":["Riduce la durata dell'effetto di Cryo di un 40%."],"rarity":[3,4]},"blizzard_strayer":{"id":"blizzard_strayer","name":"Nomade della tormenta","setPiece":[2,4],"sets":{"goblet":"Dignità gelata","plume":"Risolutezza del Rompighiaccio","circlet":"Eco dell'inverno","flower":"Memorie nella neve","sands":"Declino della terra del gelo"},"bonuses":["Bonus DAN da Cryo +15%.","Quando un personaggio attacca un avversario sotto l'effetto di Cryo, il suo tasso di CRIT aumenta di un 20%. Se l'avversario è affetto da Congelamento, il tasso di CRIT aumenta di un ulteriore 20%."],"rarity":[4,5],"domain":"peak_of_vindagnyr"},"thundersoother":{"id":"thundersoother","name":"Domatore di tuoni","setPiece":[2,4],"sets":{"goblet":"Calice del Domatore di tuoni","plume":"Piuma del Domatore di tuoni","circlet":"Diadema del Domatore di tuoni","flower":"Cuore del Domatore di tuoni","sands":"Clessidra del Domatore di tuoni"},"bonuses":["La RES a Electro aumenta di un 40%.","Aumenta di un 35% i DAN contro gli avversari sotto l'effetto di Electro."],"rarity":[4,5],"domain":"midsummer_courtyard"},"lavawalker":{"id":"lavawalker","name":"Attraversafuochi","setPiece":[2,4],"sets":{"goblet":"Rivelazione dell'Attraversafuochi","plume":"Salvezza dell'Attraversafuochi","circlet":"Saggezza dell'Attraversafuochi","flower":"Risoluzione dell'Attraversafuochi","sands":"Tormento dell'Attraversafuochi"},"bonuses":["La RES a Pyro aumenta di un 40%.","I DAN contro gli avversari affetti da Pyro aumentano di un 35%."],"rarity":[4,5],"domain":"hidden_palace_of_zhou_formula"},"maiden_beloved":{"id":"maiden_beloved","name":"Amata fanciulla","setPiece":[2,4],"sets":{"goblet":"Passatempo della fanciulla","plume":"Delusione d'amore della fanciulla","circlet":"Bellezza evanescente della fanciulla","flower":"Amore lontano della fanciulla","sands":"Giovinezza effimera della fanciulla"},"bonuses":["Efficacia guarigione personaggio +15%.","#Usare un'abilità o un Tripudio elementale aumenta di un 20% la guarigione ricevuta da tutti i membri del gruppo per 10{NON_BREAK_SPACE}s."],"rarity":[4,5],"domain":"valley_of_remembrance"},"gladiators_finale":{"id":"gladiators_finale","name":"Ultimo atto del gladiatore","setPiece":[2,4],"sets":{"goblet":"Ebbrezza del gladiatore","plume":"Destino del gladiatore","circlet":"Trionfo del gladiatore","flower":"Nostalgia del gladiatore","sands":"Brama del gladiatore"},"bonuses":["ATT +18%.","Se chi possiede questo set di manufatti usa una spada, una claymore o una lancia, i DAN inflitti dal suo attacco normale aumentano di un 35%."],"rarity":[4,5]},"viridescent_venerer":{"id":"viridescent_venerer","name":"Cacciatrice smeraldo","setPiece":[2,4],"sets":{"goblet":"Borraccia della Cacciatrice smeraldo","plume":"Piuma della Cacciatrice smeraldo","circlet":"Diadema della Cacciatrice smeraldo","flower":"In memoria dei campi smeraldo","sands":"Determinazione della Cacciatrice smeraldo"},"bonuses":["Bonus DAN da Anemo +15%.","#Aumenta di un 60% i DAN da Turbinio. Riduce di un 40% la RES dell'avversario all'elemento del Turbinio per 10{NON_BREAK_SPACE}s."],"rarity":[4,5],"domain":"valley_of_remembrance"},"wanderers_troupe":{"id":"wanderers_troupe","name":"Compagnia del vagabondo","setPiece":[2,4],"sets":{"goblet":"Borraccia del vagabondo","plume":"Piuma del bardo","circlet":"Cappello del direttore","flower":"Luce del mattino della compagnia","sands":"Ultimo atto dello spettacolo"},"bonuses":["Aumenta la maestria elementale di 80.","Se il personaggio usa un Catalizzatore o un Arco, aumenta di un 35% i DAN da attacco caricato."],"rarity":[4,5]},"thundering_fury":{"id":"thundering_fury","name":"Furia tonante","setPiece":[2,4],"sets":{"goblet":"Presagio di tempesta","plume":"Superstite della catastrofe","circlet":"Corona dell'invocatore di fulmini","flower":"Compassione dell'Uccello del tuono","sands":"Clessidra tonante"},"bonuses":["Bonus DAN da Electro +15%.","#Aumenta di un 40% i DAN da Sovraccarico, Electrocarica, Superconduzione e Iperfioritura. Il bonus DAN conferito da Accentuazione aumenta di un 20%. Innescare una Vivificazione o una delle reazioni elementali di cui sopra riduce il TdR dell'abilità elementale di 1{NON_BREAK_SPACE}s. Si può verificare una sola volta ogni 0,8{NON_BREAK_SPACE}s."],"rarity":[4,5],"domain":"midsummer_courtyard"},"crimson_witch_of_flames":{"id":"crimson_witch_of_flames","name":"Strega cremisi delle fiamme","setPiece":[2,4],"sets":{"goblet":"Fiamme del cuore della strega","plume":"Piuma semprardente della strega","circlet":"Cappello infuocato della strega","flower":"Fiore di fuoco della strega","sands":"Fine della strega"},"bonuses":["Bonus DAN da Pyro +15%.","#Aumenta di un 40% i DAN da Sovraccarico, Ustione e Germinazione, e di un 15% quelli da Vaporizzazione e Fusione. Usare un'abilità elementale aumenta il bonus del set da 2 pezzi di un 50% del suo valore iniziale per 10{NON_BREAK_SPACE}s. Cumulabile fino a 3 volte."],"rarity":[4,5],"domain":"hidden_palace_of_zhou_formula"},"noblesse_oblige":{"id":"noblesse_oblige","name":"Noblesse oblige","setPiece":[2,4],"sets":{"goblet":"Urna d'argento reale","plume":"Piuma reale","circlet":"Maschera reale","flower":"Fiore reale","sands":"Orologio reale"},"bonuses":["DAN da Tripudio elementale +20%","#L'uso di un Tripudio elementale aumenta di un 20% l'ATT di tutti i membri del gruppo per 12{NON_BREAK_SPACE}s. Non cumulabile."],"rarity":[4,5],"domain":"clear_pool_and_mountain_cavern"},"bloodstained_chivalry":{"id":"bloodstained_chivalry","name":"Cavalleria sanguinaria","setPiece":[2,4],"sets":{"goblet":"Calice del Cavaliere insanguinato","plume":"Piuma nera insanguinata","circlet":"Maschera di ferro insanguinata","flower":"Fiore di ferro insanguinato","sands":"La fine del Cavaliere insanguinato"},"bonuses":["DAN fisici +25%.","#Dopo aver sconfitto un avversario, aumenta di un 50% i DAN da attacco caricato e ne azzera il costo in vigore per 10{NON_BREAK_SPACE}s."],"rarity":[4,5],"domain":"clear_pool_and_mountain_cavern"},"archaic_petra":{"id":"archaic_petra","name":"Roccia arcaica","setPiece":[2,4],"sets":{"goblet":"Calice di falesia","plume":"Piuma dei picchi aguzzi","circlet":"Maschera di basalto inerte","flower":"Fiore rupestre","sands":"Meridiana di giada perenne"},"bonuses":["Ottieni un 15% di bonus DAN da Geo.","Una volta ottenuto un frammento elementale generato con la reazione della Cristallizzazione, tutti i membri del gruppo ricevono un 35% di bonus DAN della durata di 10 s per quel particolare elemento. Applicabile a un solo elemento per volta."],"rarity":[4,5],"domain":"domain_of_guyun"},"retracing_bolide":{"id":"retracing_bolide","name":"Meteorite inverso","setPiece":[2,4],"sets":{"goblet":"Pallone d'acqua delle notti d'estate","plume":"Gran finale delle notti d'estate","circlet":"Maschera delle notti d'estate","flower":"Fiore delle notti d'estate","sands":"Orologio delle notti d'estate"},"bonuses":["Efficacia scudo +35%.","Sotto la protezione dello scudo, ottieni un ulteriore aumento dei DAN da attacchi normali e caricati di un 40%."],"rarity":[4,5],"domain":"domain_of_guyun"},"heart_of_depth":{"id":"heart_of_depth","name":"Cuore profondo","setPiece":[2,4],"sets":{"goblet":"Calice degli abissi","plume":"Brezza nostalgica","circlet":"Tricorno macchiato di vino","flower":"Fermaglio dorato","sands":"Bussola di rame"},"bonuses":["Bonus DAN da Hydro +15%.","#Dopo l'uso di un'abilità elementale, aumenta di un 30% i DAN da attacchi normali e caricati per 15{NON_BREAK_SPACE}s."],"rarity":[4,5],"domain":"peak_of_vindagnyr"},"tenacity_of_the_millelith":{"id":"tenacity_of_the_millelith","name":"Perseveranza dei Milleliti","setPiece":[2,4],"sets":{"goblet":"Calice del giuramento del nobile","plume":"Piuma da guerra cerimoniale","circlet":"Elmetto antico del generale","flower":"Fiore dell'onore","sands":"Meridiana d'oricalco"},"bonuses":["I PS aumentano di un 20%.","#Quando un'abilità elementale colpisce un avversario, l'ATT di tutti i membri del gruppo vicini aumenta di un 20% e il loro scudo diventa più efficace di un 30% per 3{NON_BREAK_SPACE}s. Quest'effetto può attivarsi una volta ogni 0,5 s, anche se il personaggio che sta usando questo set di manufatti non è sul campo."],"rarity":[4,5],"domain":"ridge_watch"},"pale_flame":{"id":"pale_flame","name":"Fiamma fioca","setPiece":[2,4],"sets":{"goblet":"Calice della trascendenza","plume":"Piuma del dottore saggio","circlet":"Maschera beffarda","flower":"Fiore inossidabile","sands":"Tempo sospeso"},"bonuses":["I DAN fisici aumentano di un 25%.","#Quando un'abilità elementale colpisce un avversario, l'ATT aumenta di un 9% per 7{NON_BREAK_SPACE}s. Cumulabile fino a 2 volte, si può attivare una volta ogni 0,3{NON_BREAK_SPACE}s. Raggiunta la quantità massima cumulabile, l'effetto del set da 2 pezzi aumenta di un 100%."],"rarity":[4,5],"domain":"ridge_watch"},"shimenawas_reminiscence":{"id":"shimenawas_reminiscence","name":"Reminiscenza di Shimenawa","setPiece":[2,4],"sets":{"goblet":"Cuore speranzoso","plume":"Freccia della rimembranza","circlet":"Maschera capricciosa","flower":"Fiore intrecciato","sands":"Orologio della rugiada mattutina"},"bonuses":["ATT +18%.","#Quando un personaggio con almeno 15 di energia usa un'abilità elementale, perde 15 di energia e i DAN da attacco normale, caricato o in picchiata aumentano di un 50% per 10{NON_BREAK_SPACE}s. In questo periodo, l'effetto non si riattiva."],"rarity":[4,5],"domain":"momiji-dyed_court"},"emblem_of_severed_fate":{"id":"emblem_of_severed_fate","name":"Emblema del fato spezzato","setPiece":[2,4],"sets":{"goblet":"Calice scarlatto","plume":"Piuma spaccata","circlet":"Kabuto decorato","flower":"Tsuba poderosa","sands":"Inro della tempesta"},"bonuses":["Ricarica energia +20%.","Aumenta i DAN da Tripudio elementale per un 25% della ricarica di energia. In questo modo puoi ottenere fino a un 75% di DAN bonus."],"rarity":[4,5],"domain":"momiji-dyed_court"},"husk_of_opulent_dreams":{"id":"husk_of_opulent_dreams","name":"Guscio dei sogni opulenti","setPiece":[2,4],"sets":{"goblet":"Calebassa del risveglio","plume":"Piuma dell'opulenza","circlet":"Cappello del vagabondo","flower":"Piena fioritura","sands":"Canzone della vita"},"bonuses":["DIF +30%.","#Un personaggio equipaggiato con questo set di manufatti otterrà l'effetto della Curiosità come segue: quando sarà sul campo, riceverà un 1 effetto sconfiggendo un avversario con un effetto di Geo, fino a una volta ogni 0,3{NON_BREAK_SPACE}s; quando non sarà sul campo, riceverà 1 effetto ogni 3{NON_BREAK_SPACE}s. La Curiosità è cumulabile fino a 4 volte, e ciascun effetto fornisce il 6% di DIF e di bonus DAN da Geo. Per ogni 6{NON_BREAK_SPACE}s trascorsi senza ottenere un effetto cumulabile, perderai 1 effetto cumulato."],"rarity":[4,5],"domain":"slumbering_court"},"ocean-hued_clam":{"id":"ocean-hued_clam","name":"Mollusco oceanico","setPiece":[2,4],"sets":{"goblet":"Inro di perle","plume":"Piuma del Palazzo degli abissi","circlet":"Corona di Watatsumi","flower":"Fiore del mare","sands":"Ciprea dell'addio"},"bonuses":["Bonus guarigione +15%.","#Quando il personaggio equipaggiato con questo set di manufatti guarirà un personaggio del gruppo, una Schiuma marina apparirà per 3 s, accumulando la quantità di PS ripristinata dalla guarigione (inclusa quella in eccesso). Al termine dell'effetto, la Schiuma marina esploderà, infliggendo DAN agli avversari vicini pari a un 90% della guarigione cumulata. (Questi DAN si calcolano analogamente alle reazioni quali l'Electrocarica e la Superconduzione, ma non saranno interessati da maestria elementale, livelli personaggio o bonus DAN delle reazioni). Si può generare una sola Schiuma marina ogni 3,5{NON_BREAK_SPACE}s. Ogni Schiuma marina può cumulare fino a 30.000 PS (inclusa la guarigione in eccesso). Può esserci solo una Schiuma marina attiva alla volta. L'effetto è attivabile anche se il personaggio che sta usando il set di manufatti non è sul campo."],"rarity":[4,5],"domain":"slumbering_court"},"vermillion_hereafter":{"id":"vermillion_hereafter","name":"Aldilà vermiglio","setPiece":[2,4],"sets":{"goblet":"Patto siglato","plume":"Piuma della luce nascente","circlet":"Portamento tonante","flower":"Fiore della vitalità","sands":"Reliquia solare"},"bonuses":["ATT +18%.","#Dopo aver usato un Tripudio elementale, il personaggio ottiene l'effetto Luce nascente, aumentando l'ATT di un 8% per 16{NON_BREAK_SPACE}s. Quando i PS del personaggio diminuiscono, il suo ATT aumenta di un ulteriore 10%. Questo ulteriore aumento può essere cumulato per un massimo di 4 volte. Quest'effetto può attivarsi una volta ogni 0,8{NON_BREAK_SPACE}s. Quando il personaggio abbandona il campo, l'effetto Luce nascente si disperde. Se usi nuovamente un Tripudio elementale quando Luce nascente è attivo, l'effetto originale si disperde."],"rarity":[4,5],"domain":"the_lost_valley"},"echoes_of_an_offering":{"id":"echoes_of_an_offering","name":"Echi di un'offerta","setPiece":[2,4],"sets":{"goblet":"Tazza della sorgente","plume":"Foglia di giada","circlet":"Orecchini mutevoli","flower":"Fiore dell'aromaspirito","sands":"Simbolo di giubilo"},"bonuses":["ATT +18%.","#Quando gli attacchi normali colpiscono gli avversari, hanno un 36% di probabilità di innescare Rito della valle, che aumenta i DAN da attacchi normali di un 70% dell'ATT. Questo effetto si disperde 0,05 s dopo che un attacco normale infligge DAN. Se un attacco normale non innesca Rito della valle, le probabilità di attivare l'effetto la volta successiva aumentano di un 20%. È possibile attivare l'effetto una volta ogni 0,2{NON_BREAK_SPACE}s."],"rarity":[4,5],"domain":"the_lost_valley"},"deepwood_memories":{"id":"deepwood_memories","name":"Memorie di Boscoprofondo","setPiece":[2,4],"sets":{"goblet":"Lampada degli smarriti","plume":"Studioso dei rampicanti","circlet":"Corona d'alloro","flower":"Viandante del labirinto","sands":"Un momento di discernimento"},"bonuses":["Bonus DAN da Dendro +15%.","#Se gli avversari vengono colpiti dalle abilità elementali o dai Tripudi elementali, la loro RES a Dendro sarà ridotta di un 30% per 8{NON_BREAK_SPACE}s. Quest'effetto si applica anche se il personaggio che lo equipaggia non è in campo."],"rarity":[4,5],"domain":"spire_of_solitary_enlightenment"},"gilded_dreams":{"id":"gilded_dreams","name":"Sogni dorati","setPiece":[2,4],"sets":{"goblet":"Banchetto mielato","plume":"Piuma del giudizio","circlet":"Ombra del re delle sabbie","flower":"Fiordacciaio sognante","sands":"Gli anni sommersi"},"bonuses":["Maestria elementale +80.","#Entro 8 s dall'attivazione di una reazione elementale, il personaggio che equipaggia questo manufatto otterrà effetti positivi in base al tipo elementale degli altri membri del gruppo. L'ATT aumenta di un 14% per ogni membro del gruppo il cui tipo elementale corrisponde a quello del personaggio che equipaggia il manufatto, e la maestria elementale aumenta di 50 per ogni membro del gruppo con un tipo elementale diverso. Ciascuno degli effetti positivi conterà fino a 3 personaggi. Quest'effetto può attivarsi una volta ogni 8{NON_BREAK_SPACE}s. Il personaggio che equipaggia questo manufatto può attivarne gli effetti anche quando non presente in campo."],"rarity":[4,5],"domain":"spire_of_solitary_enlightenment"},"desert_pavilion_chronicle":{"id":"desert_pavilion_chronicle","name":"Cronache del Padiglione nel deserto","setPiece":[2,4],"sets":{"goblet":"Difensore dei sogni ammalianti","plume":"Fine del regno dorato","circlet":"Lascito della nobiltà del deserto","flower":"Primi giorni della Città dei Re","sands":"Orologio del sentiero perduto"},"bonuses":["Bonus DAN da Anemo +15%","#Quando gli attacchi caricati colpiscono gli avversari, la VEL dell'attacco normale del personaggio aumenta di un 10%, mentre i DAN da attacco normale, caricato e in picchiata aumentano di un 40% per 15{NON_BREAK_SPACE}s."],"rarity":[4,5],"domain":"city_of_gold"},"flower_of_paradise_lost":{"id":"flower_of_paradise_lost","name":"Fiore del paradiso perduto","setPiece":[2,4],"sets":{"goblet":"Bottiglia magica del custode dei segreti","plume":"Banchetto appassito","circlet":"Corona d'ametista","flower":"Miriade di Ay-Khanoum","sands":"Coagulo di un istante"},"bonuses":["Aumenta la maestria elementale di 80.","#I DAN da reazioni di Fioritura, Iperfioritura e Germinazione del personaggio equipaggiato aumentano di un 40%. In più, se il personaggio innesca Fioritura, Iperfioritura o Germinazione, ottiene un ulteriore 25% di bonus per il suddetto effetto. Ogni accumulo del bonus dura 10{NON_BREAK_SPACE}s. Massimo 4 accumuli contemporaneamente. Quest'effetto può attivarsi solo una volta al secondo. Il personaggio equipaggiato può attivare l'effetto anche se non è presente sul campo."],"rarity":[4,5],"domain":"city_of_gold"}}