{"adventurer":{"id":"adventurer","name":"冒険者","setPiece":[2,4],"sets":{"goblet":"冒険者の金杯","plume":"冒険者の羽根","circlet":"冒険者のバンダナ","flower":"冒険者の花","sands":"冒険者の懐中時計"},"bonuses":["HP上限+1000。","宝箱を開けた後5秒間、HPの30%を徐々に回復する。"],"rarity":[1,2,3],"domain":"midsummer_courtyard"},"lucky_dog":{"id":"lucky_dog","name":"幸運","setPiece":[2,4],"sets":{"goblet":"幸運のコップ","plume":"幸運の鷹の羽根","circlet":"幸運の冠","flower":"幸運のクローバー","sands":"幸運の砂時計"},"bonuses":["防御力+100。","モラを拾得すると、HPを300回復する。"],"rarity":[1,2,3],"domain":"domain_of_guyun"},"traveling_doctor":{"id":"traveling_doctor","name":"医者","setPiece":[2,4],"sets":{"goblet":"医者の薬壺","plume":"医者の梟の羽根","circlet":"医者の方巾","flower":"医者のアネモネ","sands":"医者の懐中時計"},"bonuses":["受ける治療効果+20%。","元素爆発を発動すると、HPを20%回復する。"],"rarity":[1,2,3],"domain":"valley_of_remembrance"},"resolution_of_sojourner":{"id":"resolution_of_sojourner","name":"旅人の心","setPiece":[2,4],"sets":{"goblet":"異国の杯","plume":"帰郷の羽","circlet":"別離の冠","flower":"故人の心","sands":"逐光の石"},"bonuses":["攻撃力+18%。","重撃の会心率+30%。"],"rarity":[3,4],"domain":"midsummer_courtyard"},"tiny_miracle":{"id":"tiny_miracle","name":"奇跡","setPiece":[2,4],"sets":{"goblet":"奇跡のコップ","plume":"奇跡の羽根","circlet":"奇跡のピアス","flower":"奇跡の花","sands":"奇跡の砂"},"bonuses":["全ての元素耐性+20%。","元素ダメージを受けると、その元素の耐性+30%、継続時間10秒。10秒毎に1回のみ発動可能。"],"rarity":[3,4],"domain":"valley_of_remembrance"},"berserker":{"id":"berserker","name":"狂戦士","setPiece":[2,4],"sets":{"goblet":"狂戦士のコップ","plume":"狂戦士の羽根","circlet":"狂戦士の仮面","flower":"狂戦士の薔薇","sands":"狂戦士の時計"},"bonuses":["会心率+12%。","HPが70%以下になると、会心率+24%。"],"rarity":[3,4]},"instructor":{"id":"instructor","name":"教官","setPiece":[2,4],"sets":{"goblet":"教官のティーカップ","plume":"教官の羽飾り","circlet":"教官の帽子","flower":"教官の花飾り","sands":"教官の懐中時計"},"bonuses":["元素熟知+80。","元素反応を引き起こした後、チーム全員の元素熟知+120、継続時間8秒。"],"rarity":[3,4]},"the_exile":{"id":"the_exile","name":"亡命者","setPiece":[2,4],"sets":{"goblet":"亡命者のコップ","plume":"亡命者の羽根","circlet":"亡命者の冠","flower":"亡命者の花","sands":"亡命者の懐中時計"},"bonuses":["元素チャージ効率+20%。","元素爆発を発動すると、2秒毎にチーム全員（自分を除く）の元素エネルギーを2回復する、継続時間6秒。重ね掛け不可。"],"rarity":[3,4]},"defenders_will":{"id":"defenders_will","name":"守護の心","setPiece":[2,4],"sets":{"goblet":"守護の瓶","plume":"守護の印","circlet":"守護の帯","flower":"守護の花","sands":"守護の置き時計"},"bonuses":["防御力+30%。","チーム内の自身のキャラクターの元素タイプ1種類につき、自身にその元素の耐性+30%。"],"rarity":[3,4],"domain":"hidden_palace_of_zhou_formula"},"brave_heart":{"id":"brave_heart","name":"勇士の心","setPiece":[2,4],"sets":{"goblet":"勇士の壮行","plume":"勇士の期待","circlet":"勇士の冠","flower":"勇士の勲章","sands":"勇士の毅然"},"bonuses":["攻撃力+18%。","HPが50%以上の敵に対するダメージ+30%。"],"rarity":[3,4],"domain":"ridge_watch"},"martial_artist":{"id":"martial_artist","name":"武人","setPiece":[2,4],"sets":{"goblet":"武人の酒器","plume":"武人の羽飾り","circlet":"武人のバンダナ","flower":"武人の赤い花","sands":"武人の水時計"},"bonuses":["通常攻撃と重撃のダメージ+15%。","元素スキル発動後、通常攻撃と重撃ダメージ+25%、継続時間8秒。"],"rarity":[3,4],"domain":"ridge_watch"},"gambler":{"id":"gambler","name":"博徒","setPiece":[2,4],"sets":{"goblet":"博徒のツボ","plume":"博徒の羽飾り","circlet":"博徒のピアス","flower":"博徒の花飾り","sands":"博徒の懐中時計"},"bonuses":["元素スキルのダメージ+20%。","敵を倒した時、100%の確率で元素スキルのクールタイムをリセットする。15秒に1回のみ発動可能。"],"rarity":[3,4],"domain":"spire_of_solitary_enlightenment"},"scholar":{"id":"scholar","name":"学者","setPiece":[2,4],"sets":{"goblet":"学者のコップ","plume":"学者の羽根ペン","circlet":"学者のレンズ","flower":"学者のしおり","sands":"学者の時計"},"bonuses":["元素チャージ効率+20%。","元素オーブまたは元素粒子を獲得した時、チーム内全ての弓と法器キャラの元素エネルギーが3回復する。3秒毎に1回のみ発動可能。"],"rarity":[3,4],"domain":"clear_pool_and_mountain_cavern"},"prayers_for_illumination":{"id":"prayers_for_illumination","name":"火祭りの人","setPiece":[1],"sets":{"circlet":"火祭りの冠"},"bonuses":["キャラが受けた炎元素付着の効果継続時間-40%。"],"rarity":[3,4]},"prayers_for_destiny":{"id":"prayers_for_destiny","name":"水祭りの人","setPiece":[1],"sets":{"circlet":"水祭りの冠"},"bonuses":["受けた水元素付着の効果継続時間-40%。"],"rarity":[3,4]},"prayers_for_wisdom":{"id":"prayers_for_wisdom","name":"雷祭りの人","setPiece":[1],"sets":{"circlet":"雷祭りの冠"},"bonuses":["受けた雷元素付着の効果継続時間-40%。"],"rarity":[3,4]},"prayers_to_springtime":{"id":"prayers_to_springtime","name":"氷祭りの人","setPiece":[1],"sets":{"circlet":"氷祭りの冠"},"bonuses":["受けた氷元素付着の効果継続時間-40%。"],"rarity":[3,4]},"blizzard_strayer":{"id":"blizzard_strayer","name":"氷風を彷徨う勇士","setPiece":[2,4],"sets":{"goblet":"霜を纏った気骨","plume":"氷を砕く執念","circlet":"氷雪を踏む音","flower":"吹雪の中の思い","sands":"雪覆う故郷の最後"},"bonuses":["氷元素ダメージ+15%。","氷元素の影響を受けている敵を攻撃した場合、会心率+20%。敵が凍結状態の場合、会心率は更に+20%。"],"rarity":[4,5],"domain":"peak_of_vindagnyr"},"thundersoother":{"id":"thundersoother","name":"雷を鎮める尊者","setPiece":[2,4],"sets":{"goblet":"雷討ちの器","plume":"雷討ちの羽根","circlet":"雷討ちの冠","flower":"雷討ちの心","sands":"雷討ちの刻"},"bonuses":["雷元素耐性+40%。","雷元素の影響を受けた敵に対するダメージ+35%。"],"rarity":[4,5],"domain":"midsummer_courtyard"},"lavawalker":{"id":"lavawalker","name":"烈火を渡る賢者","setPiece":[2,4],"sets":{"goblet":"火渡りの悟り","plume":"火渡りの解放","circlet":"火渡りの知恵","flower":"火渡りの堅実","sands":"火渡りの苦しみ"},"bonuses":["炎元素耐性+40%。","炎元素の影響を受けた敵に対するダメージ+35%。"],"rarity":[4,5],"domain":"hidden_palace_of_zhou_formula"},"maiden_beloved":{"id":"maiden_beloved","name":"愛される少女","setPiece":[2,4],"sets":{"goblet":"少女の暫く息抜き","plume":"少女の揺らぐ思い","circlet":"少女の儚き顔","flower":"彼方にある少女の心","sands":"少女の短い華年"},"bonuses":["与える治療効果+15%。","元素スキルまたは元素爆発を発動した後10秒間、チーム全員の受ける治療効果+20%。"],"rarity":[4,5],"domain":"valley_of_remembrance"},"gladiators_finale":{"id":"gladiators_finale","name":"剣闘士のフィナーレ","setPiece":[2,4],"sets":{"goblet":"剣闘士の酩酊","plume":"剣闘士の帰着","circlet":"剣闘士の凱旋","flower":"剣闘士の未練","sands":"剣闘士の希望"},"bonuses":["攻撃力+18%。","該当聖遺物セットを装備したキャラが片手剣、両手剣、長柄武器キャラの場合、通常攻撃ダメージ+35%。"],"rarity":[4,5]},"viridescent_venerer":{"id":"viridescent_venerer","name":"翠緑の影","setPiece":[2,4],"sets":{"goblet":"緑の狩人の容器","plume":"狩人の青緑色の矢羽","circlet":"緑の狩人の冠","flower":"野花の記憶の草原","sands":"緑の狩人の決心"},"bonuses":["風元素ダメージ+15%。","拡散反応によるダメージ+60%。拡散された元素タイプを基準に、影響を受けた敵の元素耐性-40%、継続時間10秒。"],"rarity":[4,5],"domain":"valley_of_remembrance"},"wanderers_troupe":{"id":"wanderers_troupe","name":"大地を流浪する楽団","setPiece":[2,4],"sets":{"goblet":"吟遊者の水筒","plume":"琴師の矢羽","circlet":"指揮者のハット","flower":"楽団の朝の光","sands":"フィナーレの時計"},"bonuses":["元素熟知+80。","該当聖遺物セットを装備したキャラが法器、弓キャラの場合、キャラの重撃ダメージ+35%。"],"rarity":[4,5]},"thundering_fury":{"id":"thundering_fury","name":"雷のような怒り","setPiece":[2,4],"sets":{"goblet":"落雷の前兆","plume":"雷災の生存者","circlet":"雷を呼ぶ冠","flower":"雷鳥の憐み","sands":"雷霆の時計"},"bonuses":["雷元素ダメージ+15%。","過負荷、感電、超電導、超開花反応によるダメージ+40%、超激化反応によるダメージアップ効果+20%。上記元素反応または原激化反応を起こすと、元素スキルのクールタイム-1秒。0.8秒毎に最大1回のみ発動可能。"],"rarity":[4,5],"domain":"midsummer_courtyard"},"crimson_witch_of_flames":{"id":"crimson_witch_of_flames","name":"燃え盛る炎の魔女","setPiece":[2,4],"sets":{"goblet":"魔女の心の炎","plume":"魔女の炎の羽根","circlet":"焦げた魔女の帽子","flower":"魔女の炎の花","sands":"魔女の破滅の時"},"bonuses":["炎元素ダメージ+15%。","過負荷、燃焼、烈開花反応によるダメージ+40%。蒸発、溶解反応による加算効果+15%。元素スキルを発動した10秒間、2セットの効果+50%、最大3重まで。"],"rarity":[4,5],"domain":"hidden_palace_of_zhou_formula"},"noblesse_oblige":{"id":"noblesse_oblige","name":"旧貴族のしつけ","setPiece":[2,4],"sets":{"goblet":"旧貴族の銀瓶","plume":"旧貴族の羽根","circlet":"旧貴族の仮面","flower":"旧貴族の花","sands":"旧貴族の時計"},"bonuses":["元素爆発のダメージ+20%。","元素爆発を発動すると、チーム全員の攻撃力+20%、継続時間12秒、重ねがけ不可。"],"rarity":[4,5],"domain":"clear_pool_and_mountain_cavern"},"bloodstained_chivalry":{"id":"bloodstained_chivalry","name":"血染めの騎士道","setPiece":[2,4],"sets":{"goblet":"血染めの騎士のコップ","plume":"血染めの黒羽","circlet":"血染めの鉄仮面","flower":"血染めの鉄の心","sands":"騎士が血に染めた時"},"bonuses":["物理ダメージ+25%。","敵を倒した後の10秒間、重撃の際にスタミナを消費しない。また、重撃のダメージ+50%。"],"rarity":[4,5],"domain":"clear_pool_and_mountain_cavern"},"archaic_petra":{"id":"archaic_petra","name":"悠久の磐岩","setPiece":[2,4],"sets":{"goblet":"危岩磐石の杯","plume":"嵯峨連山の翼","circlet":"不動玄石の相","flower":"盤石芽生の花","sands":"星羅圭玉の日時計"},"bonuses":["岩元素ダメージ+15%。","結晶反応で形成された欠片を獲得すると、チーム全員の該当元素ダメージ+35%、継続時間10秒。元素ダメージアップは同時に1種類のみ獲得可能。"],"rarity":[4,5],"domain":"domain_of_guyun"},"retracing_bolide":{"id":"retracing_bolide","name":"逆飛びの流星","setPiece":[2,4],"sets":{"goblet":"夏祭りの水風船","plume":"夏祭りの終わり","circlet":"夏祭りの仮面","flower":"夏祭りの花","sands":"夏祭りの刻"},"bonuses":["シールド強化+35%","シールド状態の時、通常攻撃と重撃ダメージ+40%。"],"rarity":[4,5],"domain":"domain_of_guyun"},"heart_of_depth":{"id":"heart_of_depth","name":"沈淪の心","setPiece":[2,4],"sets":{"goblet":"浮沈の杯","plume":"追憶の風","circlet":"酒に漬けた帽子","flower":"金メッキのコサージュ","sands":"堅い銅のコンパス"},"bonuses":["水元素ダメージ+15%。","元素スキルを発動した後の15秒間、通常攻撃と重撃のダメージ+30%。"],"rarity":[4,5],"domain":"peak_of_vindagnyr"},"tenacity_of_the_millelith":{"id":"tenacity_of_the_millelith","name":"千岩牢固","setPiece":[2,4],"sets":{"goblet":"誓いの金杯","plume":"昭武の羽根","circlet":"将帥の兜","flower":"偉勲の花","sands":"金銅の日時計"},"bonuses":["HP+20%。","元素スキルが敵に命中すると、周囲のチーム全員の攻撃力+20%、シールド強化+30%、持続時間3秒。この効果は0.5秒毎に1回のみ発動可能。この聖遺物セットを装備したキャラクターが待機している場合にも効果を発動できる。"],"rarity":[4,5],"domain":"ridge_watch"},"pale_flame":{"id":"pale_flame","name":"蒼白の炎","setPiece":[2,4],"sets":{"goblet":"超越の盃","plume":"良医の羽","circlet":"嗤笑の面","flower":"無垢の花","sands":"停頓の時"},"bonuses":["物理ダメージ+25%。","元素スキルが敵に命中すると、攻撃力+9%。持続時間7秒、最大2重まで、0.3秒毎に1回のみ発動可能。2重まで重ねると、2セットの効果が2倍になる。"],"rarity":[4,5],"domain":"ridge_watch"},"shimenawas_reminiscence":{"id":"shimenawas_reminiscence","name":"追憶のしめ縄","setPiece":[2,4],"sets":{"goblet":"祈望の心","plume":"憶念の矢","circlet":"無常の面","flower":"羈絆の花","sands":"朝露の時"},"bonuses":["攻撃力+18%。","元素スキルを発動した時、キャラクターの元素エネルギーが15以上の場合、元素エネルギーを15消費し、次の10秒間通常攻撃、重撃、落下攻撃ダメージ+50%。継続時間中この効果は再発動できない。"],"rarity":[4,5],"domain":"momiji-dyed_court"},"emblem_of_severed_fate":{"id":"emblem_of_severed_fate","name":"絶縁の旗印","setPiece":[2,4],"sets":{"goblet":"緋花の壺","plume":"切落の羽","circlet":"華飾の兜","flower":"威厳の鍔","sands":"雷雲の印籠"},"bonuses":["元素チャージ効率+20%。","元素チャージ効率の25%を基準に、元素爆発ダメージがアップする。この方式でアップできるダメージは最大75%まで。"],"rarity":[4,5],"domain":"momiji-dyed_court"},"husk_of_opulent_dreams":{"id":"husk_of_opulent_dreams","name":"華館夢醒形骸記","setPiece":[2,4],"sets":{"goblet":"夢醒の瓢箪","plume":"華館の羽","circlet":"形骸の笠","flower":"栄花の期","sands":"衆生の歌"},"bonuses":["防御力+30%。","この聖遺物セットを装備したキャラクターは、以下の状況において「問答」効果を獲得する。「問答」効果：フィールド上で岩元素攻撃を敵に命中した後に1層獲得、0.3秒毎に1層のみ獲得できる。待機中の場合は、3秒毎に自動で1層獲得する。重ね掛けできる「問答」は最大4層までとなり、1層につき防御力+6%、岩元素ダメージ+6%。6秒毎に「問答」効果を獲得していない場合は、1層失う。"],"rarity":[4,5],"domain":"slumbering_court"},"ocean-hued_clam":{"id":"ocean-hued_clam","name":"海染硨磲","setPiece":[2,4],"sets":{"goblet":"真珠の籠","plume":"淵宮の羽","circlet":"海祇の冠","flower":"海染の花","sands":"別れの貝"},"bonuses":["与える治療効果+15%。","この聖遺物セットを装備したキャラクターがチーム内のキャラクターに治療を行うと、治療によるHP回復量（HP上限を超えた回復量も含む）を記録する海染の泡を生成する。海染の泡は3秒継続する。継続時間終了時、海染の泡は破裂し、周囲の敵に記録した回復量の90%分のダメージを与える（このダメージは感電や超電導などの元素反応と同じように計算されるが、元素熟知、キャラクターLv、または元素反応のダメージアップ効果の影響は受けない）。海染の泡は3.5秒毎に1回のみ生成可能。海染の泡が記録できる回復量は最大30000までとなり、HP上限超過分の回復量を含む。チーム内で、海染の泡は同時に最大1つまで存在できる。この聖遺物セットを装備したキャラクターは待機中でも、この効果を発動できる。"],"rarity":[4,5],"domain":"slumbering_court"},"vermillion_hereafter":{"id":"vermillion_hereafter","name":"辰砂往生録","setPiece":[2,4],"sets":{"goblet":"契約の時","plume":"潜光の羽","circlet":"虺雷の姿","flower":"生霊の華","sands":"陽轡の遺品"},"bonuses":["攻撃力+18%。","元素爆発を発動すると、継続時間16秒の「潜光」効果が発動する。「潜光」：攻撃力+8%、キャラクターがHPを失うたびに攻撃力がさらに10%アップする。HPの損失による攻撃力アップ効果は0.8秒毎に1回のみ発動でき、最大4回重ね掛けできる。「潜光」効果はキャラクターが戦闘不能、または退場する時に解除される。「潜光」効果の継続時間中に再び元素爆発を発動すると、既存の「潜光」効果が先にクリアされる。"],"rarity":[4,5],"domain":"the_lost_valley"},"echoes_of_an_offering":{"id":"echoes_of_an_offering","name":"来歆の余響","setPiece":[2,4],"sets":{"goblet":"湧水の杯","plume":"垂玉の葉","circlet":"浮流の対玉","flower":"魂香の花","sands":"祭祀の証"},"bonuses":["攻撃力+18%。","通常攻撃が敵に命中すると、36%の確率で「幽谷祭祀」が発動する。「幽谷祭祀」：通常攻撃ダメージが攻撃力70%分アップする。この効果は通常攻撃でダメージを与えた0.05秒後にクリアされる。通常攻撃後に「幽谷祭祀」が発動しなかった場合、次回の発動確率+20%。発動判定は0.2秒毎に1回のみ行われる。"],"rarity":[4,5],"domain":"the_lost_valley"},"deepwood_memories":{"id":"deepwood_memories","name":"深林の記憶","setPiece":[2,4],"sets":{"goblet":"迷い人の灯","plume":"翠蔓の知者","circlet":"月桂の宝冠","flower":"迷宮の遊客","sands":"賢知の定期"},"bonuses":["草元素ダメージ+15%。","元素スキルまたは元素爆発が敵に命中すると、その敵の草元素耐性-30%、継続時間8秒。装備したキャラクターが待機している場合にも効果を発動できる。"],"rarity":[4,5],"domain":"spire_of_solitary_enlightenment"},"gilded_dreams":{"id":"gilded_dreams","name":"金メッキの夢","setPiece":[2,4],"sets":{"goblet":"甘露の終宴","plume":"裁断の羽根","circlet":"砂王の投影","flower":"夢境の鉄花","sands":"深金の歳月"},"bonuses":["元素熟知+80。","元素反応を起こした後の8秒間、装備キャラクターは、チーム内自身以外のキャラクターの元素タイプに応じて強化効果を獲得する。チームに装備キャラクターと同じ元素タイプのキャラクターが1名存在する毎に攻撃力+14%、異なる元素タイプのキャラクターが1名存在する毎に元素熟知+50。上記効果は、それぞれ最大でキャラクター3名までカウントされる。この効果は8秒毎に1回のみ発動可能。装備したキャラクターが待機している場合にも効果を発動できる。"],"rarity":[4,5],"domain":"spire_of_solitary_enlightenment"},"desert_pavilion_chronicle":{"id":"desert_pavilion_chronicle","name":"砂上の楼閣の史話","setPiece":[2,4],"sets":{"goblet":"迷酔の長夢の守護","plume":"黄金の邦国の結末","circlet":"流砂の嗣君の遺宝","flower":"諸王の都の始まり","sands":"没落迷途のコア"},"bonuses":["風元素ダメージ+15%。","重撃が敵に命中すると、該当キャラクターの通常攻撃の攻撃速度+10%、通常攻撃、重撃および落下攻撃ダメージ+40%、継続時間15秒。"],"rarity":[4,5],"domain":"city_of_gold"},"flower_of_paradise_lost":{"id":"flower_of_paradise_lost","name":"楽園の絶花","setPiece":[2,4],"sets":{"goblet":"守秘の魔瓶","plume":"落謝の宴席","circlet":"紫晶の花冠","flower":"月娘の華彩","sands":"凝結の刹那"},"bonuses":["元素熟知+80。","開花、超開花、烈開花反応によるダメージ+40%。また、装備者自身が開花、超開花、烈開花を起こした後、上記強化効果の効果量+25%、継続時間10秒、最大4層まで重ねられ、1秒毎に最大1回のみ発動可能。装備したキャラクターが待機している場合にも効果を発動できる。"],"rarity":[4,5],"domain":"city_of_gold"}}