{"adventurer":{"id":"adventurer","name":"모험가","setPiece":[2,4],"sets":{"goblet":"모험가의 황금잔","plume":"모험가의 꽁지 깃털","circlet":"모험가의 머리띠","flower":"모험가의 꽃","sands":"모험가의 회중시계"},"bonuses":["HP 최대치+1000pt","각종 보물 상자를 오픈 후 5초 동안 30%의 HP를 지속해서 회복한다"],"rarity":[1,2,3],"domain":"midsummer_courtyard"},"lucky_dog":{"id":"lucky_dog","name":"행운아","setPiece":[2,4],"sets":{"goblet":"행운아의 잔","plume":"행운아의 독수리깃","circlet":"행운아의 은관","flower":"행운아의 네 잎 클로버","sands":"행운아의 모래시계"},"bonuses":["방어력+100pt","모라 획득 시 HP를 300pt 회복한다"],"rarity":[1,2,3],"domain":"domain_of_guyun"},"traveling_doctor":{"id":"traveling_doctor","name":"떠돌이 의사","setPiece":[2,4],"sets":{"goblet":"떠돌이 의사의 약주전자","plume":"떠돌이 의사의 올빼미깃","circlet":"떠돌이 의사의 두건","flower":"떠돌이 의사의 은련","sands":"떠돌이 의사의 회중시계"},"bonuses":["캐릭터가 받는 치유 효과+20%","원소폭발 발동 시 HP를 20% 회복한다"],"rarity":[1,2,3],"domain":"valley_of_remembrance"},"resolution_of_sojourner":{"id":"resolution_of_sojourner","name":"행자의 마음","setPiece":[2,4],"sets":{"goblet":"이국의 술잔","plume":"귀향의 깃털","circlet":"이별의 모자","flower":"옛 벗의 마음","sands":"빛을 좇는 돌"},"bonuses":["공격력+18%","강공격의 치명타 확률+30%"],"rarity":[3,4],"domain":"midsummer_courtyard"},"tiny_miracle":{"id":"tiny_miracle","name":"기적","setPiece":[2,4],"sets":{"goblet":"기적의 잔","plume":"기적의 깃털","circlet":"기적의 귀걸이","flower":"기적의 꽃","sands":"기적의 모래"},"bonuses":["모든 원소 내성+20%","받은 원소 공격에 대응하는 원소의 내성이 30% 증가한다. 지속 시간: 10초. 해당 효과는 10초마다 1번 발동한다"],"rarity":[3,4],"domain":"valley_of_remembrance"},"berserker":{"id":"berserker","name":"전투광","setPiece":[2,4],"sets":{"goblet":"전투광의 해골잔","plume":"전투광의 깃털","circlet":"전투광의 귀면","flower":"전투광의 장미","sands":"전투광의 시계"},"bonuses":["치명타 확률+12%","HP 70% 미만 시 치명타 확률이 추가로 24% 증가한다"],"rarity":[3,4]},"instructor":{"id":"instructor","name":"교관","setPiece":[2,4],"sets":{"goblet":"교관의 찻잔","plume":"교관의 깃털장식","circlet":"교관의 모자","flower":"교관의 브로치","sands":"교관의 회중시계"},"bonuses":["원소 마스터리+80pt","원소 반응 후 파티 내 모든 캐릭터의 원소 마스터리가 120pt 증가한다. 지속 시간: 8초"],"rarity":[3,4]},"the_exile":{"id":"the_exile","name":"유배자","setPiece":[2,4],"sets":{"goblet":"유배자의 잔","plume":"유배자의 깃털","circlet":"유배자의 머리장식","flower":"유배자의 꽃","sands":"유배자의 회중시계"},"bonuses":["원소 충전 효율+20%","원소폭발 발동 후 2초마다 파티 내 모든 캐릭터(자신을 포함하지 않음)의 원소 에너지를 2pt 회복한다. 해당 효과는 6초간 지속하며 중첩되지 않는다"],"rarity":[3,4]},"defenders_will":{"id":"defenders_will","name":"수호자의 마음","setPiece":[2,4],"sets":{"goblet":"수호의 잔","plume":"수호의 인장","circlet":"수호의 띠","flower":"수호의 꽃","sands":"수호의 탁상시계"},"bonuses":["방어력+30%","파티 내에 다른 원소 타입의 자신의 캐릭터가 1명 존재할 때마다 자신은 대응하는 원소의 내성을 30% 획득한다"],"rarity":[3,4],"domain":"hidden_palace_of_zhou_formula"},"brave_heart":{"id":"brave_heart","name":"용사의 마음","setPiece":[2,4],"sets":{"goblet":"용사의 환송","plume":"용사의 기대","circlet":"용사의 모자","flower":"용사의 훈장","sands":"용사의 강인함"},"bonuses":["공격력+18%","HP가 50%를 초과하는 적에게 가하는 피해가 30% 증가한다"],"rarity":[3,4],"domain":"ridge_watch"},"martial_artist":{"id":"martial_artist","name":"무인","setPiece":[2,4],"sets":{"goblet":"무인의 술잔","plume":"무인의 깃털장식","circlet":"무인의 두건","flower":"무인의 붉은 꽃","sands":"무인의 물시계"},"bonuses":["일반 공격과 강공격으로 가하는 피해+15%","원소전투 스킬 발동 후 8초 동안 일반 공격과 강공격으로 가하는 피해가 25% 증가한다"],"rarity":[3,4],"domain":"ridge_watch"},"gambler":{"id":"gambler","name":"노름꾼","setPiece":[2,4],"sets":{"goblet":"노름꾼의 주사위","plume":"노름꾼의 깃털장식","circlet":"노름꾼의 귀걸이","flower":"노름꾼의 브로치","sands":"노름꾼의 회중시계"},"bonuses":["원소전투 스킬로 가하는 피해+20%","적을 처치하면 100%의 확률로 원소전투 스킬의 재사용 대기시간이 초기화된다. 해당 효과는 15초마다 1번 발동한다"],"rarity":[3,4],"domain":"spire_of_solitary_enlightenment"},"scholar":{"id":"scholar","name":"학사","setPiece":[2,4],"sets":{"goblet":"학사의 먹잔","plume":"학사의 깃펜","circlet":"학사의 렌즈","flower":"학사의 책갈피","sands":"학사의 탁상시계"},"bonuses":["원소 충전 효율+20%","원소 입자 혹은 원소 구슬 획득 시 파티 내 모든 활과 법구를 사용하는 캐릭터는 원소 에너지를 추가로 3pt 회복한다. 해당 효과는 3초마다 1번 발동한다"],"rarity":[3,4],"domain":"clear_pool_and_mountain_cavern"},"prayers_for_illumination":{"id":"prayers_for_illumination","name":"불을 모시는 자","setPiece":[1],"sets":{"circlet":"제화의 관"},"bonuses":["받는 불 원소 부착 효과 지속 시간이 40% 감소한다"],"rarity":[3,4]},"prayers_for_destiny":{"id":"prayers_for_destiny","name":"물을 모시는 자","setPiece":[1],"sets":{"circlet":"제수의 관"},"bonuses":["받는 물 원소 부착 효과 지속 시간이 40% 감소한다"],"rarity":[3,4]},"prayers_for_wisdom":{"id":"prayers_for_wisdom","name":"뇌명을 모시는 자","setPiece":[1],"sets":{"circlet":"제뢰의 관"},"bonuses":["받는 번개 원소 부착 효과 지속 시간이 40% 감소한다"],"rarity":[3,4]},"prayers_to_springtime":{"id":"prayers_to_springtime","name":"얼음을 모시는 자","setPiece":[1],"sets":{"circlet":"제빙의 관"},"bonuses":["받는 얼음 원소 부착 효과 지속 시간이 40% 감소한다"],"rarity":[3,4]},"blizzard_strayer":{"id":"blizzard_strayer","name":"얼음바람 속에서 길잃은 용사","setPiece":[2,4],"sets":{"goblet":"서리를 감싼 기골","plume":"얼음을 깨며 나아가는 집념","circlet":"빙설을 밟는 소리","flower":"눈보라를 견딘 그리움","sands":"눈 덮인 고향의 최후"},"bonuses":["얼음 원소 피해 보너스+15%","얼음 원소의 영향을 받은 적을 공격 시 치명타 확률이 20% 증가한다. 만약 적이 빙결 상태라면 치명타 확률이 추가로 20% 증가한다"],"rarity":[4,5],"domain":"peak_of_vindagnyr"},"thundersoother":{"id":"thundersoother","name":"뇌명을 평정한 존자","setPiece":[2,4],"sets":{"goblet":"뇌전 정복자의 술잔","plume":"뇌전 정복자의 깃털","circlet":"뇌전 정복자의 관","flower":"뇌전 정복자의 마음","sands":"뇌전 정복자의 시계"},"bonuses":["번개 원소 내성+40%","번개 원소의 영향을 받은 적에게 가하는 피해가 35% 증가한다"],"rarity":[4,5],"domain":"midsummer_courtyard"},"lavawalker":{"id":"lavawalker","name":"불 위를 걷는 현인","setPiece":[2,4],"sets":{"goblet":"불 위를 걷는 자의 깨달음","plume":"불 위를 걷는 자의 해탈","circlet":"불 위를 걷는 자의 지혜","flower":"불 위를 걷는 자의 결단","sands":"불 위를 걷는 자의 시련"},"bonuses":["불 원소 내성+40%","불 원소의 영향을 받은 적에게 가하는 피해가 35% 증가한다"],"rarity":[4,5],"domain":"hidden_palace_of_zhou_formula"},"maiden_beloved":{"id":"maiden_beloved","name":"사랑받는 소녀","setPiece":[2,4],"sets":{"goblet":"소녀의 짧은 여가","plume":"소녀의 흔들리는 그리움","circlet":"소녀의 꺾여가는 미모","flower":"먼 곳에 있는 소녀의 마음","sands":"소녀의 짧은 행복"},"bonuses":["캐릭터가 주는 치유 효과+15%","원소전투 스킬 또는 원소폭발 발동 후 10초 동안 파티 내 모든 캐릭터가 받는 치유 효과가 20% 증가한다"],"rarity":[4,5],"domain":"valley_of_remembrance"},"gladiators_finale":{"id":"gladiators_finale","name":"검투사의 피날레","setPiece":[2,4],"sets":{"goblet":"검투사의 취기","plume":"검투사의 귀결","circlet":"검투사의 개선","flower":"검투사의 미련","sands":"검투사의 희망"},"bonuses":["공격력+18%","해당 성유물 세트를 장착한 캐릭터가 한손검, 양손검, 장병기를 사용 시 캐릭터의 일반 공격으로 가하는 피해가 35% 증가한다"],"rarity":[4,5]},"viridescent_venerer":{"id":"viridescent_venerer","name":"청록색 그림자","setPiece":[2,4],"sets":{"goblet":"청록색 사냥꾼의 그릇","plume":"사냥꾼의 푸른 화살깃","circlet":"청록색 사냥꾼의 모자","flower":"야생화 기억 속의 푸른 들판","sands":"청록색 사냥꾼의 확신"},"bonuses":["바람 원소 피해 보너스+15%","확산 반응이 가하는 피해가 60% 증가한다. 확산되는 원소 타입에 따라 피해 범위 내 적의 해당 원소의 내성이 40% 감소한다. 지속 시간: 10초"],"rarity":[4,5],"domain":"valley_of_remembrance"},"wanderers_troupe":{"id":"wanderers_troupe","name":"대지를 유랑하는 악단","setPiece":[2,4],"sets":{"goblet":"음유시인의 주전자","plume":"연주자의 화살깃","circlet":"지휘의 탑 햇","flower":"악단의 서광","sands":"피날레의 시계"},"bonuses":["원소 마스터리+80pt","해당 성유물 세트를 장착한 캐릭터가 법구 또는 활을 사용 시 캐릭터의 강공격으로 가하는 피해가 35% 증가한다"],"rarity":[4,5]},"thundering_fury":{"id":"thundering_fury","name":"번개 같은 분노","setPiece":[2,4],"sets":{"goblet":"낙뢰의 흉조","plume":"번개 재앙의 생존자","circlet":"번개를 부르는 모자","flower":"뇌조의 연민","sands":"뇌정의 시계"},"bonuses":["번개 원소 피해 보너스+15%","과부하, 감전, 초전도, 만개 반응이 가하는 피해가 40% 증가하고 촉진 반응이 주는 피해가 20% 증가한다. 위와 같은 원소 반응 또는 활성화 반응 발동 시, 원소전투 스킬의 재사용 대기시간이 1초 줄어든다. 해당 효과는 0.8초마다 최대 1회 발동한다"],"rarity":[4,5],"domain":"midsummer_courtyard"},"crimson_witch_of_flames":{"id":"crimson_witch_of_flames","name":"불타오르는 화염의 마녀","setPiece":[2,4],"sets":{"goblet":"마녀 마음속의 불꽃","plume":"마녀의 불타는 깃털","circlet":"불타오르는 마녀 모자","flower":"마녀의 염화 꽃","sands":"마녀의 파멸의 시간"},"bonuses":["불 원소 피해 보너스+15%","과부하, 연소, 발화 반응으로 가하는 피해가 40% 증가하고 증발, 융해 반응의 보너스 계수가 15% 증가한다. 원소전투 스킬 발동 후 10초 동안 2세트의 효과가 50% 증가한다. 최대 중첩수: 3회"],"rarity":[4,5],"domain":"hidden_palace_of_zhou_formula"},"noblesse_oblige":{"id":"noblesse_oblige","name":"옛 왕실의 의식","setPiece":[2,4],"sets":{"goblet":"왕실의 은항아리","plume":"왕실의 깃털","circlet":"왕실의 가면","flower":"왕실의 꽃","sands":"왕실의 시계"},"bonuses":["원소폭발로 가하는 피해+20%","원소폭발 발동 후 파티 내 모든 캐릭터의 공격력이 20% 증가한다. 지속 시간: 12초. 해당 효과는 중첩되지 않는다"],"rarity":[4,5],"domain":"clear_pool_and_mountain_cavern"},"bloodstained_chivalry":{"id":"bloodstained_chivalry","name":"피에 물든 기사도","setPiece":[2,4],"sets":{"goblet":"피에 물든 기사의 술잔","plume":"피에 물든 검은 깃털","circlet":"피에 물든 철가면","flower":"피에 물든 강철 심장","sands":"피에 물든 기사의 시계"},"bonuses":["가하는 물리 피해+25%","적을 처치한 후 10초 동안 강공격 사용 시 스태미나를 소모하지 않고 강공격으로 가하는 피해가 50% 증가한다"],"rarity":[4,5],"domain":"clear_pool_and_mountain_cavern"},"archaic_petra":{"id":"archaic_petra","name":"유구한 반암","setPiece":[2,4],"sets":{"goblet":"위암 반석의 술잔","plume":"험한 산봉우리의 날개","circlet":"부동현석의 상","flower":"바위 틈에서 자라난 꽃","sands":"성라규벽의 시계"},"bonuses":["바위 원소 피해 보너스+15%","결정 반응으로 만들어진 결정을 획득 시 파티 내 모든 캐릭터는 해당 원소 피해 보너스를 35% 획득한다. 지속 시간: 10초. 이러한 효과로 1가지의 원소 피해 보너스만 획득할 수 있다"],"rarity":[4,5],"domain":"domain_of_guyun"},"retracing_bolide":{"id":"retracing_bolide","name":"날아오르는 유성","setPiece":[2,4],"sets":{"goblet":"여름 축제의 물풍선","plume":"여름 축제의 끝","circlet":"여름 축제의 가면","flower":"여름 축제의 꽃","sands":"여름 축제의 시계"},"bonuses":["보호막 강화 효과+35%","보호막이 존재 시 추가로 일반 공격과 강공격 보너스를 40% 획득한다"],"rarity":[4,5],"domain":"domain_of_guyun"},"heart_of_depth":{"id":"heart_of_depth","name":"몰락한 마음","setPiece":[2,4],"sets":{"goblet":"해연의 잔","plume":"추억의 바람","circlet":"술로 얼룩진 수병모","flower":"도금 브로치","sands":"단단한 구리 나침반"},"bonuses":["물 원소 피해 보너스+15%","원소전투 스킬 발동 후 15초 동안 일반 공격과 강공격으로 가하는 피해가 30% 증가한다"],"rarity":[4,5],"domain":"peak_of_vindagnyr"},"tenacity_of_the_millelith":{"id":"tenacity_of_the_millelith","name":"견고한 천암","setPiece":[2,4],"sets":{"goblet":"맹세의 금잔","plume":"소무의 깃털","circlet":"장수의 투구","flower":"공로의 꽃","sands":"금동의 해시계"},"bonuses":["HP+20%","원소전투 스킬이 적을 명중하면 파티 내 주변 모든 캐릭터의 공격력이 20% 증가하고, 보호막 강화 효과가 30% 증가한다. 지속 시간: 3초. 해당 효과는 0.5초마다 최대 1회 발동되며, 해당 성유물을 장착 한 캐릭터가 대기 상태 일 때도 발동된다"],"rarity":[4,5],"domain":"ridge_watch"},"pale_flame":{"id":"pale_flame","name":"창백의 화염","setPiece":[2,4],"sets":{"goblet":"초월의 잔","plume":"명의의 깃털","circlet":"조소의 가면","flower":"무구의 꽃","sands":"정지된 시간"},"bonuses":["가하는 물리 피해+25%","원소전투 스킬로 적을 명중하면 공격력이 9% 증가한다. 지속 시간: 7초, 최대 중첩수: 2회. 해당 효과는 0.3초마다 1회 발동되며, 2회 중첩 시 2세트의 효과가 100% 증가한다"],"rarity":[4,5],"domain":"ridge_watch"},"shimenawas_reminiscence":{"id":"shimenawas_reminiscence","name":"추억의 시메나와","setPiece":[2,4],"sets":{"goblet":"기도하는 마음","plume":"회상의 화살","circlet":"무상의 가면","flower":"속박의 꽃","sands":"아침 이슬의 시간"},"bonuses":["공격력+18%","원소전투 스킬 발동 후 캐릭터의 원소 에너지가 15pt 이상일 경우, 15pt의 원소 에너지를 잃는다. 그 후 10초 동안 일반 공격, 강공격, 낙하 공격으로 가하는 피해가 50% 증가한다. 지속 기간 내에 해당 효과는 다시 발동하지 않는다"],"rarity":[4,5],"domain":"momiji-dyed_court"},"emblem_of_severed_fate":{"id":"emblem_of_severed_fate","name":"절연의 기치","setPiece":[2,4],"sets":{"goblet":"진홍의 주전자","plume":"떨어진 깃털","circlet":"화려한 투구","flower":"위엄의 날밑","sands":"뇌운의 함"},"bonuses":["원소 충전 효율+20%","원소폭발로 가하는 피해가 원소 충전 효율의 25%만큼 증가한다. 해당 방식으로 최대 75%까지 증가할 수 있다"],"rarity":[4,5],"domain":"momiji-dyed_court"},"husk_of_opulent_dreams":{"id":"husk_of_opulent_dreams","name":"풍요로운 꿈의 껍데기","setPiece":[2,4],"sets":{"goblet":"꿈에서 깬 조롱박","plume":"화관(華館)의 깃털","circlet":"형해의 삿갓","flower":"영광의 꽃의 시간","sands":"중생의 노래"},"bonuses":["방어력+30%","해당 성유물 세트를 장착한 캐릭터는 아래 상황에서 「문답」 효과를 얻는다: 필드 위에서 바위 원소 공격으로 적 명중 시 1스택 획득, 0.3초마다 최대 1회 발동된다. 대기 상태일 때 3초마다 1스택 획득. 문답 효과는 최대 4스택까지 중첩 가능하고, 스택 당 6%의 방어력과 6%의 바위 원소 피해 보너스를 제공한다. 6초마다 문답 효과를 획득하지 못할 경우, 1스택이 차감된다"],"rarity":[4,5],"domain":"slumbering_court"},"ocean-hued_clam":{"id":"ocean-hued_clam","name":"바다에 물든 거대 조개","setPiece":[2,4],"sets":{"goblet":"진주의 요람","plume":"연궁의 깃털","circlet":"와타츠미의 왕관","flower":"바다에 물든 꽃","sands":"이별의 조개"},"bonuses":["치유 보너스+15%","해당 성유물 세트를 장착한 캐릭터가 파티 내 캐릭터를 치유하면, 3초간 지속되는 바다에 물든 거품을 생성해 치유한 HP의 회복량을 기록한다(초과된 수치 포함). 지속 시간 종료 후 바다에 물든 거품이 폭발해 주변의 적에게 누적 회복량의 90%에 해당하는 피해를 준다(해당 피해 계산 방식은 감전, 초전도 등 원소 반응의 방식과 같지만, 원소 마스터리, 레벨 또는 반응 피해 보너스 효과의 영향을 받지 않는다). 3.5초마다 최대 1개의 바다에 물든 거품이 생성되며, 바다에 물든 거품은 초과한 부분의 치유량을 포함해 최대 30,000pt의 회복량을 기록할 수 있다. 자신의 파티에 바다에 물든 거품은 동시에 1개만 존재할 수 있다. 해당 성유물 세트를 장착한 캐릭터가 대기 상태일 때도 해당 효과가 발동한다"],"rarity":[4,5],"domain":"slumbering_court"},"vermillion_hereafter":{"id":"vermillion_hereafter","name":"진사 왕생록","setPiece":[2,4],"sets":{"goblet":"계약의 순간","plume":"숨겨진 빛의 깃털","circlet":"번개의 자태","flower":"생령의 꽃","sands":"태양의 유물"},"bonuses":["공격력+18%","원소폭발 시전 후 16초 동안 「숨겨진 빛」 효과가 생성되고, 공격력이 8% 증가한다. 캐릭터 HP가 감소할 때 공격력이 10% 더 증가한다. 이러한 방식으로 최대 4회 증가할 수 있으며, 0.8초마다 1회 발동한다. 「숨겨진 빛」 효과는 캐릭터 퇴장 시 사라진다. 지속 시간 동안 다시 원소폭발 발동 시 기존의 「숨겨진 빛」이 사라진다"],"rarity":[4,5],"domain":"the_lost_valley"},"echoes_of_an_offering":{"id":"echoes_of_an_offering","name":"제사의 여운","setPiece":[2,4],"sets":{"goblet":"샘물의 찻잔","plume":"옥의 잎","circlet":"추억의 보옥","flower":"혼향의 꽃","sands":"축사의 증명"},"bonuses":["공격력+18%","일반 공격이 적 명중 시, 36%의 확률로 「유곡의 축사」를 발동한다. 「유곡의 축사」: 일반 공격으로 가하는 피해가 공격력의 70%만큼 증가한다. 해당 효과는 일반 공격으로 피해를 가한 다음 0.05초 후에 사라진다. 일반 공격으로 「유곡의 축사」가 발동되지 않을 때, 다음 공격에서 발동될 확률이 20% 증가한다. 0.2초 내 최대 1회 발동 여부를 판정한다"],"rarity":[4,5],"domain":"the_lost_valley"},"deepwood_memories":{"id":"deepwood_memories","name":"숲의 기억","setPiece":[2,4],"sets":{"goblet":"방황하는 자의 등잔","plume":"푸른 덩굴의 현자","circlet":"월계수 왕관","flower":"미궁의 유객","sands":"현명의 주기"},"bonuses":["풀 원소 피해 보너스+15%","원소전투 스킬 또는 원소폭발 공격에 명중된 적은 풀 원소 내성이 30% 감소한다. 지속 시간: 8초. 장착 캐릭터가 대기 상태일 때도 해당 효과는 발동된다"],"rarity":[4,5],"domain":"spire_of_solitary_enlightenment"},"gilded_dreams":{"id":"gilded_dreams","name":"도금된 꿈","setPiece":[2,4],"sets":{"goblet":"달콤한 마지막 연회","plume":"심판의 날개","circlet":"모래왕의 그림자","flower":"꿈속에 피어난 철의 꽃","sands":"가라앉은 세월"},"bonuses":["원소 마스터리+80pt","원소 반응 발동 후 8초 동안 파티 내 다른 캐릭터의 원소 유형에 따라 장착 캐릭터가 강화 효과를 받는다: 파티 내 장착 캐릭터와 동일한 원소 타입의 캐릭터가 1명 존재할 때마다 공격력이 14% 증가한다. 파티 내 장착 캐릭터와 다른 원소 타입의 캐릭터가 1명 존재할 때마다 원소 마스터리가 50pt 증가한다. 해당 효과는 각각 최대 3명의 캐릭터까지 계산한다. 해당 효과는 8초마다 최대 1회 발동된다. 장착 캐릭터가 대기 상태일 때도 해당 효과는 발동된다"],"rarity":[4,5],"domain":"spire_of_solitary_enlightenment"},"desert_pavilion_chronicle":{"id":"desert_pavilion_chronicle","name":"모래 위 누각의 역사","setPiece":[2,4],"sets":{"goblet":"기나긴 꿈의 수호","plume":"황금빛 국가의 결말","circlet":"사막 왕족의 유산","flower":"왕의 도시의 탄생","sands":"길을 잃어버린 시계"},"bonuses":["바람 원소 피해 보너스+15%","강공격이 적을 명중 후, 해당 캐릭터의 일반 공격 속도가 10% 증가하고 일반 공격, 강공격, 낙하 공격으로 가하는 피해가 40% 증가한다. 지속 시간: 15초"],"rarity":[4,5],"domain":"city_of_gold"},"flower_of_paradise_lost":{"id":"flower_of_paradise_lost","name":"잃어버린 낙원의 꽃","setPiece":[2,4],"sets":{"goblet":"비밀을 지키는 요술병","plume":"시들어버린 연회","circlet":"자수정 화관","flower":"월녀의 색채","sands":"엉겨 붙은 찰나"},"bonuses":["원소 마스터리+80pt","장착 캐릭터가 개화, 만개, 발화 반응으로 가하는 피해가 40% 증가한다. 또한 장착 캐릭터가 개화, 만개, 발화를 발동하면 해당 효과로 증가한 보너스가 25% 증가한다. 지속 시간: 10초. 최대 중첩수: 4회. 해당 효과는 1초마다 최대 1회 발동되며, 장착 캐릭터가 대기 상태일 때도 발동된다"],"rarity":[4,5],"domain":"city_of_gold"}}