{"adventurer":{"id":"adventurer","name":"Aventureiro","setPiece":[2,4],"sets":{"goblet":"Cálice de Ouro do Aventureiro","plume":"Pena de Cauda de Aventureiro","circlet":"Bandana de Aventureiro","flower":"Rosa do Aventureiro","sands":"Relógio de Bolso do Aventureiro"},"bonuses":["Vida Máx. +1000","Abrir um baú recupera 30% de Vida Máxima durante 5 segundos."],"rarity":[1,2,3],"domain":"midsummer_courtyard"},"lucky_dog":{"id":"lucky_dog","name":"O Sortudo","setPiece":[2,4],"sets":{"goblet":"Cálice do Sortudo","plume":"Pena de Águia do Sortudo","circlet":"Grinalda de Prata do Sortudo","flower":"Flor Verde do Sortudo","sands":"Ampulheta do Sortudo"},"bonuses":["DEF +100","Ao coletar Mora, restaura 300 de Vida."],"rarity":[1,2,3],"domain":"domain_of_guyun"},"traveling_doctor":{"id":"traveling_doctor","name":"O Doutor viajante","setPiece":[2,4],"sets":{"goblet":"Pote de Medicamentos do Doutor Viajante","plume":"Pena de Coruja do Doutor Viajante","circlet":"Lenço do Doutor Viajante","flower":"Lótus de Prata do Doutor Viajante","sands":"Relógio de Bolso do Doutor Viajante"},"bonuses":["Aumenta o efeito de cura em 20%.","Após usar o Supremo, restaura 20% de Vida."],"rarity":[1,2,3],"domain":"valley_of_remembrance"},"resolution_of_sojourner":{"id":"resolution_of_sojourner","name":"Resolução de Sojourner","setPiece":[2,4],"sets":{"goblet":"Cálice de Uma Terra Desconhecida","plume":"Pluma do Regresso","circlet":"Coroa da Despedida","flower":"Coração de Camaradagem","sands":"Pedra do Caçador da Luz"},"bonuses":["ATQ +18%.","Aumenta a Taxa Crítica do Ataque Carregado em 30%."],"rarity":[3,4],"domain":"midsummer_courtyard"},"tiny_miracle":{"id":"tiny_miracle","name":"Pequeno Milagre","setPiece":[2,4],"sets":{"goblet":"Cálice do Milagre","plume":"Pena do Milagre","circlet":"Brincos do Milagre","flower":"Flor do Milagre","sands":"Ampulheta do Milagre"},"bonuses":["RES de todos os Elementos +20%.","O Dano elemental recebido aumenta a RES Elemental correspondente em 30% por 10s. Pode ser lançado uma vez a cada 10s."],"rarity":[3,4],"domain":"valley_of_remembrance"},"berserker":{"id":"berserker","name":"Berserker","setPiece":[2,4],"sets":{"goblet":"Taça de Ossos de Berserker","plume":"Pluma de Berserker","circlet":"Máscara de Batalha de Berserker","flower":"Rosa de Berserker","sands":"Relógio de Berserker"},"bonuses":["Taxa Crítica +12%","Quando a Vida estiver abaixo de 70%, a Taxa Crítica aumenta 24%."],"rarity":[3,4]},"instructor":{"id":"instructor","name":"Instrutor","setPiece":[2,4],"sets":{"goblet":"Copo de Chá de Instrutor","plume":"Acessório de Penas de Instrutor","circlet":"Chapéu de Instrutor","flower":"Broche de Instrutor","sands":"Relógio de Bolso de Instrutor"},"bonuses":["Proficiência Elemental +80","Após uma Reação Elemental aumenta a Proficiência Elemental de todos os membros da Equipe em 120 por 8s."],"rarity":[3,4]},"the_exile":{"id":"the_exile","name":"O Exilado","setPiece":[2,4],"sets":{"goblet":"Cálice do Exilado","plume":"Pena do Exilado","circlet":"Grinalda do Exilado","flower":"Flor do Exilado","sands":"Relógio de Bolso do Exilado"},"bonuses":["Recarga de Energia +20%","Ao usar o Supremo, regenera 2 de Energia a todos os personagens da equipe (excluindo o portador) a cada 2s por 6s. Este efeito não pode ser acumulado."],"rarity":[3,4]},"defenders_will":{"id":"defenders_will","name":"Guardião","setPiece":[2,4],"sets":{"goblet":"Sangue do Guarda","plume":"Emblema do Guarda","circlet":"Cinto do Guarda","flower":"Flor do Guarda","sands":"Relógio do Guarda"},"bonuses":["DEF +30%","Aumenta a própria RES do respectivo elemento em 30% para cada elemento diferente dos seus personagens da equipe."],"rarity":[3,4],"domain":"hidden_palace_of_zhou_formula"},"brave_heart":{"id":"brave_heart","name":"Coração Valente","setPiece":[2,4],"sets":{"goblet":"Despedida do Valente","plume":"Esperança do Valente","circlet":"Coroa do Valente","flower":"Medalha do Valente","sands":"Persistência do Valente"},"bonuses":["ATQ +18%.","Aumenta o Dano em 30% contra os inimigos com mais de 50% de Vida."],"rarity":[3,4],"domain":"ridge_watch"},"martial_artist":{"id":"martial_artist","name":"Artista Marcial","setPiece":[2,4],"sets":{"goblet":"Taça de Vinho de Artista Marcial","plume":"Acessório de Penas de Artista Marcial","circlet":"Bandana de Artista Marcial","flower":"Flor Vermelha de Artista Marcial","sands":"Ampulheta de Artista Marcial"},"bonuses":["Aumenta o Dano do Ataque Normal e do Ataque Carregado em 15%.","Após usar uma Habilidade Elemental, aumenta o Dano do Ataque Normal e Ataque Carregado em 25% por 8s."],"rarity":[3,4],"domain":"ridge_watch"},"gambler":{"id":"gambler","name":"Apostador","setPiece":[2,4],"sets":{"goblet":"Copo de Dados do Apostador","plume":"Acessório de Penas de Apostador","circlet":"Brincos de Apostador","flower":"Broche de Apostador","sands":"Relógio de Bolso de Apostador"},"bonuses":["Aumenta o dano da Habilidade Elemental em 20%.","Ao derrotar um inimigo, possui 100% de chance de remover a Recarga da Habilidade Elemental. Este efeito pode ser ativado uma vez a cada 15s."],"rarity":[3,4],"domain":"spire_of_solitary_enlightenment"},"scholar":{"id":"scholar","name":"O Estudioso","setPiece":[2,4],"sets":{"goblet":"Cálice de Tinta do Estudioso","plume":"Caneta de Pena de Estudioso","circlet":"Lentes do Estudioso","flower":"Marca-páginas de Estudioso","sands":"Relógio do Estudioso"},"bonuses":["Recarga de Energia +20%","Obter Partículas ou Orbes Elementais confere 3 de Energia a todos os membros da equipe que possuem um arco ou catalisador equipado. Pode ser ativado uma vez a cada 3s."],"rarity":[3,4],"domain":"clear_pool_and_mountain_cavern"},"prayers_for_illumination":{"id":"prayers_for_illumination","name":"Xamã do Ritual Pyro","setPiece":[1],"sets":{"circlet":"Coroa do Ritual Pyro"},"bonuses":["Reduz a duração dos efeitos causados por Pyro em 40%."],"rarity":[3,4]},"prayers_for_destiny":{"id":"prayers_for_destiny","name":"Orações para o Destino","setPiece":[1],"sets":{"circlet":"Coroa do Ritual Hydro"},"bonuses":["Reduz a duração dos efeitos causados por Hydro em 40%."],"rarity":[3,4]},"prayers_for_wisdom":{"id":"prayers_for_wisdom","name":"Xamã do Ritual Electro","setPiece":[1],"sets":{"circlet":"Coroa do Ritual Electro"},"bonuses":["Reduz a duração dos efeitos causados por Electro em 40%."],"rarity":[3,4]},"prayers_to_springtime":{"id":"prayers_to_springtime","name":"Orações para a Primavera","setPiece":[1],"sets":{"circlet":"Tiara de Gelo"},"bonuses":["Reduz a duração dos efeitos causados por Cryo em 40%."],"rarity":[3,4]},"blizzard_strayer":{"id":"blizzard_strayer","name":"Herói Invernal","setPiece":[2,4],"sets":{"goblet":"Orgulho da Geada","plume":"Determinação do Quebrador de Gelo","circlet":"Eco do Inverno","flower":"Memória da Nevasca","sands":"Fim da Terra Natal Gelada"},"bonuses":["Bônus de Dano Cryo +15%","Quando um personagem ataca um inimigo afetado por Cryo, a sua Taxa CRIT aumenta em 20%. Adicionalmente, se o inimigo estiver Congelado, a Taxa CRIT aumenta em mais 20%."],"rarity":[4,5],"domain":"peak_of_vindagnyr"},"thundersoother":{"id":"thundersoother","name":"Lançador de Trovões","setPiece":[2,4],"sets":{"goblet":"Cálice do Domador de Raios","plume":"Pena do Domador de Raios","circlet":"Coroa do Domador de Raios","flower":"Coração do Domador de Raios","sands":"Ápice do Domador de Raios"},"bonuses":["RES Electro +40%","Aumenta o Dano contra inimigos afetados por Electro em 35%."],"rarity":[4,5],"domain":"midsummer_courtyard"},"lavawalker":{"id":"lavawalker","name":"Atravessador do Fogo","setPiece":[2,4],"sets":{"goblet":"Despertamento do Corredor de Lava","plume":"Libertação do Corredor de Lava","circlet":"Sabedoria do Corredor de Lava","flower":"Determinação do Corredor de Lava","sands":"Tortura do Corredor de Lava"},"bonuses":["RES Pyro +40%","Aumenta o Dano contra inimigos afetados por Pyro em 35%."],"rarity":[4,5],"domain":"hidden_palace_of_zhou_formula"},"maiden_beloved":{"id":"maiden_beloved","name":"Donzela Amada","setPiece":[2,4],"sets":{"goblet":"Passatempo da Donzela","plume":"Lembranças da Donzela","circlet":"Beleza Desvanecida da Donzela","flower":"Amor Distante da Donzela","sands":"Juventude Passageira da Donzela"},"bonuses":["Efeito de Cura do Personagem aumenta em 15%","Ao usar uma Habilidade Elemental ou Explosão, aumenta a cura recebida por todos os membros da equipe em 20% por 10s."],"rarity":[4,5],"domain":"valley_of_remembrance"},"gladiators_finale":{"id":"gladiators_finale","name":"Último Juramento do Gladiador","setPiece":[2,4],"sets":{"goblet":"Embriaguez do Gladiador","plume":"Destino do Gladiador","circlet":"Triunfo do Gladiador","flower":"Nostalgia do Gladiador","sands":"Esperança do Gladiador"},"bonuses":["ATQ +18%.","Se o portador deste conjunto de artefato usar uma Espada, Espadão ou Lança, aumenta o Dano de seus Ataques Normais em 35%."],"rarity":[4,5]},"viridescent_venerer":{"id":"viridescent_venerer","name":"Sombra Verde","setPiece":[2,4],"sets":{"goblet":"Frasco do Caçador Verde","plume":"Pena de Flecha do Caçador Verde","circlet":"Coroa do Caçador Verde","flower":"Lembrança de Flores Silvestres","sands":"Determinação do Caçador Verde"},"bonuses":["Bônus de Dano Anemo +15%","Aumenta o Dano do Redemoinho em 60%. Dependendo do tipo elemento infundido, diminui a RES Elemental correspondente do oponente em 40% por 10s."],"rarity":[4,5],"domain":"valley_of_remembrance"},"wanderers_troupe":{"id":"wanderers_troupe","name":"Trupe Itinerante","setPiece":[2,4],"sets":{"goblet":"Chaleira do Bardo","plume":"Pena de Flecha do Bardo","circlet":"Chapéu do Comandante","flower":"Luz Matinal da Orquestra","sands":"Queda de Cortina"},"bonuses":["Proficiência Elemental +80","Aumenta o Dano do Ataque Carregado em 35% se o personagem estiver usando Catalisador ou Arco."],"rarity":[4,5]},"thundering_fury":{"id":"thundering_fury","name":"Trovão Furioso","setPiece":[2,4],"sets":{"goblet":"Profecia do Trovão","plume":"Sobreviventes da Catástrofe","circlet":"Coroa do Invocador do Trovão","flower":"Misericórdia da Pássaro do Trovão","sands":"Relógio do Trovão"},"bonuses":["Bônus de Dano Electro +15%","Aumenta o Dano causado por Sobrecarga, Eletricamente Carregado, Supercondutor e Superflorescimento em 40%, e o Bônus de Dano causado pela Intensificação é aumentado em 20%. Quando Aceleração ou as outras reações elementais mencionadas anteriormente são desencadeadas, o Tempo de Recarga das Habilidades Elementais é reduzido em 1s. Podendo acontecer apenas uma vez a cada 0.8s."],"rarity":[4,5],"domain":"midsummer_courtyard"},"crimson_witch_of_flames":{"id":"crimson_witch_of_flames","name":"A Bruxa das Chamas Carmesim","setPiece":[2,4],"sets":{"goblet":"Chamas do Coração da Bruxa","plume":"Pena Ardente da Bruxa","circlet":"Chapéu Abrasador da Bruxa","flower":"Flor de Labareda da Bruxa","sands":"Fim dos Tempos da Bruxa"},"bonuses":["Bônus de Dano Pyro +15%","Aumenta o Dano causado por Sobrecarga, Queimaduras e Germinação em 40%. Aumenta o Dano causado por Vaporização e Fusão em 15%. Usar Habilidades Elementais aumenta o efeito de Bônus de Conjunto de 2 Peças em 50% do seu valor inicial por 10s. Máximo de 3 acúmulos."],"rarity":[4,5],"domain":"hidden_palace_of_zhou_formula"},"noblesse_oblige":{"id":"noblesse_oblige","name":"Antigo Ritual Real","setPiece":[2,4],"sets":{"goblet":"Urna de Prata Real","plume":"Pena Real","circlet":"Máscara Real","flower":"Flor Real","sands":"Relógio de Bolso Real"},"bonuses":["Dano do Supremo +20%","Usar o Supremo aumenta o ATQ de todos os membros da equipe em 20% por 12s. Este efeito não pode ser acumulado."],"rarity":[4,5],"domain":"clear_pool_and_mountain_cavern"},"bloodstained_chivalry":{"id":"bloodstained_chivalry","name":"Cavaleiro Manchado de Sangue","setPiece":[2,4],"sets":{"goblet":"Cálice do Cavaleiro Sanguinário","plume":"Pena Negra Sanguinária","circlet":"Máscara de Ferro Sanguinária","flower":"Coração de Ferro Sanguinário","sands":"Relógio do Cavaleiro Sanguinário"},"bonuses":["Dano Físico causado +25%","Após derrotar um oponente, aumenta o Dano do Ataque Carregado em 50% e reduz seu custo de Stamina para 0 por 10s."],"rarity":[4,5],"domain":"clear_pool_and_mountain_cavern"},"archaic_petra":{"id":"archaic_petra","name":"Pedra Arcaica","setPiece":[2,4],"sets":{"goblet":"Taça do Escultor de Pedra","plume":"Asas do Pico da Montanha","circlet":"Imagem de uma Pedra Imóvel","flower":"Flor do Penhasco Rachado","sands":"Relógio de Sol de Jade Duradouro"},"bonuses":["Obtém 15% de Bônus de Dano Geo.","Ao obter um Fragmento Elemental por meio de uma Reação de Cristalização, todos os personagens na equipe ganham 35% de DMG para esse elemento em particular por 10s. Somente uma forma de Dano Elemental pode ser obtida dessa maneira a qualquer momento."],"rarity":[4,5],"domain":"domain_of_guyun"},"retracing_bolide":{"id":"retracing_bolide","name":"Meteoro Invertido","setPiece":[2,4],"sets":{"goblet":"Balões de Água do Festival de Verão","plume":"Fim do Festival de Verão","circlet":"Máscara do Festival de Verão","flower":"Flor do Festival de Verão","sands":"Momento do Festival de Verão"},"bonuses":["Aumenta a efetividade de escudos em 35%","Ganha um adicional de 40% de Dano Normal e Carregado enquanto estiver sob a proteção de um escudo."],"rarity":[4,5],"domain":"domain_of_guyun"},"heart_of_depth":{"id":"heart_of_depth","name":"Profundezas do Coração","setPiece":[2,4],"sets":{"goblet":"Cálice das Profundezas","plume":"Brisa da Nostalgia","circlet":"Quepe de Capitão Manchado de Vinho","flower":"Broche Dourado","sands":"Bússola de Cobre"},"bonuses":["Bônus de Dano Hydro +15%","Após usar uma Habilidade Elemental, aumenta o Dano do Ataque Normal e Carregado em 30% por 15s."],"rarity":[4,5],"domain":"peak_of_vindagnyr"},"tenacity_of_the_millelith":{"id":"tenacity_of_the_millelith","name":"Millelith Firmes","setPiece":[2,4],"sets":{"goblet":"Taça Dourada do Juramento","plume":"Pena Brilhante Marcial","circlet":"Capacete do Comandante","flower":"Flor da Conquista","sands":"Relógio de Sol Dourado"},"bonuses":["Aumenta a Vida em 20%","Quando a Habilidade Elemental atinge um oponente, o ATQ de todos os membros da equipe próximos aumenta em 20% e sua Força do Escudo aumenta em 30% por 3s. Esse efeito pode ser ativado uma vez a cada 0,5s. Esse efeito ainda pode ser ativado mesmo quando o personagem que está usando esse conjunto de artefatos não está em campo."],"rarity":[4,5],"domain":"ridge_watch"},"pale_flame":{"id":"pale_flame","name":"Chama Pálida","setPiece":[2,4],"sets":{"goblet":"Taça da Superação","plume":"Pena do Médico Virtuoso","circlet":"Máscara Sorridente","flower":"Flor da Purificação","sands":"Momento de Cessação"},"bonuses":["Dano Físico causado +25%","Quando a Habilidade Elemental atinge um inimigo, o Ataque aumenta em 9% por 7s. Esse efeito acumula até 2 vezes e pode ser desencadeado uma vez a cada 0.3s. Quando se possui 2 acúmulos, o efeito do conjunto de 2 Artefatos é aumentado em 100%."],"rarity":[4,5],"domain":"ridge_watch"},"shimenawas_reminiscence":{"id":"shimenawas_reminiscence","name":"Reminescência Nostálgica","setPiece":[2,4],"sets":{"goblet":"Coração da Esperança","plume":"Flecha das Memórias Ponderativas","circlet":"Máscara das Mutações","flower":"Flor Envolvente","sands":"Relógio da Alvorada"},"bonuses":["ATQ +18%.","Ao lançar sua Habilidade Elemental, se a Energia Elemental do Personagem for maior ou igual a 15, ele perderá 15 pontos de Energia Elemental e nos próximos 10s, seus Ataques Normais, Ataques Carregados, Ataques Imersivos terão um aumento de 50% de Dano. Esse efeito só pode ser desencadeado uma vez dentro desse intervalo de tempo."],"rarity":[4,5],"domain":"momiji-dyed_court"},"emblem_of_severed_fate":{"id":"emblem_of_severed_fate","name":"Selo da Insulação","setPiece":[2,4],"sets":{"goblet":"Ânfora das Flores Escarlates","plume":"Pluma Cortada","circlet":"Capacete Ornamentado","flower":"Pomo Poderoso","sands":"Gaiola da Tempestade"},"bonuses":["Recarga de Energia +20%","Aumenta o Dano do Supremo em 25% da Recarga de Energia. No máximo é possível obter 75% de aumento de Dano dessa maneira."],"rarity":[4,5],"domain":"momiji-dyed_court"},"husk_of_opulent_dreams":{"id":"husk_of_opulent_dreams","name":"Casca de Sonhos Opulentos","setPiece":[2,4],"sets":{"goblet":"Despertar dos Sonhos","plume":"Plumas da Opulência","circlet":"Chapéu da Marionete","flower":"Período de Glória","sands":"Canção da Vida"},"bonuses":["DEF +30%","Um personagem com este conjunto de artefatos equipado obterá o efeito de Curiosidade nas seguintes condições: Quando estiver no campo de batalha, o personagem ganha 1 carga após atingir um adversário com um ataque Geo, isso pode ser desencadeado uma vez a cada 0.3s. Quando fora do campo de batalha, o personagem ganha 1 carga a cada 3s. A Curiosidade pode acumular em até 4 vezes, cada uma fornecendo 6% de DEF e um Bônus de Dano Geo de também 6%. Quando 6 segundos passam sem ganhar um acúmulo de Curiosidade, 1 acúmulo é perdido."],"rarity":[4,5],"domain":"slumbering_court"},"ocean-hued_clam":{"id":"ocean-hued_clam","name":"Concha Tingida Pelo Mar","setPiece":[2,4],"sets":{"goblet":"Jaula de Pérola","plume":"Pluma do Palácio Profundo","circlet":"Coroa de Watatsumi","flower":"Flor Tingida Pelo Mar","sands":"Concha da Separação"},"bonuses":["Bônus de Cura +15%","Quando o personagem que equipa este conjunto de artefatos cura outro personagem da sua equipe, ele cria o efeito de \"Bolha de Espuma do Mar\" durante 3s, que registra a quantidade de vida regenerada (incluindo a regenerada acima de 100%). No final da duração do efeito, a Bolha de Espuma do Mar explode, causando dano aos inimigos ao redor com base em 90% da vida regenerada. (Esse Dano é calculado de forma semelhante a reações como Eletricamente Carregado e Supercondutor, mas não é afetado pela Proficiência Elemental, níveis de personagens ou dano bônus de reações.) Apenas se pode criar uma Bolha de Espuma do Mar a cada 3.5s, e esta poderá registrar no máximo 30.000 pontos de vida, incluindo aqueles regenerados acima de 100%. Além disso, apenas uma Bolha de Espuma do Mar pode existir em sua equipe de cada vez. Quando o personagem equipando este conjunto de artefatos está na equipe, mas não em combate, poderá ainda assim ativar este efeito."],"rarity":[4,5],"domain":"slumbering_court"},"vermillion_hereafter":{"id":"vermillion_hereafter","name":"Além-vida Cinábrio","setPiece":[2,4],"sets":{"goblet":"Entalhe do Contrato","plume":"Pena do Esplendor","circlet":"Postura Eletrizante","flower":"Brilho da Vitalidade","sands":"Relíquia do Sol"},"bonuses":["ATQ +18%.","Depois do Supremo ser usado, será desencadeado o efeito de \"Luz Nascente\" por 16s: o ATQ será aumentado em 8% e quando a Vida do personagem diminuir, o ATQ aumentará mais 10%. Esse aumento pode ocorrer desta forma no máximo 4 vezes, e pode ser desencadeado 1 vez a cada 0.8s. O efeito de \"Luz Nascente\" desaparece quando o personagem sai do campo de batalha. Quando o personagem lança novamente o Supremo durante o efeito, o efeito original de \"Luz Nascente\" será removido."],"rarity":[4,5],"domain":"the_lost_valley"},"echoes_of_an_offering":{"id":"echoes_of_an_offering","name":"Eco do Sacrifício","setPiece":[2,4],"sets":{"goblet":"Cálice da Fonte","plume":"Folha de Jade","circlet":"Jades da Torrente","flower":"Flor da Fragrância Espiritual","sands":"Símbolo da Oferenda"},"bonuses":["ATQ +18%.","Quando o Ataque Normal atinge um inimigo, tem 36% de chance de ativar o Rito do Vale, que aumenta o Dano do Ataque Normal em 70% do ATQ. Esse efeito desaparece 0.05s após um Ataque Normal causar dano. Quando o Ataque Normal não ativar o Rito do Vale, aumenta a probabilidade de ativação em 20% na próxima vez. Essa ativação pode ocorrer 1 vez a cada 0.2s."],"rarity":[4,5],"domain":"the_lost_valley"},"deepwood_memories":{"id":"deepwood_memories","name":"Memórias da Floresta","setPiece":[2,4],"sets":{"goblet":"Lanterna do Perdido","plume":"Estudioso de Vinhas","circlet":"Diadema Láurea","flower":"Visitante do Labirinto","sands":"Momento de Sabedoria"},"bonuses":["Bônus de Dano Dendro +15%","Depois que as Habilidades Elementais ou Supremos acertam os oponentes, a RES Dendro dos alvos serão reduzidas em 30% por 8s. Esse efeito pode ser desencadeado mesmo se o personagem equipando este conjunto não estiver em campo."],"rarity":[4,5],"domain":"spire_of_solitary_enlightenment"},"gilded_dreams":{"id":"gilded_dreams","name":"Sonhos Dourados","setPiece":[2,4],"sets":{"goblet":"Banquete Final do Mel","plume":"Pluma do Julgamento","circlet":"Sombra do Rei das Areias","flower":"Flor de Metal Onírica","sands":"Anos Dourados"},"bonuses":["Proficiência Elemental +80","Dentro de 8s após causar uma Reação Elemental, o personagem equipando este conjunto irá obter aprimoramentos baseados no Tipo Elemental dos outros membros da equipe. O ATQ é aumentado em 14% para cada membro da equipe cujo Tipo Elemental seja o mesmo que o personagem equipando o conjunto. A Proficiência Elemental é aumentada em 50 para cada membro da equipe com Tipos Elementais diferentes. Cada um desses aprimoramentos mencionados anteriormente irá contar para até 3 personagens. Esse efeito pode ser desencadeado uma vez a cada 8s. O personagem que equipar este conjunto ainda pode ativar seu efeito mesmo que não esteja em campo."],"rarity":[4,5],"domain":"spire_of_solitary_enlightenment"},"desert_pavilion_chronicle":{"id":"desert_pavilion_chronicle","name":"Crônicas do Pavilhão do Deserto","setPiece":[2,4],"sets":{"goblet":"Protetor dos Sonhos Inebriantes","plume":"Final do País Dourado","circlet":"Tesouro das Areias Movediças","flower":"Início da Capital dos Reis","sands":"Relógio dos Caminhos Perdidos"},"bonuses":["Bônus de Dano Anemo +15%","Quando um Ataque Carregado atinge um inimigo, aumenta a Vel. de ATQ do Ataque Normal desse Personagem em 10% e aumenta o Dano infligido por Ataques Normais, Carregados e Imersivos em 40% por 15s."],"rarity":[4,5],"domain":"city_of_gold"},"flower_of_paradise_lost":{"id":"flower_of_paradise_lost","name":"Flor do Paraíso Perdido","setPiece":[2,4],"sets":{"goblet":"Garrafa Mágica da Confidência","plume":"Banquete dos Agradecimentos","circlet":"Coroa Ametista","flower":"Esplendor da Dama da Lua","sands":"Momento da Condensação"},"bonuses":["Aumenta a Proficiência Elemental em 80.","Aumenta em 40% o Dano infligido pelas reações de Florescimento, Superflorescimento e Germinação de seu portador. Além disto, após o personagem que está equipado com este conjunto de artefatos desencadear as reações de Florescimento, Superflorescimento e Germinação, o bônus descrito acima é aumentado em 25%. Este efeito dura 10s e pode ser acumulado até 4 vezes, podendo ser desencadeado 1 vez por segundo. Este efeito pode ser desencadeado também quando o seu portador está na equipe, porém fora do campo de batalha."],"rarity":[4,5],"domain":"city_of_gold"}}