{"adventurer":{"id":"adventurer","name":"Искатель приключений","setPiece":[2,4],"sets":{"goblet":"Кубок искателя приключений","plume":"Перо искателя приключений","circlet":"Повязка искателя приключений","flower":"Цветок искателя приключений","sands":"Часы искателя приключений"},"bonuses":["Увеличивает макс. HP на 1000 ед.","В течение 5 сек. после открытия любого сундука восстанавливает 30% HP."],"rarity":[1,2,3],"domain":"midsummer_courtyard"},"lucky_dog":{"id":"lucky_dog","name":"Везунчик","setPiece":[2,4],"sets":{"goblet":"Кубок везунчика","plume":"Орлиное перо везунчика","circlet":"Серебряная корона везунчика","flower":"Клевер везунчика","sands":"Песочные часы везунчика"},"bonuses":["Увеличивает защиту на 100 ед.","Поднятие монет восстанавливает 300 HP."],"rarity":[1,2,3],"domain":"domain_of_guyun"},"traveling_doctor":{"id":"traveling_doctor","name":"Целитель","setPiece":[2,4],"sets":{"goblet":"Чайничек целителя","plume":"Совиное перо целителя","circlet":"Платок целителя","flower":"Серебряный лотос целителя","sands":"Карманные часы целителя"},"bonuses":["Увеличивает получаемое лечение на 20%.","Использование взрыва стихии восстанавливает 20% HP."],"rarity":[1,2,3],"domain":"valley_of_remembrance"},"resolution_of_sojourner":{"id":"resolution_of_sojourner","name":"Решимость временщика","setPiece":[2,4],"sets":{"goblet":"Кубок временщика","plume":"Перо возвращения домой","circlet":"Венок расставания","flower":"Сердце товарищества","sands":"Солнечные часы временщика"},"bonuses":["Увеличивает силу атаки на 18%.","Увеличивает шанс крит. попадания заряженной атаки на 30%."],"rarity":[3,4],"domain":"midsummer_courtyard"},"tiny_miracle":{"id":"tiny_miracle","name":"Маленькое чудо","setPiece":[2,4],"sets":{"goblet":"Чашка маленького чуда","plume":"Перо маленького чуда","circlet":"Серёжки маленького чуда","flower":"Цветок маленького чуда","sands":"Песочные часы маленького чуда"},"bonuses":["Увеличивает сопротивление ко всем элементам на 20%.","Получаемый элементальный урон повышает сопротивление к соответствующему элементу на 30% в течение 10 сек. Может возникнуть раз в 10 сек."],"rarity":[3,4],"domain":"valley_of_remembrance"},"berserker":{"id":"berserker","name":"Берсерк","setPiece":[2,4],"sets":{"goblet":"Костяной кубок берсерка","plume":"Перо берсерка","circlet":"Боевая маска берсерка","flower":"Роза берсерка","sands":"Часы берсерка"},"bonuses":["Увеличивает шанс крит. попадания на 12%.","Увеличивает шанс крит. попадания на 24% при HP ниже 70%."],"rarity":[3,4]},"instructor":{"id":"instructor","name":"Инструктор","setPiece":[2,4],"sets":{"goblet":"Чайная кружка инструктора","plume":"Перо инструктора","circlet":"Кепка инструктора","flower":"Брошь инструктора","sands":"Карманные часы инструктора"},"bonuses":["Увеличивает мастерство стихий на 80 ед.","Вызов элементальной реакции увеличивает мастерство стихий всех членов отряда на 120 ед. в течение 8 сек."],"rarity":[3,4]},"the_exile":{"id":"the_exile","name":"Изгнанник","setPiece":[2,4],"sets":{"goblet":"Кубок изгнанника","plume":"Перо изгнанника","circlet":"Корона изгнанника","flower":"Цветок изгнанника","sands":"Карманные часы изгнанника"},"bonuses":["Увеличивает скорость восстановления энергии на 20%.","Использование взрыва стихии восстанавливает 2 ед. энергии остальным членам отряда (но не выбранному персонажу) каждые 2 сек. в течение 6 сек. Эффект не может складываться."],"rarity":[3,4]},"defenders_will":{"id":"defenders_will","name":"Воля защитника","setPiece":[2,4],"sets":{"goblet":"Фляжка защитника","plume":"Брошь защитника","circlet":"Повязка защитника","flower":"Цветок защитника","sands":"Часы защитника"},"bonuses":["Увеличивает защиту на 30%.","За каждого члена вашего отряда с неповторяющимся элементом повышает сопротивление к соответствующему элементу на 30%."],"rarity":[3,4],"domain":"hidden_palace_of_zhou_formula"},"brave_heart":{"id":"brave_heart","name":"Душа храбреца","setPiece":[2,4],"sets":{"goblet":"Проводы храбреца","plume":"Надежды храбреца","circlet":"Венок храбреца","flower":"Брошь храбреца","sands":"Стойкость храбреца"},"bonuses":["Увеличивает силу атаки на 18%.","Увеличивает на 30% урон против врагов с HP выше 50%."],"rarity":[3,4],"domain":"ridge_watch"},"martial_artist":{"id":"martial_artist","name":"Воин","setPiece":[2,4],"sets":{"goblet":"Винный бокал воина","plume":"Перо воина","circlet":"Повязка воина","flower":"Алый цветок воина","sands":"Водяные часы воина"},"bonuses":["Увеличивает урон обычной и заряженной атаки на 15%.","Увеличивает урон обычной и заряженной атаки на 25% в течение 8 сек. после использования элементального навыка."],"rarity":[3,4],"domain":"ridge_watch"},"gambler":{"id":"gambler","name":"Азартный игрок","setPiece":[2,4],"sets":{"goblet":"Стакан для костей азартного игрока","plume":"Перо азартного игрока","circlet":"Серёжки азартного игрока","flower":"Брошь азартного игрока","sands":"Карманные часы азартного игрока"},"bonuses":["Увеличивает урон элементального навыка на 20%.","Победа над противником со 100% шансом восстанавливает время отката элементального навыка. Может возникнуть раз в 15 сек."],"rarity":[3,4],"domain":"spire_of_solitary_enlightenment"},"scholar":{"id":"scholar","name":"Учёный","setPiece":[2,4],"sets":{"goblet":"Чернильница учёного","plume":"Перо учёного","circlet":"Очки учёного","flower":"Закладка учёного","sands":"Часы учёного"},"bonuses":["Увеличивает скорость восстановления энергии на 20%.","Получение элементальных сфер или частиц восстанавливает 3 ед. энергии членам отряда, экипированным стрелковым оружием или катализатором. Может возникнуть раз в 3 сек."],"rarity":[3,4],"domain":"clear_pool_and_mountain_cavern"},"prayers_for_illumination":{"id":"prayers_for_illumination","name":"Шаман огня","setPiece":[1],"sets":{"circlet":"Тиара огня"},"bonuses":["Уменьшает длительность полученного Пиро эффекта на 40%."],"rarity":[3,4]},"prayers_for_destiny":{"id":"prayers_for_destiny","name":"Шаман воды","setPiece":[1],"sets":{"circlet":"Тиара воды"},"bonuses":["Уменьшает длительность полученного Гидро эффекта на 40%."],"rarity":[3,4]},"prayers_for_wisdom":{"id":"prayers_for_wisdom","name":"Шаман молнии","setPiece":[1],"sets":{"circlet":"Тиара грома"},"bonuses":["Уменьшает длительность полученного Электро эффекта на 40%."],"rarity":[3,4]},"prayers_to_springtime":{"id":"prayers_to_springtime","name":"Шаман льда","setPiece":[1],"sets":{"circlet":"Тиара холода"},"bonuses":["Уменьшает длительность полученного Крио эффекта на 40%."],"rarity":[3,4]},"blizzard_strayer":{"id":"blizzard_strayer","name":"Заблудший в метели","setPiece":[2,4],"sets":{"goblet":"Морозная гордость","plume":"Решимость крушителя льда","circlet":"Эхо осколков инея","flower":"Занесённая снегом память","sands":"Гибель замёрзшей родины"},"bonuses":["Увеличивает бонус Крио урона на 15%.","Атаки по противникам с эффектом Крио увеличивают шанс крит. попадания на 20%. Если противник имеет статус Заморозка, то дополнительно увеличивает шанс крит. попадания на 20%."],"rarity":[4,5],"domain":"peak_of_vindagnyr"},"thundersoother":{"id":"thundersoother","name":"Усмиряющий гром","setPiece":[2,4],"sets":{"goblet":"Бокал усмиряющего гром","plume":"Перо усмиряющего гром","circlet":"Корона усмиряющего гром","flower":"Сердце усмиряющего гром","sands":"Время усмиряющего гром"},"bonuses":["Повышает Электро сопротивление на +40%.","Увеличивает урон против врагов, находящихся под действием Электро, на 35%."],"rarity":[4,5],"domain":"midsummer_courtyard"},"lavawalker":{"id":"lavawalker","name":"Ступающий по лаве","setPiece":[2,4],"sets":{"goblet":"Просветление ступающего по лаве","plume":"Спасение ступающего по лаве","circlet":"Мудрость ступающего по лаве","flower":"Решительность ступающего по лаве","sands":"Муки ступающего по лаве"},"bonuses":["Пиро сопротивление: +40%","Увеличивает урон против врагов, находящихся под действием Пиро, на 35%."],"rarity":[4,5],"domain":"hidden_palace_of_zhou_formula"},"maiden_beloved":{"id":"maiden_beloved","name":"Возлюбленная юная дева","setPiece":[2,4],"sets":{"goblet":"Досуг юной девы","plume":"Тоска юной девы","circlet":"Увядающая красота юной девы","flower":"Далёкая душа юной девы","sands":"Уходящая молодость юной девы"},"bonuses":["Увеличивает эффективность лечения на 15%.","Увеличивает получаемое лечение всех членов отряда на 20% в течение 10 сек. после использования элементального навыка или взрыва стихии."],"rarity":[4,5],"domain":"valley_of_remembrance"},"gladiators_finale":{"id":"gladiators_finale","name":"Конец гладиатора","setPiece":[2,4],"sets":{"goblet":"Пьянство гладиатора","plume":"Судьба гладиатора","circlet":"Триумф гладиатора","flower":"Ностальгия гладиатора","sands":"Стремление гладиатора"},"bonuses":["Увеличивает силу атаки на 18%.","Увеличивает урон обычной атаки на 35%, если персонаж использует одноручное, двуручное или древковое оружие."],"rarity":[4,5]},"viridescent_venerer":{"id":"viridescent_venerer","name":"Изумрудная тень","setPiece":[2,4],"sets":{"goblet":"Сосуд изумрудного охотника","plume":"Оперение стрелы изумрудного охотника","circlet":"Венок изумрудного охотника","flower":"Воспоминания об изумрудных лугах","sands":"Решимость изумрудного охотника"},"bonuses":["Увеличивает бонус Анемо урона на 15%.","Увеличивает урон Рассеивания на 60%. При взаимодействии Рассеивания с другим элементом, также понижает сопротивление противника к соответствующему элементу на 40% в течение 10 сек."],"rarity":[4,5],"domain":"valley_of_remembrance"},"wanderers_troupe":{"id":"wanderers_troupe","name":"Странствующий ансамбль","setPiece":[2,4],"sets":{"goblet":"Фляжка странника","plume":"Оперение стрелы барда","circlet":"Цилиндр дирижёра","flower":"Рассвет ансамбля","sands":"Окончание концерта"},"bonuses":["Увеличивает мастерство стихий на 80 ед.","Увеличивает урон заряженной атаки на 35%, если персонаж использует катализатор или стрелковое оружие."],"rarity":[4,5]},"thundering_fury":{"id":"thundering_fury","name":"Громогласный рёв ярости","setPiece":[2,4],"sets":{"goblet":"Предвестник бури","plume":"Переживший катастрофу","circlet":"Корона призывателя грома","flower":"Милосердие Громовой птицы","sands":"Песочные часы грома"},"bonuses":["Увеличивает бонус Электро урона на 15%.","Увеличивает урон реакций Перегрузка, Заряжен, Сверхпроводник и Вегетация на 40%. Урон от реакции Обострение увеличивается на 20%. При активации этих реакций, а также реакции Стимуляция, время отката элементального навыка уменьшается на 1 сек. Эффект может возникнуть не чаще 1 раза за 0.8 сек."],"rarity":[4,5],"domain":"midsummer_courtyard"},"crimson_witch_of_flames":{"id":"crimson_witch_of_flames","name":"Горящая алая ведьма","setPiece":[2,4],"sets":{"goblet":"Пламя ведьминого сердца","plume":"Пылающее ведьмино перо","circlet":"Тлеющая ведьмина шляпа","flower":"Ведьмин огненный цветок","sands":"Ведьмин последний час"},"bonuses":["Увеличивает бонус Пиро урона на 15%.","Увеличивает урон реакций Перегрузка, Горение и Цветение на 40%, а урон реакций Пар и Таяние на 15%. Использование элементального навыка увеличивает эффект набора из 2 предметов на 50% на 10 сек. Может складываться до 3 раз."],"rarity":[4,5],"domain":"hidden_palace_of_zhou_formula"},"noblesse_oblige":{"id":"noblesse_oblige","name":"Церемония древней знати","setPiece":[2,4],"sets":{"goblet":"Королевская серебряная фляжка","plume":"Королевское перо","circlet":"Королевская маска","flower":"Королевский цветок","sands":"Королевские карманные часы"},"bonuses":["Увеличивает урон взрыва стихии на 20%.","Активация взрыва стихии увеличивает силу атаки всех членов отряда на 20% в течение 12 сек. Эффект не складывается."],"rarity":[4,5],"domain":"clear_pool_and_mountain_cavern"},"bloodstained_chivalry":{"id":"bloodstained_chivalry","name":"Рыцарь крови","setPiece":[2,4],"sets":{"goblet":"Кубок рыцаря крови","plume":"Перо рыцаря крови","circlet":"Железная маска рыцаря крови","flower":"Железное сердце рыцаря крови","sands":"Час долга рыцаря крови"},"bonuses":["Увеличивает физ. урон на 25%.","После победы над противником увеличивает урон заряженной атаки на 50% и обнуляет стоимость выносливости заряженной атаки на 10 сек."],"rarity":[4,5],"domain":"clear_pool_and_mountain_cavern"},"archaic_petra":{"id":"archaic_petra","name":"Архаичный камень","setPiece":[2,4],"sets":{"goblet":"Кубок из резного камня","plume":"Перо зубчатых пиков","circlet":"Маска из одинокого базальта","flower":"Цветок скальных трещин","sands":"Часы из прочного нефрита"},"bonuses":["Увеличивает бонус Гео урона на 15%.","Подобранный элементальный осколок, образованный реакцией Кристалл, увеличивает бонус элементального урона соответствующего элемента всех членов отряда на 35% в течение 10 сек. Одновременно можно иметь бонус урона только одного элемента."],"rarity":[4,5],"domain":"domain_of_guyun"},"retracing_bolide":{"id":"retracing_bolide","name":"Встречная комета","setPiece":[2,4],"sets":{"goblet":"Шар равноденствия","plume":"Конец равноденствия","circlet":"Маска равноденствия","flower":"Цветок равноденствия","sands":"Час равноденствия"},"bonuses":["Увеличивает прочность щита на 35%.","Под защитой щита увеличивает урон обычной и заряженной атаки на 40%."],"rarity":[4,5],"domain":"domain_of_guyun"},"heart_of_depth":{"id":"heart_of_depth","name":"Сердце глубин","setPiece":[2,4],"sets":{"goblet":"Кубок оглушающих глубин","plume":"Порыв ностальгии","circlet":"Треуголка в пятнах вина","flower":"Позолоченная брошь","sands":"Медный компас"},"bonuses":["Увеличивает бонус Гидро урона на 15%.","Увеличивает урон обычной и заряженной атаки на 30% в течение 15 сек. после использования элементального навыка."],"rarity":[4,5],"domain":"peak_of_vindagnyr"},"tenacity_of_the_millelith":{"id":"tenacity_of_the_millelith","name":"Стойкость Миллелита","setPiece":[2,4],"sets":{"goblet":"Золотой кубок клятвы","plume":"Боевое перо командира","circlet":"Древний шлем генерала","flower":"Цветок почестей","sands":"Золотые часы"},"bonuses":["Увеличивает НР на 20%","Когда элементальный навык попадает по врагам, атака всех находящихся поблизости персонажей в отряде, увеличивается на 20%, а прочность их щита увеличивается на 30%. Эффект длится 3 сек. и может возникнуть 1 раз в 0,5 сек. Этот эффект может быть активирован, даже если персонаж, экипированный этим набором артефактов, не находится на поле боя."],"rarity":[4,5],"domain":"ridge_watch"},"pale_flame":{"id":"pale_flame","name":"Бледный огонь","setPiece":[2,4],"sets":{"goblet":"Превосходящая чаша","plume":"Перо мудрого лекаря","circlet":"Смеющаяся маска","flower":"Незапятнанный цветок","sands":"Замершее мгновение"},"bonuses":["Увеличивает физ. урон на 25%.","Когда элементальный навык попадает по врагам, атака увеличивается на 9% в течение 7 сек. Эффект может складываться до 2 раз и возникнуть не чаще 1 раза за 0,3 сек. На 2 уровне складывания эффект набора из 2 вещей увеличивается на 100%."],"rarity":[4,5],"domain":"ridge_watch"},"shimenawas_reminiscence":{"id":"shimenawas_reminiscence","name":"Воспоминания Симэнавы","setPiece":[2,4],"sets":{"goblet":"Полное надежд сердце","plume":"Стрела воспоминаний","circlet":"Непостоянный лик","flower":"Опутывающий цветок","sands":"Мгновение росы"},"bonuses":["Увеличивает силу атаки на 18%.","При использовании элементального навыка, если у персонажа 15 или более единиц энергии, он теряет 15 единиц энергии, а урон обычной атаки, заряженной атаки и атаки в падении увеличивается на 50% в течение 10 сек. Эффект нельзя активировать повторно в течение этого времени."],"rarity":[4,5],"domain":"momiji-dyed_court"},"emblem_of_severed_fate":{"id":"emblem_of_severed_fate","name":"Эмблема рассечённой судьбы","setPiece":[2,4],"sets":{"goblet":"Алый сосуд","plume":"Обрезанное перо","circlet":"Украшенный кабуто","flower":"Великолепная цуба","sands":"Клетка грозовых облаков"},"bonuses":["Увеличивает скорость восстановления энергии на 20%.","Увеличивает урон взрыва стихий на величину, равную 25% от значения восстановления энергии. Эффект можно увеличить максимум до 75%."],"rarity":[4,5],"domain":"momiji-dyed_court"},"husk_of_opulent_dreams":{"id":"husk_of_opulent_dreams","name":"Кокон сладких грёз","setPiece":[2,4],"sets":{"goblet":"Тыква пробуждения","plume":"Перо чертога","circlet":"Шляпа телесности","flower":"Пора расцвета","sands":"Песнь жизни"},"bonuses":["Увеличивает защиту на 30%.","Персонаж, экипированный этим набором артефактов, получает эффект Любопытства в следующих ситуациях: 1 уровень Любопытства даётся активному персонажу после попадания по противнику атакой Гео (не чаще чем раз в 0,3 сек.); когда персонаж находится вне поля боя, он получает 1 ур. Любопытства каждые 3 сек. Любопытство может складываться до 4 ур., каждый ур. прибавляет 6% к защите и 6% к Гео урону. Если персонаж не получает Любопытство в течение 6 сек., то он теряет 1 накопленный уровень Любопытства."],"rarity":[4,5],"domain":"slumbering_court"},"ocean-hued_clam":{"id":"ocean-hued_clam","name":"Моллюск морских красок","setPiece":[2,4],"sets":{"goblet":"Жемчужная клетка","plume":"Перо глубинного дворца","circlet":"Корона Ватацуми","flower":"Цветок морских красок","sands":"Раковина разлуки"},"bonuses":["Повышает бонус лечения на 15%.","Экипированный этим набором артефактов персонаж при лечении соратников создаёт на 3 сек. Пузырь морских красок. Пузырь регистрирует восстановленное при лечении HP (в том числе избыточное, когда лечение превышает максимум здоровья). После окончания действия Пузырь взрывается и наносит окружающим врагам урон в размере 90% учтённого объёма лечения (урон рассчитывается так же, как для эффектов Заряжен и Сверхпроводник, но на него не действуют бонусы мастерства стихий, уровня и реакций). Пузырь морских красок можно создавать не чаще чем раз в 3,5 сек. Пузырь может записать до 30 000 восстановленного HP, в том числе HP избыточного лечения. Для отряда не может существовать больше одного Пузыря морских красок одновременно. Этот эффект действует, даже если персонаж, экипированный набором артефактов, не находится на поле боя."],"rarity":[4,5],"domain":"slumbering_court"},"vermillion_hereafter":{"id":"vermillion_hereafter","name":"Киноварное загробье","setPiece":[2,4],"sets":{"goblet":"Мгновение договора","plume":"Перо скрытого сияния","circlet":"Громогласный облик","flower":"Цветение жизни","sands":"Солнечная реликвия"},"bonuses":["Увеличивает силу атаки на 18%.","После активации взрыва стихии на 16 сек. создаёт Скрытое сияние, которое повышает силу атаки на 8%. Сила атаки персонажа увеличивается ещё на 10%, когда он теряет HP. Этот эффект может возникнуть максимум 4 раза и не чаще, чем раз в 0,8 сек. Скрытое сияние исчезает, когда персонаж покидает поле боя. При повторной активации взрыва стихии существующее Скрытое сияние снимается."],"rarity":[4,5],"domain":"the_lost_valley"},"echoes_of_an_offering":{"id":"echoes_of_an_offering","name":"Отголоски подношения","setPiece":[2,4],"sets":{"goblet":"Чаша истока","plume":"Нефритовый листок","circlet":"Серьги текучести","flower":"Цветок призрачного аромата","sands":"Символ подношения"},"bonuses":["Увеличивает силу атаки на 18%.","Попадания обычной атакой с 36% шансом активируют Ритуал долины: урон обычной атаки повышается на 70% от силы атаки. Через 0,05 сек. после нанесения урона обычной атакой эффект исчезает. Если обычной атаке не удалось активировать этот эффект, шанс его активации следующим попаданием возрастает на 20%. Шанс активации возникает не чаще одного раза в 0,2 сек."],"rarity":[4,5],"domain":"the_lost_valley"},"deepwood_memories":{"id":"deepwood_memories","name":"Воспоминания дремучего леса","setPiece":[2,4],"sets":{"goblet":"Лампа заблудших","plume":"Мудрец лозы","circlet":"Лавровый венец","flower":"Странник лабиринта","sands":"Час осмысления"},"bonuses":["Увеличивает бонус Дендро урона на 15%.","Попадание элементальным навыком или взрывом стихии снижает Дендро сопротивление врага на 30% на 8 сек. Этот эффект срабатывает, даже если экипированный этими артефактами персонаж не на поле боя."],"rarity":[4,5],"domain":"spire_of_solitary_enlightenment"},"gilded_dreams":{"id":"gilded_dreams","name":"Позолоченные сны","setPiece":[2,4],"sets":{"goblet":"Последний медовый пир","plume":"Перо суждения","circlet":"Тень Короля песков","flower":"Сон железного цветка","sands":"Золотые годы"},"bonuses":["Увеличивает мастерство стихий на 80 ед.","На 8 сек. после вызова элементальной реакции согласно элементам других персонажей в отряде экипированный этими артефактами персонаж получает следующие усиления: сила атаки повышается на 14% за каждого персонажа с таким же элементом, как у экипированного персонажа; мастерство стихий повышается на 50 ед. за каждого персонажа с иным элементом. Каждое из этих усилений при подсчёте включает до 3 персонажей. Эффект может возникнуть один раз в 8 сек. Срабатывает, даже если экипированный этими артефактами персонаж не на поле боя."],"rarity":[4,5],"domain":"spire_of_solitary_enlightenment"},"desert_pavilion_chronicle":{"id":"desert_pavilion_chronicle","name":"Хроники Чертогов в пустыне","setPiece":[2,4],"sets":{"goblet":"Хранитель дивной мечты","plume":"Конец золотого царства","circlet":"Наследие пустынной знати","flower":"Рождение города королей","sands":"Часы потерянного пути"},"bonuses":["Даёт 15% бонус Анемо урона.","Попадание заряженной атакой на 15 сек. повышает скорость обычной атаки на 10%, а урон обычной атаки, заряженной атаки и атаки в падении - на 40%."],"rarity":[4,5],"domain":"city_of_gold"},"flower_of_paradise_lost":{"id":"flower_of_paradise_lost","name":"Цветок потерянного рая","setPiece":[2,4],"sets":{"goblet":"Магический сосуд хранителя тайн","plume":"Угасающий пир","circlet":"Аметистовый венец","flower":"Великолепие Ай-Ханум","sands":"Застывшее мгновение"},"bonuses":["Увеличивает мастерство стихий на 80 ед.","Увеличивает урон реакций Бутонизация, Вегетация и Цветение экипированного этим набором персонажа на 40%. Кроме того, активация реакций Бутонизация, Вегетация и Цветение экипированным этим набором персонажем усилит этот эффект на 25%. Каждое суммирование длится 10 сек. Эффект складывается до 4 раз, может возникнуть раз в 1 сек. и активируется, даже если экипированный этим набором персонаж не активен."],"rarity":[4,5],"domain":"city_of_gold"}}