{"adventurer":{"id":"adventurer","name":"Adventurer","setPiece":[2,4],"sets":{"goblet":"Adventurer's Golden Goblet","plume":"Adventurer's Tail Feather","circlet":"Adventurer's Bandana","flower":"Adventurer's Flower","sands":"Adventurer's Pocket Watch"},"bonuses":["เพิ่มพลังชีวิตสูงสุดขึ้น 1000 หน่วย","หลังจากเปิดหีบสมบัติ ชนิดต่าง ๆ แล้ว จะฟื้นฟูพลังชีวิต 30% ภายในเวลา 5 วินาที"],"rarity":[1,2,3],"domain":"midsummer_courtyard"},"lucky_dog":{"id":"lucky_dog","name":"Lucky Dog","setPiece":[2,4],"sets":{"goblet":"Lucky Dog's Goblet","plume":"Lucky Dog's Eagle Feather","circlet":"Lucky Dog's Silver Circlet","flower":"Lucky Dog's Clover","sands":"Lucky Dog's Hourglass"},"bonuses":["เพิ่มพลังป้องกัน 100 หน่วย","เมื่อเก็บ Mora จะทำการฟื้นฟูพลังชีวิต 300 หน่วย"],"rarity":[1,2,3],"domain":"domain_of_guyun"},"traveling_doctor":{"id":"traveling_doctor","name":"Traveling Doctor","setPiece":[2,4],"sets":{"goblet":"Traveling Doctor's Medicine Pot","plume":"Traveling Doctor's Owl Feather","circlet":"Traveling Doctor's Handkerchief","flower":"Traveling Doctor's Silver Lotus","sands":"Traveling Doctor's Pocket Watch"},"bonuses":["เพิ่มผลของการรักษา ที่ตัวละครได้รับขึ้น 20%","เมื่อปล่อยท่าไม้ตาย จะทำการฟื้นฟูพลังชีวิต 20%"],"rarity":[1,2,3],"domain":"valley_of_remembrance"},"resolution_of_sojourner":{"id":"resolution_of_sojourner","name":"Resolution of Sojourner","setPiece":[2,4],"sets":{"goblet":"Goblet of the Sojourner","plume":"Feather of Homecoming","circlet":"Crown of Parting","flower":"Heart of Comradeship","sands":"Sundial of the Sojourner"},"bonuses":["เพิ่มพลังโจมตี 18%","เพิ่มอัตราคริของ การชาร์จโจมตีขึ้น 30%"],"rarity":[3,4],"domain":"midsummer_courtyard"},"tiny_miracle":{"id":"tiny_miracle","name":"Tiny Miracle","setPiece":[2,4],"sets":{"goblet":"Tiny Miracle's Goblet","plume":"Tiny Miracle's Feather","circlet":"Tiny Miracle's Earrings","flower":"Tiny Miracle's Flower","sands":"Tiny Miracle's Hourglass"},"bonuses":["เพิ่มความต้านทานธาตุทั้งหมดขึ้น 20%","หลังจากได้รับความเสียหายธาตุ ใด ๆ แล้ว ความต้านทานธาตุที่เกี่ยวข้อง จะเพิ่มขึ้น 30% เป็นเวลา 10 วิ ซึ่งเอฟเฟกต์นี้จะเกิดขึ้นหนึ่งครั้งในทุก 10 วิ"],"rarity":[3,4],"domain":"valley_of_remembrance"},"berserker":{"id":"berserker","name":"Berserker","setPiece":[2,4],"sets":{"goblet":"Berserker's Bone Goblet","plume":"Berserker's Indigo Feather","circlet":"Berserker's Battle Mask","flower":"Berserker's Rose","sands":"Berserker's Timepiece"},"bonuses":["เพิ่มอัตราคริขึ้น 12%","เมื่อพลังชีวิตต่ำกว่า 70% อัตราคริจะเพิ่มขึ้นอีก 24%"],"rarity":[3,4]},"instructor":{"id":"instructor","name":"Instructor","setPiece":[2,4],"sets":{"goblet":"Instructor's Tea Cup","plume":"Instructor's Feather Accessory","circlet":"Instructor's Cap","flower":"Instructor's Brooch","sands":"Instructor's Pocket Watch"},"bonuses":["ความชำนาญธาตุเพิ่มขึ้น 80 หน่วย","หลังจากทำให้เกิดปฏิกิริยาธาตุแล้ว ตัวละครทั้งหมดในทีม จะมีความชำนาญธาตุเพิ่มขึ้น 120 หน่วย เป็นเวลา 8 วินาที"],"rarity":[3,4]},"the_exile":{"id":"the_exile","name":"The Exile","setPiece":[2,4],"sets":{"goblet":"Exile's Goblet","plume":"Exile's Feather","circlet":"Exile's Circlet","flower":"Exile's Flower","sands":"Exile's Pocket Watch"},"bonuses":["เพิ่มประสิทธิภาพ การฟื้นฟูพลังงานขึ้น 20%","เมื่อใช้ท่าไม้ตายแล้วจะทำการฟื้นฟูพลังงานธาตุให้แก่สมาชิกทีมทั้งหมด (ไม่รวมตัวเอง) 2 หน่วย ในทุก 2 วินาที เป็นเวลา 6 วินาที และไม่สามารถซ้อนทับได้"],"rarity":[3,4]},"defenders_will":{"id":"defenders_will","name":"Defender's Will","setPiece":[2,4],"sets":{"goblet":"Guardian's Vessel","plume":"Guardian's Sigil","circlet":"Guardian's Band","flower":"Guardian's Flower","sands":"Guardian's Clock"},"bonuses":["เพิ่มพลังป้องกัน 30%","เพิ่มความต้านทานธาตุของแต่ละธาตุที่แตกต่างกันของตัวละครของคุณในทีม ธาตุละ 30% ให้กับผู้ใช้อาร์ติแฟกต์เซ็ตนี้"],"rarity":[3,4],"domain":"hidden_palace_of_zhou_formula"},"brave_heart":{"id":"brave_heart","name":"Brave Heart","setPiece":[2,4],"sets":{"goblet":"Outset of the Brave","plume":"Prospect of the Brave","circlet":"Crown of The Brave","flower":"Medal of The Brave","sands":"Fortitude of the Brave"},"bonuses":["เพิ่มพลังโจมตี 18%","สร้างโบนัสความเสียหาย 30% แก่ศัตรูที่มี พลังชีวิตสูงกว่า 50%"],"rarity":[3,4],"domain":"ridge_watch"},"martial_artist":{"id":"martial_artist","name":"Martial Artist","setPiece":[2,4],"sets":{"goblet":"Martial Artist's Wine Cup","plume":"Martial Artist's Feathered Accessory","circlet":"Martial Artist's Bandana","flower":"Martial Artist's Red Flower","sands":"Martial Artist's Water Hourglass"},"bonuses":["เพิ่มความเสียหายของการโจมตีปกติและการชาร์จโจมตี 15%","ภายใน 8 วินาที หลังจากใช้สกิลธาตุ ความเสียหายของการโจมตีปกติ และการชาร์จโจมตีจะเพิ่มขึ้น 25%"],"rarity":[3,4],"domain":"ridge_watch"},"gambler":{"id":"gambler","name":"Gambler","setPiece":[2,4],"sets":{"goblet":"Gambler's Dice Cup","plume":"Gambler's Feathered Accessory","circlet":"Gambler's Earrings","flower":"Gambler's Brooch","sands":"Gambler's Pocket Watch"},"bonuses":["เพิ่มความเสียหายของสกิลธาตุขึ้น 20%","เมื่อกำจัดศัตรูได้ จะมีโอกาส 100% ที่จะลบล้างช่วงเวลาคูลดาวน์ของ สกิลธาตุ โดยเอฟเฟกต์นี้จะเกิดขึ้นหนึ่งครั้งในทุก 15 วินาที"],"rarity":[3,4],"domain":"spire_of_solitary_enlightenment"},"scholar":{"id":"scholar","name":"Scholar","setPiece":[2,4],"sets":{"goblet":"Scholar's Ink Bottle","plume":"Scholar's Quill Pen","circlet":"Scholar's Glasses","flower":"Scholar's Bookmark","sands":"Scholar's Clock"},"bonuses":["เพิ่มประสิทธิภาพ การฟื้นฟูพลังงานขึ้น 20%","เมื่อเก็บอณูธาตุ/ลูกแก้ว ตัวละครทั้งหมดในทีมที่ใช้ธนูและสื่อเวทจะได้รับการฟื้นฟูพลังงานธาตุเพิ่ม 3 หน่วย ซึ่งเอฟเฟกต์นี้จะเกิดขึ้นเพียงหนึ่งครั้งในทุก 3 วินาที"],"rarity":[3,4],"domain":"clear_pool_and_mountain_cavern"},"prayers_for_illumination":{"id":"prayers_for_illumination","name":"Prayers for Illumination","setPiece":[1],"sets":{"circlet":"Tiara of Flame"},"bonuses":["ลดระยะเวลาต่อเนื่องจาก ผลกระทบธาตุไฟลง 40%"],"rarity":[3,4]},"prayers_for_destiny":{"id":"prayers_for_destiny","name":"Prayers for Destiny","setPiece":[1],"sets":{"circlet":"Tiara of Torrents"},"bonuses":["ลดระยะเวลาต่อเนื่องจาก ผลกระทบธาตุน้ำลง 40%"],"rarity":[3,4]},"prayers_for_wisdom":{"id":"prayers_for_wisdom","name":"Prayers for Wisdom","setPiece":[1],"sets":{"circlet":"Tiara of Thunder"},"bonuses":["ลดระยะเวลาต่อเนื่องจาก ผลกระทบธาตุไฟฟ้าลง 40%"],"rarity":[3,4]},"prayers_to_springtime":{"id":"prayers_to_springtime","name":"Prayers to Springtime","setPiece":[1],"sets":{"circlet":"Tiara of Frost"},"bonuses":["ลดระยะเวลาต่อเนื่องจาก ผลกระทบธาตุน้ำแข็งลง 40%"],"rarity":[3,4]},"blizzard_strayer":{"id":"blizzard_strayer","name":"Blizzard Strayer","setPiece":[2,4],"sets":{"goblet":"Frost-Weaved Dignity","plume":"Icebreaker's Resolve","circlet":"Broken Rime's Echo","flower":"Snowswept Memory","sands":"Frozen Homeland's Demise"},"bonuses":["ได้รับโบนัสความเสียหายน้ำแข็ง 15%","เมื่อโจมตีศัตรูที่ได้รับผลกระทบของธาตุน้ำแข็ง อัตราคริจะเพิ่มขึ้น 20%; หากศัตรูตกอยู่ในสภาวะแช่แข็ง อัตราคริจะเพิ่มขึ้นอีก 20%"],"rarity":[4,5],"domain":"peak_of_vindagnyr"},"thundersoother":{"id":"thundersoother","name":"Thundersoother","setPiece":[2,4],"sets":{"goblet":"Thundersoother's Goblet","plume":"Thundersoother's Plume","circlet":"Thundersoother's Diadem","flower":"Thundersoother's Heart","sands":"Hour of Soothing Thunder"},"bonuses":["เพิ่มความต้านทานธาตุไฟฟ้าขึ้น 40%","สร้างความเสียหายเพิ่มขึ้น 35% แก่ศัตรูที่ได้รับผลกระทบต่อธาตุไฟฟ้า"],"rarity":[4,5],"domain":"midsummer_courtyard"},"lavawalker":{"id":"lavawalker","name":"Lavawalker","setPiece":[2,4],"sets":{"goblet":"Epiphany of Lavawalker","plume":"Salvation of Lavawalker","circlet":"Wisdom of Lavawalker","flower":"Resolution of Lavawalker","sands":"Torment of Lavawalker"},"bonuses":["เพิ่มความต้านทานไฟ 40%","สร้างความเสียหายเพิ่มขึ้น 35% แก่ศัตรูที่ได้รับผลกระทบต่อธาตุไฟ"],"rarity":[4,5],"domain":"hidden_palace_of_zhou_formula"},"maiden_beloved":{"id":"maiden_beloved","name":"Maiden Beloved","setPiece":[2,4],"sets":{"goblet":"Maiden's Fleeting Leisure","plume":"Maiden's Heart-stricken Infatuation","circlet":"Maiden's Fading Beauty","flower":"Maiden's Distant Love","sands":"Maiden's Passing Youth"},"bonuses":["เพิ่มผลของการรักษา ตัวละครขึ้น 15%","ภายในเวลา 10 วินาที หลังจากใช้สกิลธาตุหรือท่าไม้ตาย สมาชิกทีมทั้งหมดในทีมจะได้รับ การรักษาเพิ่มขึ้น 20%"],"rarity":[4,5],"domain":"valley_of_remembrance"},"gladiators_finale":{"id":"gladiators_finale","name":"Gladiator's Finale","setPiece":[2,4],"sets":{"goblet":"Gladiator's Intoxication","plume":"Gladiator's Destiny","circlet":"Gladiator's Triumphus","flower":"Gladiator's Nostalgia","sands":"Gladiator's Longing"},"bonuses":["เพิ่มพลังโจมตี 18%","เมื่อตัวละครที่สวมเซ็ตอาร์ติแฟกต์นี้ใช้ดาบ, ดาบใหญ่, หอก ตัวละครจะสร้างความเสียหายจากการโจมตีปกติเพิ่มขึ้น 35%"],"rarity":[4,5]},"viridescent_venerer":{"id":"viridescent_venerer","name":"Viridescent Venerer","setPiece":[2,4],"sets":{"goblet":"Viridescent Venerer's Vessel","plume":"Viridescent Arrow Feather","circlet":"Viridescent Venerer's Diadem","flower":"In Rememberance of Viridescent Field","sands":"Viridescent Venerer's Determination"},"bonuses":["ได้รับโบนัสความเสียหายลม 15%","เพิ่มความเสียหายของการกระจาย 60% ตามประเภทของธาตุที่กระจาย ลดความต้านทานธาตุของศัตรูที่ได้รับผลกระทบลง 40% เป็นเวลา 10 วิ"],"rarity":[4,5],"domain":"valley_of_remembrance"},"wanderers_troupe":{"id":"wanderers_troupe","name":"Wanderer's Troupe","setPiece":[2,4],"sets":{"goblet":"Wanderer's String-Kettle","plume":"Bard's Arrow Feather","circlet":"Conductor's Top Hat","flower":"Troupe's Dawnlight","sands":"Concert's Final Hour"},"bonuses":["ความชำนาญธาตุเพิ่มขึ้น 80 หน่วย","เมื่อตัวละครที่สวมเซ็ตอาร์ติแฟกต์เป็นผู้ใช้สื่อเวท, ธนู การชาร์จโจมตีของตัวละครจะสร้างความเสียหายเพิ่มขึ้น 35%"],"rarity":[4,5]},"thundering_fury":{"id":"thundering_fury","name":"Thundering Fury","setPiece":[2,4],"sets":{"goblet":"Omen of Thunderstorm","plume":"Survivor of Catastrophe","circlet":"Thunder Summoner's Crown","flower":"Thunderbird's Mercy","sands":"Hourglass of Thunder"},"bonuses":["ได้รับโบนัสความเสียหายไฟฟ้า 15%","ปฏิกิริยาโอเวอร์โหลด, ชาร์จไฟฟ้า, นำไฟฟ้า และไฮเปอร์บลูม สร้างความเสียหายเพิ่มขึ้น 40% และความเสียหายจากปฏิกิริยาบีบอัดเพิ่มขึ้น 20% โดยในตอนที่เกิดปฏิกิริยาข้างต้นหรือปฏิกิริยาปลุกเร้า ช่วงเวลาคูลดาวน์ของสกิลธาตุจะลดลง 1 วินาที ในทุก 0.8 วินาที เอฟเฟกต์นี้จะเกิดขึ้นได้มากสุดหนึ่งครั้ง"],"rarity":[4,5],"domain":"midsummer_courtyard"},"crimson_witch_of_flames":{"id":"crimson_witch_of_flames","name":"Crimson Witch of Flames","setPiece":[2,4],"sets":{"goblet":"Witch's Heart Flame","plume":"Witch's Ever-Burning Plume","circlet":"Witch's Scorching Hat","flower":"Witch's Flower of Blaze","sands":"Witch's End Time"},"bonuses":["ได้รับโบนัสความเสียหายไฟ 15%","ปฏิกิริยาโอเวอร์โหลด, ติดไฟ และเบ่งบาน สร้างความเสียหายเพิ่มขึ้น 40% ปฏิกิริยาระเหย, ละลาย สร้างความเสียหายเพิ่มขึ้น 15% โดยที่ภายใน 10 วินาที หลังจากใช้สกิลธาตุ เอฟเฟกต์เซ็ต 2 ชิ้น จะเพิ่มขึ้น 50% ซึ่งเอฟเฟกต์นี้ จะซ้อนทับได้สูงสุด 3 ครั้ง"],"rarity":[4,5],"domain":"hidden_palace_of_zhou_formula"},"noblesse_oblige":{"id":"noblesse_oblige","name":"Noblesse Oblige","setPiece":[2,4],"sets":{"goblet":"Royal Silver Urn","plume":"Royal Plume","circlet":"Royal Masque","flower":"Royal Flora","sands":"Royal Pocket Watch"},"bonuses":["ความเสียหายของท่าไม้ตายเพิ่มขึ้น 20%","หลังจากใช้ท่าไม้ตาย เพิ่มพลังโจมตีของตัวละครทั้งหมดในทีม 20% เป็นเวลา 12 วิ โดยเอฟเฟกต์นี้จะไม่สามารถซ้อนทับได้"],"rarity":[4,5],"domain":"clear_pool_and_mountain_cavern"},"bloodstained_chivalry":{"id":"bloodstained_chivalry","name":"Bloodstained Chivalry","setPiece":[2,4],"sets":{"goblet":"Bloodstained Chevalier's Goblet","plume":"Bloodstained Black Plume","circlet":"Bloodstained Iron Mask","flower":"Bloodstained Flower of Iron","sands":"Bloodstained Final Hour"},"bonuses":["สร้างความเสียหายกายภาพ เพิ่มขึ้น 25%","หลังจากกำจัดศัตรูสำเร็จ จะเพิ่มความเสียหายของ การชาร์จโจมตีขึ้น 50% และลดการใช้พลังกายของชาร์จโจมตีลงเป็น 0 เป็นเวลา 10 วินาที"],"rarity":[4,5],"domain":"clear_pool_and_mountain_cavern"},"archaic_petra":{"id":"archaic_petra","name":"Archaic Petra","setPiece":[2,4],"sets":{"goblet":"Goblet of Chiseled Crag","plume":"Feather of Jagged Peaks","circlet":"Mask of Solitude Basalt","flower":"Flower of Creviced Cliff","sands":"Sundial of Enduring Jade"},"bonuses":["ได้รับโบนัสความเสียหายหิน 15%","เมื่อได้รับเศษเสี้ยวที่เกิดจากปฏิกิริยาตกผลึก ตัวละครทั้งหมดในทีมจะได้รับโบนัสความเสียหายของธาตุที่เกี่ยวข้อง 35% เป็นเวลา 10 วินาที โดยจะได้รับบัฟเพิ่มความเสียหายธาตุดังกล่าวนี้ได้ทีละหนึ่งธาตุเท่านั้น"],"rarity":[4,5],"domain":"domain_of_guyun"},"retracing_bolide":{"id":"retracing_bolide","name":"Retracing Bolide","setPiece":[2,4],"sets":{"goblet":"Summer Night's Waterballoon","plume":"Summer Night's Finale","circlet":"Summer Night's Mask","flower":"Summer Night's Bloom","sands":"Summer Night's Moment"},"bonuses":["เพิ่มประสิทธิภาพ โล่ป้องกัน 35%","เมื่อได้รับการป้องกันจาก โล่ การโจมตีปกติ และชาร์จโจมตี สร้างความเสียหาย เพิ่มขึ้น 40%"],"rarity":[4,5],"domain":"domain_of_guyun"},"heart_of_depth":{"id":"heart_of_depth","name":"Heart of Depth","setPiece":[2,4],"sets":{"goblet":"Goblet of Thundering Deep","plume":"Gust of Nostalgia","circlet":"Wine-Stained Tricorne","flower":"Gilded Corsage","sands":"Copper Compass"},"bonuses":["ได้รับโบนัสความเสียหายน้ำ 15%","ภายใน 15 วินาที หลังจากใช้สกิลธาตุ ความเสียหายของการโจมตีปกติ และการชาร์จโจมตีจะเพิ่มขึ้น 30%"],"rarity":[4,5],"domain":"peak_of_vindagnyr"},"tenacity_of_the_millelith":{"id":"tenacity_of_the_millelith","name":"Tenacity of the Millelith","setPiece":[2,4],"sets":{"goblet":"Noble's Pledging Vessel","plume":"Ceremonial War-Plume","circlet":"General's Ancient Helm","flower":"Flower of Accolades","sands":"Orichalceous Time-Dial"},"bonuses":["พลังชีวิตเพิ่มขึ้น 20%","เมื่อสกิลธาตุโจมตีโดนศัตรู จะเพิ่มโบนัสพลังโจมตีของตัวละครในทีมที่อยู่ใกล้เคียงขึ้น 20% และเพิ่มประสิทธิภาพโล่ป้องกันขึ้น 30% ต่อเนื่อง 3 วินาที เอฟเฟกต์นี้จะเกิดขึ้นหนึ่งครั้งในทุก 0.5 วินาที เอฟเฟกต์นี้สามารถเกิดขึ้นได้แม้ตัวละครที่สวมใส่เซ็ตอาร์ติแฟกต์นี้อยู่ในทีมแต่ไม่ได้เข้าร่วมการต่อสู้แล้ว"],"rarity":[4,5],"domain":"ridge_watch"},"pale_flame":{"id":"pale_flame","name":"Pale Flame","setPiece":[2,4],"sets":{"goblet":"Surpassing Cup","plume":"Wise Doctor's Pinion","circlet":"Mocking Mask","flower":"Stainless Bloom","sands":"Moment of Cessation"},"bonuses":["สร้างความเสียหายกายภาพ เพิ่มขึ้น 25%","เมื่อสกิลธาตุโจมตีถูกศัตรู พลังโจมตีจะเพิ่มขึ้น 9% โดยเอฟเฟกต์นี้จะคงอยู่เป็นเวลา 7 วินาที และซ้อนทับกันได้มากสุด 2 ชั้น ซึ่งเอฟเฟกต์นี้จะเกิดขึ้นมากสุดหนึ่งครั้งในทุก 0.3 วินาที เมื่อซ้อนทับครบ 2 ชั้นแล้ว เอฟเฟกต์ของเซ็ต 2 ชิ้น จะเพิ่มขึ้น 100%"],"rarity":[4,5],"domain":"ridge_watch"},"shimenawas_reminiscence":{"id":"shimenawas_reminiscence","name":"Shimenawa's Reminiscence","setPiece":[2,4],"sets":{"goblet":"Hopeful Heart","plume":"Shaft of Remembrance","circlet":"Capricious Visage","flower":"Entangling Bloom","sands":"Morning Dew's Moment"},"bonuses":["เพิ่มพลังโจมตี 18%","ในขณะที่ใช้สกิลธาตุ ถ้ามีพลังงานธาตุมากกว่าหรือเท่ากับ 15 หน่วย จะเสียพลังงานธาตุ 15 หน่วย และทำให้ การโจมตีปกติ, ชาร์จโจมตี และการโจมตีพุ่งลงจากอากาศ สร้างความเสียหายเพิ่มขึ้น 50% เป็นเวลา 10 วินาที โดยที่ตลอดช่วงเวลาต่อเนื่อง เอฟเฟกต์นี้จะไม่เกิดขึ้นซ้ำอีกครั้ง"],"rarity":[4,5],"domain":"momiji-dyed_court"},"emblem_of_severed_fate":{"id":"emblem_of_severed_fate","name":"Emblem of Severed Fate","setPiece":[2,4],"sets":{"goblet":"Scarlet Vessel","plume":"Sundered Feather","circlet":"Ornate Kabuto","flower":"Magnificent Tsuba","sands":"Storm Cage"},"bonuses":["เพิ่มประสิทธิภาพ การฟื้นฟูพลังงานขึ้น 20%","เพิ่มความเสียหายของท่าไม้ตายขึ้น 25% ของประสิทธิภาพการฟื้นฟูพลังงานธาตุ โดยจะสามารถเพิ่มความเสียหายด้วยวิธีนี้ได้มากสุดถึง 75%"],"rarity":[4,5],"domain":"momiji-dyed_court"},"husk_of_opulent_dreams":{"id":"husk_of_opulent_dreams","name":"Husk of Opulent Dreams","setPiece":[2,4],"sets":{"goblet":"Calabash of Awakening","plume":"Plume of Luxury","circlet":"Skeletal Hat","flower":"Bloom Times","sands":"Song of Life"},"bonuses":["เพิ่มพลังป้องกัน 30%","ตัวละครที่สวมใส่เซ็ตอาร์ติแฟกต์นี้จะได้รับเอฟเฟกต์ Curiosity ภายใต้สถานการณ์ต่อไปนี้: ในขณะที่อยู่ในการต่อสู้ จะได้รับหนึ่งชั้นหลังจากโจมตีถูกศัตรูด้วยธาตุหิน โดยจะเกิดขึ้นได้มากสุดหนึ่งครั้ง ในทุก 0.3 วินาที; เมื่ออยู่ในทีมแต่ไม่ได้อยู่ในการต่อสู้ ในทุก 3 วินาที จะได้รับหนึ่งชั้น โดยที่ Curiosity จะสามารถซ้อนทับได้มากสุด 4 ชั้น ซึ่งแต่ละชั้นจะมอบโบนัสพลังป้องกัน 6% และโบนัสความเสียหายธาตุหิน 6% และในทุก 6 วินาที หากไม่ได้รับเอฟเฟกต์ Curiosity จะสูญเสียหนึ่งชั้น"],"rarity":[4,5],"domain":"slumbering_court"},"ocean-hued_clam":{"id":"ocean-hued_clam","name":"Ocean-Hued Clam","setPiece":[2,4],"sets":{"goblet":"Pearl Cage","plume":"Deep Palace's Plume","circlet":"Crown of Watatsumi","flower":"Sea-Dyed Blossom","sands":"Cowry of Parting"},"bonuses":["เพิ่มโบนัสการรักษา 15%","เมื่อตัวละครที่สวมใส่เซ็ตอาร์ติแฟกต์นี้ทำการรักษาตัวละครในทีม จะเกิด Sea-Dyed Foam ขึ้นเป็นเวลา 3 วินาที และบันทึกปริมาณการฟื้นฟูพลังชีวิตของการรักษา (รวมไปถึงค่าส่วนเกิน) เมื่อช่วงเวลาต่อเนื่องสิ้นสุดลง Sea-Dyed Foam จะระเบิด สร้างความเสียหายเป็น 90% ของปริมาณการฟื้นฟูพลังชีวิตที่สะสมแก่ศัตรูโดยรอบ (วิธีคำนวณความเสียหายนี้จะเหมือนกับปฏิกิริยาของธาตุ เช่น ชาร์จไฟฟ้า, นำไฟฟ้า และอื่น ๆ แต่จะไม่ได้รับผลกระทบจากความชำนาญธาตุ, เลเวล หรือเอฟเฟกต์โบนัสความเสียหายของปฏิกิริยา) ในทุก 3.5 วินาที จะเกิด Sea-Dyed Foam ได้มากสุดหนึ่งอัน; Sea-Dyed Foam จะบันทึกปริมาณการฟื้นฟูได้มากสุด 30000 หน่วย รวมถึงปริมาณการรักษาส่วนที่เกิน; ในช่วงเวลาเดียวกัน จะมี Sea-Dyed Foam ในทีมของตัวเองได้มากสุดหนึ่งอันเท่านั้น ซึ่งเอฟเฟกต์นี้จะยังคงเกิดขึ้นได้ แม้ในขณะที่ตัวละครที่สวมใส่เซ็ตอาร์ติแฟกต์นี้อยู่ในทีมแต่ไม่ได้อยู่ในการต่อสู้"],"rarity":[4,5],"domain":"slumbering_court"},"vermillion_hereafter":{"id":"vermillion_hereafter","name":"Vermillion Hereafter","setPiece":[2,4],"sets":{"goblet":"Moment of the Pact","plume":"Feather of Nascent Light","circlet":"Thundering Poise","flower":"Flowering Life","sands":"Solar Relic"},"bonuses":["เพิ่มพลังโจมตี 18%","หลังจากปล่อยท่าไม้ตาย จะเกิดเอฟเฟกต์ Nascent Light เป็นเวลา 16 วินาที: พลังโจมตีเพิ่มขึ้น 8%; และเมื่อพลังชีวิตของตัวละครลดต่ำลง พลังโจมตีจะเพิ่มขึ้นไปอีก 10% โดยจะเพิ่มด้วยวิธีนี้ได้มากสุด 4 ครั้ง และในทุก 0.8 วินาที จะเกิดขึ้นได้มากสุดหนึ่งครั้ง เอฟเฟกต์ Nascent Light จะหายไปเมื่อตัวละครออกจากการต่อสู้; ในระหว่างช่วงเวลาต่อเนื่อง การปล่อยท่าไม้ตายอีกครั้ง จะเป็นการล้างเอฟเฟกต์ Nascent Light ที่มีอยู่เดิม"],"rarity":[4,5],"domain":"the_lost_valley"},"echoes_of_an_offering":{"id":"echoes_of_an_offering","name":"Echoes of an Offering","setPiece":[2,4],"sets":{"goblet":"Chalice of the Font","plume":"Jade Leaf","circlet":"Flowing Rings","flower":"Soulscent Bloom","sands":"Symbol of Feliciation"},"bonuses":["เพิ่มพลังโจมตี 18%","เมื่อการโจมตีปกติถูกศัตรู จะมีโอกาส 36% ที่จะเกิด Valley Rite: โดยจะทำให้การโจมตีปกติสร้างความเสียหายเพิ่มขึ้น 70% ของพลังโจมตี ซึ่งเอฟเฟกต์นี้จะหายไปหลังจากที่การโจมตีปกติสร้างความเสียหาย 0.05 วินาที และหากการโจมตีปกติไม่ทำให้เกิด Valley Rite โอกาสการเกิดในครั้งต่อไปจะเพิ่มขึ้น 20%; จะคำนวณการเกิดเอฟเฟกต์ 1 ครั้ง ในทุก 0.2 วินาที"],"rarity":[4,5],"domain":"the_lost_valley"},"deepwood_memories":{"id":"deepwood_memories","name":"Deepwood Memories","setPiece":[2,4],"sets":{"goblet":"Lamp of the Lost","plume":"Scholar of Vines","circlet":"Laurel Coronet","flower":"Labyrinth Wayfarer","sands":"A Time of Insight"},"bonuses":["ได้รับโบนัสความเสียหายไม้ 15%","หลังจากที่สกิลธาตุหรือท่าไม้ตายถูกศัตรู ความต้านทานไม้ของเป้าหมายที่ถูกโจมตีจะลดลง 30% เป็นเวลา 8 วินาที โดยที่เอฟเฟกต์นี้ จะยังคงเกิดขึ้นได้ แม้ผู้สวมใส่อยู่ในทีม แต่ไม่ได้เข้าร่วมการต่อสู้"],"rarity":[4,5],"domain":"spire_of_solitary_enlightenment"},"gilded_dreams":{"id":"gilded_dreams","name":"Gilded Dreams","setPiece":[2,4],"sets":{"goblet":"Honeyed Final Feast","plume":"Feather of Judgment","circlet":"Shadow of the Sand King","flower":"Dreaming Steelbloom","sands":"The Sunken Years"},"bonuses":["ความชำนาญธาตุเพิ่มขึ้น 80 หน่วย","ภายใน 8 วินาที หลังจากทำให้เกิดปฏิกิริยาธาตุ ตัวละครที่สวมใส่ จะได้รับการเสริมพลัง โดยขึ้นกับประเภทธาตุของตัวละครอื่นในทีม: ตัวละครทุก 1 ตัว ในทีม ที่มีชนิดธาตุเหมือนกับผู้สวมใส่ จะทำให้พลังโจมตีเพิ่มขึ้น 14%; ตัวละครทุก 1 ตัว ในทีม ที่มีชนิดธาตุต่างกับผู้สวมใส่ จะทำให้ความชำนาญธาตุเพิ่มขึ้น 50 หน่วย ซึ่งเอฟเฟกต์แต่ละชนิดที่กล่าวถึงข้างต้น จะนับตัวละครมากสุด 3 ตัว โดยที่ทุก 8 วินาที เอฟเฟกต์นี้จะเกิดขึ้นได้มากสุดหนึ่งครั้ง และจะยังคงเกิดขึ้นได้ แม้ผู้สวมใส่อยู่ในทีม แต่ไม่ได้เข้าร่วมการต่อสู้"],"rarity":[4,5],"domain":"spire_of_solitary_enlightenment"},"desert_pavilion_chronicle":{"id":"desert_pavilion_chronicle","name":"Desert Pavilion Chronicle","setPiece":[2,4],"sets":{"goblet":"Defender of the Enchanting Dream","plume":"End of the Golden Realm","circlet":"Legacy of the Desert High-Born","flower":"The First Days of the City of Kings","sands":"Timepiece of the Lost Path"},"bonuses":["ได้รับโบนัสความเสียหายลม 15%","หลังจากที่การชาร์จโจมตีถูกศัตรู ความเร็วของการโจมตีปกติของตัวละครนี้ จะเพิ่มขึ้น 10% โดยที่การโจมตีปกติ, การชาร์จโจมตี และการโจมตีพุ่งลงจากอากาศ จะสร้างความเสียหายเพิ่มขึ้น 40% เป็นเวลา 15 วินาที"],"rarity":[4,5],"domain":"city_of_gold"},"flower_of_paradise_lost":{"id":"flower_of_paradise_lost","name":"Flower of Paradise Lost","setPiece":[2,4],"sets":{"goblet":"Secret-Keeper's Magic Bottle","plume":"Wilting Feast","circlet":"Amethyst Crown","flower":"Ay-Khanoum's Myriad","sands":"A Moment Congealed"},"bonuses":["ความชำนาญธาตุเพิ่มขึ้น 80 หน่วย","ปฏิกิริยางอกเงย, ไฮเปอร์บลูม และเบ่งบานของผู้สวมใส่ จะสร้างความเสียหายเพิ่มขึ้น 40% นอกจากนี้ หลังจากที่ผู้สวมใส่ทำให้เกิดปฏิกิริยางอกเงย, ไฮเปอร์บลูม หรือเบ่งบาน โบนัสความเสียหายที่เกิดจากเอฟเฟกต์ที่กล่าวข้างต้น จะเพิ่มขึ้น 25% โดยที่เอฟเฟกต์นี้จะคงอยู่ 10 วินาที ซ้อนทับได้สูงสุด 4 ครั้ง และในทุก 1 วินาที จะเกิดขึ้นได้มากสุดหนึ่งครั้ง ซึ่งเอฟเฟกต์นี้ จะยังคงเกิดขึ้นได้ แม้ผู้สวมใส่อยู่ในทีม แต่ไม่ได้เข้าร่วมการต่อสู้"],"rarity":[4,5],"domain":"city_of_gold"}}