{"adventurer":{"id":"adventurer","name":"Maceracı","setPiece":[2,4],"sets":{"goblet":"Maceracının Altın Kadehi","plume":"Maceracının Kuyruk Tüyü","circlet":"Maceracının Bandanası","flower":"Maceracının Çiçeği","sands":"Maceracının Cep Saati"},"bonuses":["Maks. Can 1000 artar.","Bir sandık açmak Maks. Canın %30'unu 5 saniyede yeniler."],"rarity":[1,2,3],"domain":"midsummer_courtyard"},"lucky_dog":{"id":"lucky_dog","name":"Bahtı Açık","setPiece":[2,4],"sets":{"goblet":"Bahtı Açığın Kadehi","plume":"Bahtı Açığın Kartal Tüyü","circlet":"Bahtı Açığın Gümüş Tacı","flower":"Bahtı Açığın Yoncası","sands":"Bahtı Açığın Kum Saati"},"bonuses":["Savunma 100 artar.","Mora toplamak 300 Can yeniler."],"rarity":[1,2,3],"domain":"domain_of_guyun"},"traveling_doctor":{"id":"traveling_doctor","name":"Gezgin Doktor","setPiece":[2,4],"sets":{"goblet":"Gezgin Doktorun İlaç Şişesi","plume":"Gezgin Doktorun Baykuş Tüyü","circlet":"Gezgin Doktorun Mendili","flower":"Gezgin Doktorun Gümüş Nilüferi","sands":"Gezgin Doktorun Cep Saati"},"bonuses":["Alınan iyileştirmeyi %20 artırır.","Element Patlaması kullanmak %20 Can yeniler."],"rarity":[1,2,3],"domain":"valley_of_remembrance"},"resolution_of_sojourner":{"id":"resolution_of_sojourner","name":"Yolcunun Azmi","setPiece":[2,4],"sets":{"goblet":"Yolcunun Kadehi","plume":"Eve Dönüş Tüyü","circlet":"Ayrılık Tacı","flower":"Yoldaşlık Kalbi","sands":"Yolcunun Saati"},"bonuses":["+%18 Saldırı.","Yüklü Saldırı Kritik Oranını %30 artırır."],"rarity":[3,4],"domain":"midsummer_courtyard"},"tiny_miracle":{"id":"tiny_miracle","name":"Küçük Mucize","setPiece":[2,4],"sets":{"goblet":"Küçük Mucizenin Kadehi","plume":"Küçük Mucizenin Tüyü","circlet":"Küçük Mucizenin Küpeleri","flower":"Küçük Mucizenin Çiçeği","sands":"Küçük Mucizenin Kum Saati"},"bonuses":["Tüm Element Dirençleri %20 artar.","Alınan element Hasarı, 10 saniyeliğine karşılık gelen Element Direncini %30 artırır. 10 saniyede bir uygulanabilir."],"rarity":[3,4],"domain":"valley_of_remembrance"},"berserker":{"id":"berserker","name":"Vahşi Savaşçı","setPiece":[2,4],"sets":{"goblet":"Vahşi Savaşçı Kemik Kadehi","plume":"Vahşi Savaşçı Çivit Tüyü","circlet":"Vahşi Savaşçı Savaş Maskesi","flower":"Vahşi Savaşçı Gülü","sands":"Vahşi Savaşçı Saati"},"bonuses":["+%12 Kritik Oranı.","Can %70'in altındayken Kritik Oranını ek %24 artırır."],"rarity":[3,4]},"instructor":{"id":"instructor","name":"Eğitmen","setPiece":[2,4],"sets":{"goblet":"Eğitmenin Çay Fincanı","plume":"Eğitmenin Tüylü Aksesuarı","circlet":"Eğitmenin Şapkası","flower":"Eğitmenin Broşu","sands":"Eğitmenin Cep Saati"},"bonuses":["Element Ustalığını 80 artırır.","Bir Element Tepkimesi tetiklendikten sonra, 8 saniyeliğine tüm grup üyelerinin Element Ustalığını 120 artırır."],"rarity":[3,4]},"the_exile":{"id":"the_exile","name":"Sürgün","setPiece":[2,4],"sets":{"goblet":"Sürgünün Kadehi","plume":"Sürgünün Tüyü","circlet":"Sürgünün Tacı","flower":"Sürgünün Çiçeği","sands":"Sürgünün Cep Saati"},"bonuses":["+%20 Enerji Yüklemesi.","Bir Element Patlaması kullanıldığında, ekipmanı kuşanan karakter hariç tüm grup üyeleri için 6 saniye boyunca 2 saniyede bir 2 Enerji yenilenir. Bu etki birikemez."],"rarity":[3,4]},"defenders_will":{"id":"defenders_will","name":"Savunmacı İradesi","setPiece":[2,4],"sets":{"goblet":"Muhafız Matarası","plume":"Muhafız Mührü","circlet":"Muhafız Bandı","flower":"Muhafız Çiçeği","sands":"Muhafız Saati"},"bonuses":["+%30 Savunma.","Bunu kuşanan karakterin Element Direnci, grubunda bulunan her farklı element için %30 artar."],"rarity":[3,4],"domain":"hidden_palace_of_zhou_formula"},"brave_heart":{"id":"brave_heart","name":"Cesur Yürek","setPiece":[2,4],"sets":{"goblet":"Cesurların Yolculuğu","plume":"Cesurların Arayışı","circlet":"Cesurların Tacı","flower":"Cesurların Madalyası","sands":"Cesurların Metaneti"},"bonuses":["+%18 Saldırı.","Can oranı %50'nin üzerindeki düşmanlara verilen Hasarı %30 artırır."],"rarity":[3,4],"domain":"ridge_watch"},"martial_artist":{"id":"martial_artist","name":"Dövüş Ustası","setPiece":[2,4],"sets":{"goblet":"Dövüş Ustasının Şarap Kadehi","plume":"Dövüş Ustasının Tüylü Aksesuarı","circlet":"Dövüş Ustasının Bandanası","flower":"Dövüş Ustasının Kırmızı Çiçeği","sands":"Dövüş Ustasının Su Saati"},"bonuses":["Normal Saldırı ve Yüklü Saldırı Hasarını %15 artırır.","Element Becerisi kullandıktan sonra, 8 saniyeliğine Normal Saldırı ve Yüklü Saldırı Hasarını %25 artırır."],"rarity":[3,4],"domain":"ridge_watch"},"gambler":{"id":"gambler","name":"Kumarbaz","setPiece":[2,4],"sets":{"goblet":"Kumarbazın Zar Kabı","plume":"Kumarbazın Tüylü Aksesuarı","circlet":"Kumarbazın Küpeleri","flower":"Kumarbazın Broşu","sands":"Kumarbazın Cep Saati"},"bonuses":["Element Becerisi Hasarını %20 artırır.","Bir düşman ortadan kaldırıldığında %100 ihtimalle Element Becerisi Bekleme Süresi sıfırlanır. 15 saniyede bir uygulanabilir."],"rarity":[3,4],"domain":"spire_of_solitary_enlightenment"},"scholar":{"id":"scholar","name":"Alim","setPiece":[2,4],"sets":{"goblet":"Alimin Mürekkep Hokkası","plume":"Alimin Tüy Kalemi","circlet":"Alimin Merceği","flower":"Alimin Kitap Ayracı","sands":"Alimin Saati"},"bonuses":["+%20 Enerji Yüklemesi.","Element Parçacıkları veya Küreleri kazanmak, bir yay veya katalizör kuşanan tüm grup üyelerine 3 Enerji verir. 3 saniyede bir uygulanabilir."],"rarity":[3,4],"domain":"clear_pool_and_mountain_cavern"},"prayers_for_illumination":{"id":"prayers_for_illumination","name":"Aydınlanma Duası","setPiece":[1],"sets":{"circlet":"Alev Tacı"},"bonuses":["Ateş etkisinde kalma süresini %40 kısaltır."],"rarity":[3,4]},"prayers_for_destiny":{"id":"prayers_for_destiny","name":"Kader Duası","setPiece":[1],"sets":{"circlet":"Sağanak Tacı"},"bonuses":["Su etkisinde kalma süresini %40 kısaltır."],"rarity":[3,4]},"prayers_for_wisdom":{"id":"prayers_for_wisdom","name":"Bilgelik Duası","setPiece":[1],"sets":{"circlet":"Yıldırım Tacı"},"bonuses":["Elektrik etkisinde kalma süresini %40 kısaltır."],"rarity":[3,4]},"prayers_to_springtime":{"id":"prayers_to_springtime","name":"Bahar Duası","setPiece":[1],"sets":{"circlet":"Buz Tacı"},"bonuses":["Buz etkisinde kalma süresini %40 kısaltır."],"rarity":[3,4]},"blizzard_strayer":{"id":"blizzard_strayer","name":"Kış Gezgini","setPiece":[2,4],"sets":{"goblet":"Buzul Nakışlı Asalet","plume":"Buzkıranın Azmi","circlet":"Kırağının Yankısı","flower":"Kardelenin Hatırası","sands":"Buzlar Diyarının Akıbeti"},"bonuses":["+%15 Buz Hasarı Bonusu.","Bir karakter, Buzdan etkilenen bir düşmana saldırdığında, karakterin Kritik Oranı %20 artar. Düşman Dondurulmuş durumdaysa Kritik Oranı %20 daha artar."],"rarity":[4,5],"domain":"peak_of_vindagnyr"},"thundersoother":{"id":"thundersoother","name":"Yıldırım Terbiyecisi","setPiece":[2,4],"sets":{"goblet":"Yıldırım Terbiyecisinin Kadehi","plume":"Yıldırım Terbiyecisinin Tüyü","circlet":"Yıldırım Terbiyecisinin Tacı","flower":"Yıldırım Terbiyecisinin Kalbi","sands":"Yıldırım Terbiyecisinin Saati"},"bonuses":["Elektrik Direnci %40 artar.","Elektrikten etkilenen düşmanlara verilen Hasarı %35 artırır."],"rarity":[4,5],"domain":"midsummer_courtyard"},"lavawalker":{"id":"lavawalker","name":"Lavdagezen","setPiece":[2,4],"sets":{"goblet":"Lavdagezenin Uyanışı","plume":"Lavdagezenin Kurtuluşu","circlet":"Lavdagezenin Bilgeliği","flower":"Lavdagezenin Azmi","sands":"Lavdagezenin Azabı"},"bonuses":["Ateş Direnci %40 artar.","Ateşten etkilenen düşmanlara verilen Hasarı %35 artırır."],"rarity":[4,5],"domain":"hidden_palace_of_zhou_formula"},"maiden_beloved":{"id":"maiden_beloved","name":"Hanımın Sevdiceği","setPiece":[2,4],"sets":{"goblet":"Hanımın Kısa Tatili","plume":"Hanımın Kara Sevdası","circlet":"Hanımın Solan Güzelliği","flower":"Hanımın Uzak Sevgisi","sands":"Hanımın Kaybolan Gençliği"},"bonuses":["+%15 Karakter İyileştirme verimi.","Bir Element Becerisi veya Patlaması kullanıldığında 10 saniyeliğine tüm grup üyelerinin aldığı iyileştirme %20 artar."],"rarity":[4,5],"domain":"valley_of_remembrance"},"gladiators_finale":{"id":"gladiators_finale","name":"Gladyatörün Son Yemini","setPiece":[2,4],"sets":{"goblet":"Gladyatörün Sarhoşluğu","plume":"Gladyatörün Kaderi","circlet":"Gladyatörün Zaferi","flower":"Gladyatörün Anıları","sands":"Gladyatörün Özlemi"},"bonuses":["+%18 Saldırı.","Bu yadigar setini kuşanan karakter bir Kılıç, Çift Elli Kılıç veya Mızrak kullandığında Normal Saldırı Hasarı %35 artar."],"rarity":[4,5]},"viridescent_venerer":{"id":"viridescent_venerer","name":"Yeşil Gölge","setPiece":[2,4],"sets":{"goblet":"Yeşil Gölge Matarası","plume":"Yeşil Ok Tüyü","circlet":"Yeşil Gölge Tacı","flower":"Yeşil Tarlaların Hatırası","sands":"Yeşil Gölge Kararlılığı"},"bonuses":["+%15 Rüzgar Hasarı Bonusu.","Girdap Hasarını %60 artırır. Girdapta kullanılan elemente karşı 10 saniyeliğine düşmanın Element Direncini %40 azaltır."],"rarity":[4,5],"domain":"valley_of_remembrance"},"wanderers_troupe":{"id":"wanderers_troupe","name":"Göçebe Kumpanyası","setPiece":[2,4],"sets":{"goblet":"Göçebenin Matarası","plume":"Ozanın Ok Tüyü","circlet":"Orkestra Şefinin Şapkası","flower":"Kumpanyanın Şafağı","sands":"Konserin Son Saati"},"bonuses":["Element Ustalığını 80 artırır.","Karakter bir Katalizör veya Yay kullanıyorsa Yüklü Saldırı Hasarını %35 artırır."],"rarity":[4,5]},"thundering_fury":{"id":"thundering_fury","name":"Yıldırım Öfkesi","setPiece":[2,4],"sets":{"goblet":"Yıldırım Fırtınası Alameti","plume":"Felaketten Kurtulan","circlet":"Yıldırım Sihirdarı Tacı","flower":"Yıldırım Kuşu'nun Merhameti","sands":"Yıldırım Saati"},"bonuses":["+%15 Elektrik Hasarı Bonusu.","Yüksek Voltaj, Elektrik Yüklü, Süper İletim ve Aşırı Çiçeklenme ile verilen Hasarı %40 artırır ve Şiddetlenme ile verilen Hasar Bonusu %20 artar. Hızlanma veya yukarıda belirtilen Element Tepkimeleri tetiklendiğinde Element Becerisi Bekleme Süresi 1 saniye azalır. 0,8 saniyede bir tetiklenebilir."],"rarity":[4,5],"domain":"midsummer_courtyard"},"crimson_witch_of_flames":{"id":"crimson_witch_of_flames","name":"Kızıl Alev Cadısı","setPiece":[2,4],"sets":{"goblet":"Cadının Kalp Alevleri","plume":"Cadının Hep Yanan Tüyü","circlet":"Cadının Yakıcı Şapkası","flower":"Cadının Alev Çiçeği","sands":"Cadının Kum Saati"},"bonuses":["+%15 Ateş Hasarı Bonusu.","Yüksek Voltaj, Yakma ve Filizlenme Hasarını %40 artırır. Buharlaşma ve Erime Hasarını %15 artırır. Element Becerisi kullanıldığında 10 saniyeliğine 2 Parçalı Set Bonusu başlangıç değerinden %50 artar. 3 kademeye kadar birikir."],"rarity":[4,5],"domain":"hidden_palace_of_zhou_formula"},"noblesse_oblige":{"id":"noblesse_oblige","name":"Asil Minnettarlık","setPiece":[2,4],"sets":{"goblet":"Kraliyet Gümüş Vazosu","plume":"Kraliyet Tüyü","circlet":"Kraliyet Maskesi","flower":"Kraliyet Çiçeği","sands":"Kraliyet Cep Saati"},"bonuses":["+%20 Element Patlaması Hasarı.","Bir Element Patlaması kullanıldığında tüm grup üyelerinin 12 saniyeliğine Saldırısı %20 artar. Bu etki birikemez."],"rarity":[4,5],"domain":"clear_pool_and_mountain_cavern"},"bloodstained_chivalry":{"id":"bloodstained_chivalry","name":"Kanlı Şövalyelik","setPiece":[2,4],"sets":{"goblet":"Kanlı Şövalyenin Kadehi","plume":"Kanlı Siyah Tüy","circlet":"Kanlı Demir Maske","flower":"Kanlı Demir Çiçek","sands":"Kanlı Şövalyenin Saati"},"bonuses":["+%25 Fiziksel Hasar.","Bir düşmanı yendikten sonra, 10 saniyeliğine Yüklü Saldırı Hasarını %50 artırır ve Dayanıklılık maliyetini 0'a düşürür."],"rarity":[4,5],"domain":"clear_pool_and_mountain_cavern"},"archaic_petra":{"id":"archaic_petra","name":"Arkaik Taşlar","setPiece":[2,4],"sets":{"goblet":"Yalçın Kayalık Kadehi","plume":"Sarp Zirve Tüyü","circlet":"Münzevi Bazalt Maskesi","flower":"Çatlak Uçurum Çiçeği","sands":"Dayanıklı Yeşim Güneş Saati"},"bonuses":["%15 Toprak Hasarı Bonusu kazandırır.","Kristalleştirme Tepkimesi ile bir Element Parçası elde edildiğinde, 10 saniyeliğine tüm grup üyeleri o element için %35 Hasar Bonusu kazanır. Bu yöntemle aynı anda yalnızca bir tür Element Hasarı Bonusu kazanılabilir."],"rarity":[4,5],"domain":"domain_of_guyun"},"retracing_bolide":{"id":"retracing_bolide","name":"Geri Dönen Göktaşı","setPiece":[2,4],"sets":{"goblet":"Yaz Gecesi Su Balonu","plume":"Yaz Gecesi Finali","circlet":"Yaz Gecesi Maskesi","flower":"Yaz Gecesi Çiçeği","sands":"Yaz Gecesi Saati"},"bonuses":["Kalkan Gücünü %35 artırır.","Bir kalkan tarafından korunurken, Normal ve Yüklü Saldırı Hasarı ek olarak %40 artar."],"rarity":[4,5],"domain":"domain_of_guyun"},"heart_of_depth":{"id":"heart_of_depth","name":"Derinliğin Kalbi","setPiece":[2,4],"sets":{"goblet":"Uğultulu Derinliklerin Kadehi","plume":"Nostalji Rüzgarı","circlet":"Şarap Lekeli Denizci Şapkası","flower":"Yaldızlı Broş","sands":"Bakır Pusula"},"bonuses":["+%15 Su Hasarı Bonusu.","Element Becerisi kullandıktan sonra, 15 saniyeliğine Normal Saldırı ve Yüklü Saldırı Hasarı %30 artar."],"rarity":[4,5],"domain":"peak_of_vindagnyr"},"tenacity_of_the_millelith":{"id":"tenacity_of_the_millelith","name":"Taşordu'nun Azmi","setPiece":[2,4],"sets":{"goblet":"Asilzadenin Bağlılık Kupası","plume":"Merasim Savaş Tüyü","circlet":"Kadim General Miğferi","flower":"Övgü Çiçeği","sands":"Altın Güneş Saati"},"bonuses":["Can %20 artar.","Bir Element Becerisi bir düşmana isabet ettiğinde, 3 saniye boyunca çevredeki tüm grup üyelerinin Saldırısı %20 ve Kalkan Güçleri %30 artar. Bu etki 0,5 saniyede bir uygulanabilir. Bu yadigar setini kuşanan karakter savaş alanında olmasa bile bu etki tetiklenir."],"rarity":[4,5],"domain":"ridge_watch"},"pale_flame":{"id":"pale_flame","name":"Sönük Alev","setPiece":[2,4],"sets":{"goblet":"Üstün Kadeh","plume":"Bilge Doktorun Tüyü","circlet":"Alaycı Maske","flower":"Lekesiz Çiçek","sands":"Donmuş Zaman"},"bonuses":["Fiziksel Hasar %25 artar.","Bir Element Becerisi bir düşmana isabet ettiğinde, 7 saniyeliğine Saldırı %9 artar. Bu etki 2 kademeye kadar birikir ve 0,3 saniyede bir tetiklenebilir. 2 kademeye ulaşıldığında, 2'li set etkisi %100 artar."],"rarity":[4,5],"domain":"ridge_watch"},"shimenawas_reminiscence":{"id":"shimenawas_reminiscence","name":"Shimenawa'nın Hatırası","setPiece":[2,4],"sets":{"goblet":"Umutlu Kalp","plume":"Hatıra Mızrağı","circlet":"Kaprisli Surat","flower":"Sarmaşık Çiçeği","sands":"Sabah Çiyi Saati"},"bonuses":["+%18 Saldırı.","Bir Element Becerisi kullanılırken, karakter 15 ve üzeri Enerjiye sahipse 15 Enerji kaybeder ve 10 saniyeliğine Normal/Yüklü/Havadan Saldırı Hasarı %50 artar. Bu süre boyunca aynı etki tekrar tetiklenemez."],"rarity":[4,5],"domain":"momiji-dyed_court"},"emblem_of_severed_fate":{"id":"emblem_of_severed_fate","name":"Parçalanan Kader Amblemi","setPiece":[2,4],"sets":{"goblet":"Kızıl Matara","plume":"Kopmuş Tüy","circlet":"İşlemeli Kabuto","flower":"Muhteşem Tsuba","sands":"Fırtına Kafesi"},"bonuses":["+%20 Enerji Yüklemesi.","Enerji Yüklemesinin Element Patlaması Hasarını %25 artırır. Bu yöntemle maksimum %75 Hasar bonusu elde edilebilir."],"rarity":[4,5],"domain":"momiji-dyed_court"},"husk_of_opulent_dreams":{"id":"husk_of_opulent_dreams","name":"Bereketli Rüyaların Hatıraları","setPiece":[2,4],"sets":{"goblet":"Uyanış Matarası","plume":"İhtişam Tüyü","circlet":"İskelet Şapka","flower":"Çiçeklerin Zamanı","sands":"Yaşam Şarkısı"},"bonuses":["+%30 Savunma.","Bu Yadigar setini kuşanan bir karakter, aşağıdaki durumlarda Merak etkisi kazanır: Savaş alanındayken, karakter düşmanı bir Toprak saldırısıyla vurursa 1 kademe kazanır, 0,3 saniyede bir defa tetiklenebilir. Karakter savaş alanında değilken, her 3 saniyede 1 kademe kazanır. 4 kademeye kadar Merak birikebilir, her bir kademe %6 Savunma ve %6 Toprak Hasar Bonusu kazandırır. Bir Merak kademesi kazanılmadan 6 saniye geçtiğinde, 1 kademe kaybedilir."],"rarity":[4,5],"domain":"slumbering_court"},"ocean-hued_clam":{"id":"ocean-hued_clam","name":"Okyanus Renkli İstiridye","setPiece":[2,4],"sets":{"goblet":"İnci Kafesi","plume":"Derinliklerin Tüyü","circlet":"Watatsumi Tacı","flower":"Deniz Renkli Çiçek","sands":"Ayrılık Saati"},"bonuses":["+%15 İyileştirme Bonusu.","Bu yadigar setini kuşanan karakter gruptaki bir karakteri iyileştirdiğinde, 3 saniyeliğine bir Deniz Köpüğü görünür, iyileştirmeyle elde edilen Can miktarını toplar (fazlalık iyileştirme miktarı dahil). Bu sürenin sonunda Deniz Köpüğü patlayarak çevredeki düşmanlara toplam iyileştirmenin %90'ı kadar Hasar verir. (Bu Hasar, Elektrik Yükleme ve Süper İletim gibi Tepkimelere benzer şekilde hesaplanır ama Element Ustalığı, Karakter Seviyesi veya Tepkime Hasarı Bonuslarından etkilenmez). Her 3,5 saniyede bir sadece bir tane Deniz Köpüğü oluşturulabilir. Her Deniz Köpüğü 30.000 Cana kadar toplayabilir (fazlalık iyileştirme miktarı dahil). Aynı anda sadece bir tane etkin Deniz Köpüğü olabilir. Yadigar setini kullanan karakter savaş alanında olmasa bile bu etki tetiklenebilir."],"rarity":[4,5],"domain":"slumbering_court"},"vermillion_hereafter":{"id":"vermillion_hereafter","name":"Öbür Dünya Zincifresi","setPiece":[2,4],"sets":{"goblet":"Sözleşme Anı","plume":"Saklı Işığın Tüyü","circlet":"Yıldırım Duruşu","flower":"Çiçeklenmiş Yaşam","sands":"Güneş Yadigarı"},"bonuses":["+%18 Saldırı.","Karakter bir Element Patlaması kullandıktan sonra Saklı Işık etkisini kazanır ve 16 saniyeliğine Saldırısı %8 artar. Karakterin Canı azaldığında Saldırısı ek olarak %10 artar. Bu ek artış maksimum 4 defa gerçekleşebilir. Bu etki 0,8 saniyede bir tetiklenebilir ve etki, karakter alandan ayrıldığında kaybolur. Saklı Işık etkisi devredeyken bir Element Patlaması tekrar kullanıldığında ilk Saklı Işık etkisi kaybolur."],"rarity":[4,5],"domain":"the_lost_valley"},"echoes_of_an_offering":{"id":"echoes_of_an_offering","name":"Adağın Yankısı","setPiece":[2,4],"sets":{"goblet":"Pınarların Kadehi","plume":"Yeşim Yaprak","circlet":"Süzülen Küpeler","flower":"Ruh Kokulu Çiçek","sands":"Ayin Simgesi"},"bonuses":["+%18 Saldırı.","Normal Saldırılar düşmana vurduğunda %36 ihtimalle Vadi Ayinini tetikler ve Normal Saldırı Hasarını, Saldırının %70'i oranında artırır. Bu etki bir Normal Saldırı Hasar verdikten 0,05 saniye sonra kaybolur. Bir Normal Saldırı, Vadi Ayinini tetiklemezse bir sonraki seferde tetikleme ihtimali %20 artar. Bu tetiklenme 0,2 saniyede bir gerçekleşebilir."],"rarity":[4,5],"domain":"the_lost_valley"},"deepwood_memories":{"id":"deepwood_memories","name":"Derin Orman Hatıraları","setPiece":[2,4],"sets":{"goblet":"Kayıpların Lambası","plume":"Sarmaşıklar Alimi","circlet":"Defne Tacı","flower":"Labirent Gezgini","sands":"Bilgelik Devri"},"bonuses":["+%15 Doğa Hasarı Bonusu.","Element Becerileri veya Patlamaları düşmana isabet ettiğinde, 8 saniyeliğine hedefin Doğa Direnci %30 azalır. Bu etki, karakter savaş alanında olmasa da tetiklenebilir."],"rarity":[4,5],"domain":"spire_of_solitary_enlightenment"},"gilded_dreams":{"id":"gilded_dreams","name":"Yaldızlı Rüyalar","setPiece":[2,4],"sets":{"goblet":"Bal Tadında Son Bir Ziyafet","plume":"Yargı Tüyü","circlet":"Kum Kralının Gölgesi","flower":"Demirden Düşler Çiçeği","sands":"Mazideki Yıllar"},"bonuses":["+80 Element Ustalığı.","Bir Element Tepkimesi tetiklendikten sonraki 8 saniye boyunca bunu kuşanan karakter, gruptaki diğer karakterlerin Element Türlerine göre güçlendirmeler elde eder. Kuşanan karakterle aynı Element Türüne sahip olan her bir grup üyesi için Saldırı %14 artarken Element Türü farklı olan her bir grup üyesi için Element Ustalığı 50 artar. Bu güçlendirmeler en fazla 3 karakteri kapsar. Bu etki her 8 saniyede bir tetiklenebilir. Bunu kuşanan karakter savaş alanında olmasa bile etkilerini tetikleyebilir."],"rarity":[4,5],"domain":"spire_of_solitary_enlightenment"},"desert_pavilion_chronicle":{"id":"desert_pavilion_chronicle","name":"Çöl Konağı Günlükleri","setPiece":[2,4],"sets":{"goblet":"Büyüleyici Rüyanın Koruyucusu","plume":"Altın Diyarın Sonu","circlet":"Çöl Soylusunun Mirası","flower":"Krallar Şehrinin İlk Günleri","sands":"Kayıp Yolun Saati"},"bonuses":["Rüzgar Hasarı Bonusunu %15 artırır.","Yüklü Saldırı düşmanına isabet ettiğinde 15 saniyeliğine bunu kuşanan karakterin Normal Saldırı Hızı %10 artarken Normal, Yüklü ve Havadan Saldırı Hasarı %40 artar."],"rarity":[4,5],"domain":"city_of_gold"},"flower_of_paradise_lost":{"id":"flower_of_paradise_lost","name":"Kayıp Cennet Çiçeği","setPiece":[2,4],"sets":{"goblet":"Sırdaşın Büyülü Şişesi","plume":"Soluk Ziyafet","circlet":"Ametist Taç","flower":"Ay-Khanoum Enginliği","sands":"Zamanda Donmuş Bir An"},"bonuses":["Element Ustalığını 80 artırır.","Kuşanan karakterin Çiçeklenme, Aşırı Çiçeklenme ve Filizlenme tepkimelerinin Hasarı %40 artar. Ayrıca kuşanan karakter Çiçeklenme, Aşırı Çiçeklenme veya Filizlenme tetiklerse yukarıdaki etkiye ek olarak %25 bonus kazanır. Bu etkinin her bir kademesi 10 saniye sürer. Aynı anda 4 kademeye kadar birikebilir. Bu etki her bir saniyede bir defa tetiklenebilir. Bu etki, kuşanan karakter savaş alanında olmasa da tetiklenebilir."],"rarity":[4,5],"domain":"city_of_gold"}}