{"adventurer":{"id":"adventurer","name":"冒險家","setPiece":[2,4],"sets":{"goblet":"冒險家金杯","plume":"冒險家尾羽","circlet":"冒險家頭帶","flower":"冒險家之花","sands":"冒險家懷錶"},"bonuses":["生命值上限提高1000點。","開啟各類寶箱後的5秒內，持續恢復30%生命值。"],"rarity":[1,2,3],"domain":"midsummer_courtyard"},"lucky_dog":{"id":"lucky_dog","name":"幸運兒","setPiece":[2,4],"sets":{"goblet":"幸運兒之杯","plume":"幸運兒鷹羽","circlet":"幸運兒銀冠","flower":"幸運兒綠花","sands":"幸運兒沙漏"},"bonuses":["防禦力提高100點。","拾取摩拉時，恢復300點生命值。"],"rarity":[1,2,3],"domain":"domain_of_guyun"},"traveling_doctor":{"id":"traveling_doctor","name":"遊醫","setPiece":[2,4],"sets":{"goblet":"遊醫的藥壺","plume":"遊醫的梟羽","circlet":"遊醫的方巾","flower":"遊醫的銀蓮","sands":"遊醫的懷鐘"},"bonuses":["角色受到的治療效果提高20%。","施放元素爆發時，恢復20%生命值。"],"rarity":[1,2,3],"domain":"valley_of_remembrance"},"resolution_of_sojourner":{"id":"resolution_of_sojourner","name":"行者之心","setPiece":[2,4],"sets":{"goblet":"異國之盞","plume":"歸鄉之羽","circlet":"感別之冠","flower":"故人之心","sands":"逐光之石"},"bonuses":["攻擊力提高18%。","重擊的暴擊率提升30%。"],"rarity":[3,4],"domain":"midsummer_courtyard"},"tiny_miracle":{"id":"tiny_miracle","name":"奇蹟","setPiece":[2,4],"sets":{"goblet":"奇蹟之杯","plume":"奇蹟之羽","circlet":"奇蹟耳墜","flower":"奇蹟之花","sands":"奇蹟之沙"},"bonuses":["所有元素抗性提高20%。","受到某個元素類型的傷害後，相應的元素抗性提升30%，持續10秒。該效果每10秒只能觸發一次。"],"rarity":[3,4],"domain":"valley_of_remembrance"},"berserker":{"id":"berserker","name":"戰狂","setPiece":[2,4],"sets":{"goblet":"戰狂的骨杯","plume":"戰狂的翎羽","circlet":"戰狂的鬼面","flower":"戰狂的薔薇","sands":"戰狂的時計"},"bonuses":["暴擊率提高12%。","生命值低於70%時，暴擊率額外提升24%。"],"rarity":[3,4]},"instructor":{"id":"instructor","name":"教官","setPiece":[2,4],"sets":{"goblet":"教官的茶杯","plume":"教官的羽飾","circlet":"教官的帽子","flower":"教官的胸花","sands":"教官的懷錶"},"bonuses":["元素精通提高80點。","觸發元素反應後，隊伍中所有角色的元素精通提高120點，持續8秒。"],"rarity":[3,4]},"the_exile":{"id":"the_exile","name":"流放者","setPiece":[2,4],"sets":{"goblet":"流放者之杯","plume":"流放者之羽","circlet":"流放者頭冠","flower":"流放者之花","sands":"流放者懷錶"},"bonuses":["元素充能效率提高20%。","施放元素爆發後，每2秒為隊伍中所有角色（不包括自身）恢復2點元素能量。該效果持續6秒，無法疊加。"],"rarity":[3,4]},"defenders_will":{"id":"defenders_will","name":"守護之心","setPiece":[2,4],"sets":{"goblet":"守護之皿","plume":"守護徽印","circlet":"守護束帶","flower":"守護之花","sands":"守護座鐘"},"bonuses":["防禦力提高30%。","隊伍裡自己的角色每有不同一種的元素類型，自身獲得30%相應的元素抗性。"],"rarity":[3,4],"domain":"hidden_palace_of_zhou_formula"},"brave_heart":{"id":"brave_heart","name":"勇士之心","setPiece":[2,4],"sets":{"goblet":"勇士的壯行","plume":"勇士的期許","circlet":"勇士的冠冕","flower":"勇士的勳章","sands":"勇士的堅毅"},"bonuses":["攻擊力提高18%。","對生命值高於50%的敵人，造成的傷害增加30%。"],"rarity":[3,4],"domain":"ridge_watch"},"martial_artist":{"id":"martial_artist","name":"武人","setPiece":[2,4],"sets":{"goblet":"武人的酒杯","plume":"武人的羽飾","circlet":"武人的頭巾","flower":"武人的紅花","sands":"武人的水漏"},"bonuses":["普通攻擊與重擊造成的傷害提高15%；","施放元素戰技後的8秒內，普通攻擊和重擊造成的傷害提升25%。"],"rarity":[3,4],"domain":"ridge_watch"},"gambler":{"id":"gambler","name":"賭徒","setPiece":[2,4],"sets":{"goblet":"賭徒的骰盅","plume":"賭徒的羽飾","circlet":"賭徒的耳環","flower":"賭徒的胸花","sands":"賭徒的懷錶"},"bonuses":["元素戰技造成的傷害提升20%。","擊敗敵人時，有100%的機率清除元素戰技的冷卻時間。該效果每15秒至多觸發一次。"],"rarity":[3,4],"domain":"spire_of_solitary_enlightenment"},"scholar":{"id":"scholar","name":"學士","setPiece":[2,4],"sets":{"goblet":"學士的墨杯","plume":"學士的羽筆","circlet":"學士的鏡片","flower":"學士的書籤","sands":"學士的時鐘"},"bonuses":["元素充能效率提高20%。","獲得元素微粒或元素晶球時，隊伍中所有弓箭和法器角色額外恢復3點元素能量。該效果每3秒只能觸發一次。"],"rarity":[3,4],"domain":"clear_pool_and_mountain_cavern"},"prayers_for_illumination":{"id":"prayers_for_illumination","name":"祭火之人","setPiece":[1],"sets":{"circlet":"祭火禮冠"},"bonuses":["受到的火元素附著效果的持續時間減少40%。"],"rarity":[3,4]},"prayers_for_destiny":{"id":"prayers_for_destiny","name":"祭水之人","setPiece":[1],"sets":{"circlet":"祭水禮冠"},"bonuses":["受到的水元素附著效果的持續時間減少40%。"],"rarity":[3,4]},"prayers_for_wisdom":{"id":"prayers_for_wisdom","name":"祭雷之人","setPiece":[1],"sets":{"circlet":"祭雷禮冠"},"bonuses":["受到的雷元素附著效果的持續時間減少40%。"],"rarity":[3,4]},"prayers_to_springtime":{"id":"prayers_to_springtime","name":"祭冰之人","setPiece":[1],"sets":{"circlet":"祭冰禮冠"},"bonuses":["受到的冰元素附著效果的持續時間減少40%。"],"rarity":[3,4]},"blizzard_strayer":{"id":"blizzard_strayer","name":"冰風迷途的勇士","setPiece":[2,4],"sets":{"goblet":"遍結寒霜的傲骨","plume":"摧冰而行的執望","circlet":"破冰踏雪的回音","flower":"歷經風雪的思念","sands":"冰雪故國的終期"},"bonuses":["獲得15%冰元素傷害加成。","攻擊處於冰元素影響下的敵人時，暴擊率提高20%；若敵人處於凍結狀態下，則暴擊率額外提高20%。"],"rarity":[4,5],"domain":"peak_of_vindagnyr"},"thundersoother":{"id":"thundersoother","name":"平息鳴雷的尊者","setPiece":[2,4],"sets":{"goblet":"平雷之器","plume":"平雷之羽","circlet":"平雷之冠","flower":"平雷之心","sands":"平雷之刻"},"bonuses":["雷元素抗性提高40%。","對處於雷元素影響下的敵人造成的傷害提升35%。"],"rarity":[4,5],"domain":"midsummer_courtyard"},"lavawalker":{"id":"lavawalker","name":"渡過烈火的賢人","setPiece":[2,4],"sets":{"goblet":"渡火者的醒悟","plume":"渡火者的解脫","circlet":"渡火者的智慧","flower":"渡火者的決絕","sands":"渡火者的煎熬"},"bonuses":["火元素抗性提高40%。","對處於火元素影響下的敵人造成的傷害提升35%。"],"rarity":[4,5],"domain":"hidden_palace_of_zhou_formula"},"maiden_beloved":{"id":"maiden_beloved","name":"被憐愛的少女","setPiece":[2,4],"sets":{"goblet":"少女片刻的閒暇","plume":"少女飄搖的思念","circlet":"少女易逝的芳顏","flower":"遠方的少女之心","sands":"少女苦短的良辰"},"bonuses":["角色造成的治療效果提升15%。","施放元素戰技或元素爆發後的10秒內，隊伍中所有角色受治療效果加成提高20%。"],"rarity":[4,5],"domain":"valley_of_remembrance"},"gladiators_finale":{"id":"gladiators_finale","name":"角鬥士的終幕禮","setPiece":[2,4],"sets":{"goblet":"角鬥士的酣醉","plume":"角鬥士的歸宿","circlet":"角鬥士的凱旋","flower":"角鬥士的留戀","sands":"角鬥士的希冀"},"bonuses":["攻擊力提高18%。","裝備該聖遺物套裝的角色為單手劍、雙手劍、長柄武器角色時，角色普通攻擊造成的傷害提高35%。"],"rarity":[4,5]},"viridescent_venerer":{"id":"viridescent_venerer","name":"翠綠之影","setPiece":[2,4],"sets":{"goblet":"翠綠獵人的容器","plume":"獵人青翠的箭羽","circlet":"翠綠的獵人之冠","flower":"野花記憶的綠野","sands":"翠綠獵人的篤定"},"bonuses":["獲得15%風元素傷害加成。","擴散反應造成的傷害提升60%。根據擴散的元素類型，降低受到影響的敵人40%的對應元素抗性，持續10秒。"],"rarity":[4,5],"domain":"valley_of_remembrance"},"wanderers_troupe":{"id":"wanderers_troupe","name":"流浪大地的樂團","setPiece":[2,4],"sets":{"goblet":"吟遊者之壺","plume":"琴師的箭羽","circlet":"指揮的禮帽","flower":"樂團的晨光","sands":"終幕的時計"},"bonuses":["元素精通提高80點。","裝備該聖遺物套裝的角色為法器、弓箭角色時，角色重擊造成的傷害提高35%。"],"rarity":[4,5]},"thundering_fury":{"id":"thundering_fury","name":"如雷的盛怒","setPiece":[2,4],"sets":{"goblet":"降雷的凶兆","plume":"雷災的孑遺","circlet":"喚雷的頭冠","flower":"雷鳥的憐憫","sands":"雷霆的時計"},"bonuses":["獲得15%雷元素傷害加成。","超載、感電、超導、超綻放反應造成的傷害提升40%，超激化反應帶來的傷害提升提高20%。觸發上述元素反應或原激化反應時，元素戰技冷卻時間減少1秒。該效果每0.8秒最多觸發一次。"],"rarity":[4,5],"domain":"midsummer_courtyard"},"crimson_witch_of_flames":{"id":"crimson_witch_of_flames","name":"熾烈的炎之魔女","setPiece":[2,4],"sets":{"goblet":"魔女的心之火","plume":"魔女常燃之羽","circlet":"焦灼的魔女帽","flower":"魔女的炎之花","sands":"魔女破滅之時"},"bonuses":["獲得15%火元素傷害加成。","超載、燃燒、烈綻放反應造成的傷害提升40%，蒸發、融化反應的加成係數提高15%。施放元素戰技後的10秒內，2件套裝的效果提高50%，該效果最多疊加3次。"],"rarity":[4,5],"domain":"hidden_palace_of_zhou_formula"},"noblesse_oblige":{"id":"noblesse_oblige","name":"昔日宗室之儀","setPiece":[2,4],"sets":{"goblet":"宗室銀甕","plume":"宗室之翎","circlet":"宗室面具","flower":"宗室之花","sands":"宗室時計"},"bonuses":["元素爆發造成的傷害提升20%。","施放元素爆發後，隊伍中所有角色攻擊力提升20%，持續12秒。該效果不可疊加。"],"rarity":[4,5],"domain":"clear_pool_and_mountain_cavern"},"bloodstained_chivalry":{"id":"bloodstained_chivalry","name":"染血的騎士道","setPiece":[2,4],"sets":{"goblet":"染血騎士之杯","plume":"染血的黑之羽","circlet":"染血的鐵假面","flower":"染血的鐵之心","sands":"騎士染血之時"},"bonuses":["造成的物理傷害提高25%。","擊敗敵人後的10秒內，施放重擊時不消耗體力，且重擊造成的傷害提升50%。"],"rarity":[4,5],"domain":"clear_pool_and_mountain_cavern"},"archaic_petra":{"id":"archaic_petra","name":"悠古的磐岩","setPiece":[2,4],"sets":{"goblet":"巉岩琢塑之樽","plume":"嵯峨群峰之翼","circlet":"不動玄石之相","flower":"磐陀裂生之花","sands":"星羅圭璧之晷"},"bonuses":["獲得15%岩元素傷害加成。","獲得結晶反應形成的晶片時，隊伍中所有角色獲得35%對應元素傷害加成，持續10秒。同時只能通過該效果獲得一種元素傷害加成。"],"rarity":[4,5],"domain":"domain_of_guyun"},"retracing_bolide":{"id":"retracing_bolide","name":"逆飛的流星","setPiece":[2,4],"sets":{"goblet":"夏祭水玉","plume":"夏祭終末","circlet":"夏祭之面","flower":"夏祭之花","sands":"夏祭之刻"},"bonuses":["護盾強效提高35%。","處於護盾庇護下時，額外獲得40%普通攻擊和重擊傷害加成。"],"rarity":[4,5],"domain":"domain_of_guyun"},"heart_of_depth":{"id":"heart_of_depth","name":"沉淪之心","setPiece":[2,4],"sets":{"goblet":"沉波之盞","plume":"追憶之風","circlet":"酒漬船帽","flower":"飾金胸花","sands":"堅銅羅盤"},"bonuses":["獲得15%水元素傷害加成。","施放元素戰技後的15秒內，普通攻擊與重擊造成的傷害提高30%。"],"rarity":[4,5],"domain":"peak_of_vindagnyr"},"tenacity_of_the_millelith":{"id":"tenacity_of_the_millelith","name":"千岩牢固","setPiece":[2,4],"sets":{"goblet":"盟誓金爵","plume":"昭武翎羽","circlet":"將帥兜鍪","flower":"勳績之花","sands":"金銅時晷"},"bonuses":["生命值提升20%","元素戰技命中敵人後，使隊伍中附近的所有角色攻擊力提升20%，護盾強效提升30%，持續3秒。該效果每0.5秒至多觸發一次。裝備此聖遺物套裝的角色處於隊伍後台時，依然能觸發該效果。"],"rarity":[4,5],"domain":"ridge_watch"},"pale_flame":{"id":"pale_flame","name":"蒼白之火","setPiece":[2,4],"sets":{"goblet":"超越之盞","plume":"賢醫之羽","circlet":"嗤笑之面","flower":"無垢之花","sands":"停擺之刻"},"bonuses":["造成的物理傷害提高25%。","元素戰技命中敵人後，攻擊力提升9%。該效果持續7秒，至多疊加兩層，每0.3秒至多觸發一次。疊滿兩層時，2件套裝的效果提升100%。"],"rarity":[4,5],"domain":"ridge_watch"},"shimenawas_reminiscence":{"id":"shimenawas_reminiscence","name":"追憶之注連","setPiece":[2,4],"sets":{"goblet":"祈望之心","plume":"思憶之矢","circlet":"無常之面","flower":"羈纏之花","sands":"朝露之時"},"bonuses":["攻擊力提高18%。","施放元素戰技時，如果角色的元素能量高於或等於15點，則會流失15點元素能量，使接下來的10秒內，普通攻擊、重擊、下落攻擊造成的傷害提高50%，持續期間內該效果不會再次觸發。"],"rarity":[4,5],"domain":"momiji-dyed_court"},"emblem_of_severed_fate":{"id":"emblem_of_severed_fate","name":"絕緣之旗印","setPiece":[2,4],"sets":{"goblet":"緋花之壺","plume":"切落之羽","circlet":"華飾之兜","flower":"明威之鐔","sands":"雷雲之籠"},"bonuses":["元素充能效率提高20%。","基於元素充能效率的25%，提高元素爆發造成的傷害。至多依此方式獲得75%提升。"],"rarity":[4,5],"domain":"momiji-dyed_court"},"husk_of_opulent_dreams":{"id":"husk_of_opulent_dreams","name":"華館夢醒形骸記","setPiece":[2,4],"sets":{"goblet":"夢醒之瓢","plume":"華館之羽","circlet":"形骸之笠","flower":"榮花之期","sands":"眾生之謠"},"bonuses":["防禦力提高30%。","裝備此聖遺物套裝的角色在以下情況下，將獲得「問答」效果：在場上用岩元素攻擊命中敵人後獲得一層，每0.3秒至多觸發一次；在隊伍後台中，每3秒獲得一層。問答至多疊加4層，每層能提供6%防禦力與6%岩元素傷害加成。每6秒，若未獲得問答效果，將損失一層。"],"rarity":[4,5],"domain":"slumbering_court"},"ocean-hued_clam":{"id":"ocean-hued_clam","name":"海染硨磲","setPiece":[2,4],"sets":{"goblet":"真珠之籠","plume":"淵宮之羽","circlet":"海祇之冠","flower":"海染之花","sands":"離別之貝"},"bonuses":["治療加成提高15%。","裝備此聖遺物套裝的角色對隊伍中的角色進行治療時，將產生持續3秒的海染泡沫，記錄治療的生命值回復量（包括溢出值）。持續時間結束時，海染泡沫將會爆炸，對周圍的敵人造成90%累計回復量的傷害（該傷害結算方式同感電、超導等元素反應，但不受元素精通、等級或反應傷害加成效果影響）。每3.5秒至多產生一個海染泡沫；海染泡沫至多記錄30000點回復量，含溢出部分的治療量；自己的隊伍中同時至多存在一個海染泡沫。裝備此聖遺物套裝的角色處於隊伍後台時，依然能觸發該效果。"],"rarity":[4,5],"domain":"slumbering_court"},"vermillion_hereafter":{"id":"vermillion_hereafter","name":"辰砂往生錄","setPiece":[2,4],"sets":{"goblet":"結契之刻","plume":"潛光片羽","circlet":"虺雷之姿","flower":"生靈之華","sands":"陽轡之遺"},"bonuses":["攻擊力提高18%。","施放元素爆發後，將產生持續16秒的「潛光」效果：攻擊力提升8%；並在角色的生命值降低時，攻擊力進一步提升10%，至多依此方式提升4次，每0.8秒至多觸發一次。「潛光」效果將在角色退場時消失；持續期間再次施放元素爆發，將移除原有的「潛光」。"],"rarity":[4,5],"domain":"the_lost_valley"},"echoes_of_an_offering":{"id":"echoes_of_an_offering","name":"來歆餘響","setPiece":[2,4],"sets":{"goblet":"湧泉之盞","plume":"垂玉之葉","circlet":"浮溯之玨","flower":"魂香之花","sands":"祝祀之憑"},"bonuses":["攻擊力提高18%。","普通攻擊命中敵人時，有36%機率觸發「幽谷祝祀」：普通攻擊造成的傷害提高，傷害提高值為攻擊力的70%，該效果將在普通攻擊造成傷害後的0.05秒後清除。普通攻擊未觸發「幽谷祝祀」時，會使下次觸發機率提升20%；0.2秒內至多判定1次觸發與否。"],"rarity":[4,5],"domain":"the_lost_valley"},"deepwood_memories":{"id":"deepwood_memories","name":"深林的記憶","setPiece":[2,4],"sets":{"goblet":"迷誤者之燈","plume":"翠蔓的智者","circlet":"月桂的寶冠","flower":"迷宮的遊人","sands":"賢智的定期"},"bonuses":["獲得15%草元素傷害加成。","元素戰技或元素爆發命中敵人後，使命中目標的草元素抗性降低30%，持續8秒。裝備者處於隊伍後臺時，依然能觸發該效果。"],"rarity":[4,5],"domain":"spire_of_solitary_enlightenment"},"gilded_dreams":{"id":"gilded_dreams","name":"飾金之夢","setPiece":[2,4],"sets":{"goblet":"如蜜的終宴","plume":"裁斷的翎羽","circlet":"沙王的投影","flower":"夢中的鐵花","sands":"沉金的歲月"},"bonuses":["元素精通提高80點。","觸發元素反應後的8秒內，會根據隊伍內其他角色的元素類型，使裝備者獲得強化：隊伍中每包含1個和裝備者同類元素的角色，攻擊力提升14%；每包含1個和裝備者不同元素類型的角色，元素精通提升50點。上述每類效果至多計算3個角色。該效果每8秒至多觸發一次。裝備者處於隊伍後臺時，依然能觸發該效果。"],"rarity":[4,5],"domain":"spire_of_solitary_enlightenment"},"desert_pavilion_chronicle":{"id":"desert_pavilion_chronicle","name":"沙上樓閣史話","setPiece":[2,4],"sets":{"goblet":"迷醉長夢的守護","plume":"黃金邦國的結末","circlet":"流沙貴嗣的遺寶","flower":"眾王之都的開端","sands":"失落迷途的機芯"},"bonuses":["獲得15%風元素傷害加成。","重擊命中敵人後，該角色的普通攻擊速度提升10%，普通攻擊、重擊與下落攻擊造成的傷害提升40%，持續15秒。"],"rarity":[4,5],"domain":"city_of_gold"},"flower_of_paradise_lost":{"id":"flower_of_paradise_lost","name":"樂園遺落之花","setPiece":[2,4],"sets":{"goblet":"守秘的魔瓶","plume":"謝落的筵席","circlet":"紫晶的花冠","flower":"月女的華彩","sands":"凝結的時刻"},"bonuses":["元素精通提高80點。","裝備者綻放、超綻放、烈綻放反應造成的傷害提升40%。此外，裝備者觸發綻放、超綻放、烈綻放後，上述效果帶來的加成提升25%，該效果持續10秒，至多疊加4次，每1秒至多觸發一次。裝備者處於隊伍後臺時依然能觸發該效果。"],"rarity":[4,5],"domain":"city_of_gold"}}