{"adventurer":{"id":"adventurer","name":"Nhà Mạo Hiểm","setPiece":[2,4],"sets":{"goblet":"Ly Nhà Mạo Hiểm","plume":"Lông Vũ Nhà Mạo Hiểm","circlet":"Khăn Nhà Mạo Hiểm","flower":"Hoa Nhà Mạo Hiểm","sands":"Đồng Hồ Nhà Mạo Hiểm"},"bonuses":["HP tối đa tăng 1000 điểm.","5s sau khi mở các loại rương, duy trì hồi 30% HP."],"rarity":[1,2,3],"domain":"midsummer_courtyard"},"lucky_dog":{"id":"lucky_dog","name":"Vật May Mắn","setPiece":[2,4],"sets":{"goblet":"Ly May Mắn","plume":"Lông Ưng May Mắn","circlet":"Vòng Bạc May Mắn","flower":"Hoa May Mắn","sands":"Đồng Hồ Cát May Mắn"},"bonuses":["Phòng ngự tăng 100 điểm.","Khi nhặt Mora, hồi 300 điểm HP."],"rarity":[1,2,3],"domain":"domain_of_guyun"},"traveling_doctor":{"id":"traveling_doctor","name":"Thầy Thuốc","setPiece":[2,4],"sets":{"goblet":"Bình Thuốc Thầy Thuốc","plume":"Lông Vũ Thầy Thuốc","circlet":"Khăn Thầy Thuốc","flower":"Cúc Hoạ Mi Thầy Thuốc","sands":"Đồng Hồ Thầy Thuốc"},"bonuses":["Tăng 20% hiệu quả trị liệu nhân vật nhận được.","Khi thi triển Kỹ Năng Nộ, hồi 20% HP."],"rarity":[1,2,3],"domain":"valley_of_remembrance"},"resolution_of_sojourner":{"id":"resolution_of_sojourner","name":"Trái Tim Hành Giả","setPiece":[2,4],"sets":{"goblet":"Chiếc Ly Dị Quốc","plume":"Lông Vũ Hồi Hương","circlet":"Chiếc Nón Từ Biệt","flower":"Trái Tim Của Cố Nhân","sands":"Hòn Đá Phát Sáng"},"bonuses":["Tấn công tăng 18%","Tỷ lệ bạo kích của trọng kích tăng 30%"],"rarity":[3,4],"domain":"midsummer_courtyard"},"tiny_miracle":{"id":"tiny_miracle","name":"Kỳ Tích","setPiece":[2,4],"sets":{"goblet":"Ly Kỳ Tích","plume":"Lông Vũ Kỳ Tích","circlet":"Bông Tai Kỳ Tích","flower":"Hoa Kỳ Tích","sands":"Cát Kỳ Tích"},"bonuses":["Tất cả kháng Nguyên Tố tăng 20%.","Sau khi nhận sát thương Nguyên Tố, kháng tương ứng tăng 30%, kéo dài 10s. Mỗi 10s chỉ thi triển 1 lần."],"rarity":[3,4],"domain":"valley_of_remembrance"},"berserker":{"id":"berserker","name":"Cuồng Chiến","setPiece":[2,4],"sets":{"goblet":"Ly Xương Cuồng Chiến","plume":"Lông Vũ Cuồng Chiến","circlet":"Mặt Quỷ Cuồng Chiến","flower":"Tường Vi Cuồng Chiến","sands":"Đồng Hồ Cuồng Chiến"},"bonuses":["Tỷ lệ bạo kích tăng 12%.","Khi HP dưới 70%, tỷ lệ bạo kích tăng thêm 24%."],"rarity":[3,4]},"instructor":{"id":"instructor","name":"Giáo Quan","setPiece":[2,4],"sets":{"goblet":"Tách Trà Giáo Quan","plume":"Lông Vũ Giáo Quan","circlet":"Nón Giáo Quan","flower":"Hoa Giáo Quan","sands":"Đồng Hồ Giáo Quan"},"bonuses":["Tăng 80 điểm tinh thông nguyên tố.","Sau khi kích hoạt phản ứng Nguyên Tố, tinh thông Nguyên Tố tất cả thành viên đội tăng 120 điểm, kéo dài 8s."],"rarity":[3,4]},"the_exile":{"id":"the_exile","name":"Kẻ Lưu Đày","setPiece":[2,4],"sets":{"goblet":"Ly Kẻ Lưu Đày","plume":"Lông Vũ Kẻ Lưu Đày","circlet":"Vương Miện Kẻ Lưu Đày","flower":"Hoa Kẻ Lưu Đày","sands":"Đồng Hồ Kẻ Lưu Đày"},"bonuses":["Hiệu Quả Nạp Nguyên Tố tăng 20%","Sau khi thi triển kỹ năng nộ, mỗi 2 giây sẽ hồi 2 điểm năng lượng nguyên tố cho tất cả nhân vật trong đội (không bao gồm bản thân). Hiệu quả trong 6 giây, không cộng dồn."],"rarity":[3,4]},"defenders_will":{"id":"defenders_will","name":"Trái Tim Thủ Hộ","setPiece":[2,4],"sets":{"goblet":"Ly Thủ Hộ","plume":"Huy Hiệu Thủ Hộ","circlet":"Nón Thủ Hộ","flower":"Hoa Thủ Hộ","sands":"Đồng Hồ Thủ Hộ"},"bonuses":["Phòng ngự tăng 30%.","Cứ mỗi nhân vật của bản thân có 1 nguyên tố khác trong đội thì bản thân sẽ được nhận 30% kháng Nguyên Tố tương ứng."],"rarity":[3,4],"domain":"hidden_palace_of_zhou_formula"},"brave_heart":{"id":"brave_heart","name":"Trái Tim Dũng Sĩ","setPiece":[2,4],"sets":{"goblet":"Hành Trình Của Dũng Sĩ","plume":"Sự Mong Đợi Của Dũng Sĩ","circlet":"Vương Miện Dũng Sĩ","flower":"Huy Chương Dũng Sĩ","sands":"Sự Kiên Nghị Của Dũng Sĩ"},"bonuses":["Tấn công tăng 18%","Kẻ địch có HP cao hơn 50%, sát thương gây ra tăng 30%."],"rarity":[3,4],"domain":"ridge_watch"},"martial_artist":{"id":"martial_artist","name":"Võ Nhân","setPiece":[2,4],"sets":{"goblet":"Ly Rượu Võ Nhân","plume":"Lông Vũ Võ Nhân","circlet":"Khăn Võ Nhân","flower":"Hoa Võ Nhân","sands":"Đồng Hồ Nước Võ Nhân"},"bonuses":["Tăng 15% sát thương tấn công thường và trọng kích tạo thành;","Trong 8s sau khi sử dụng kỹ năng Nguyên Tố, tấn công thường và trọng kích tăng 25% sát thương."],"rarity":[3,4],"domain":"ridge_watch"},"gambler":{"id":"gambler","name":"Con Bạc","setPiece":[2,4],"sets":{"goblet":"Xúc Xắc Con Bạc","plume":"Lông Vũ Con Bạc","circlet":"Hoa Tai Con Bạc","flower":"Hoa Con Bạc","sands":"Đồng Hồ Con Bạc"},"bonuses":["Sát thương kỹ năng Nguyên Tố tạo thành tăng 20%.","Khi đánh bại kẻ địch, có tỷ lệ 100% xóa CD kỹ năng Nguyên Tố. Mỗi 15s mới có hiệu quả 1 lần."],"rarity":[3,4],"domain":"spire_of_solitary_enlightenment"},"scholar":{"id":"scholar","name":"Học Sĩ","setPiece":[2,4],"sets":{"goblet":"Ly Mực Học Sĩ","plume":"Bút Lông Học Sĩ","circlet":"Mảnh Kính Học Sĩ","flower":"Kẹp Sách Học Sĩ","sands":"Đồng Hồ Học Sĩ"},"bonuses":["Hiệu Quả Nạp Nguyên Tố tăng 20%","Khi nhận Nguyên Tố Hạt Nhân hoặc Nguyên Tố Tinh Cầu, tất cả nhân vật dùng cung tên và Pháp Khí trong đội sẽ hồi thêm 3 Năng Lượng Nguyên Tố. Mỗi 3s mới thi triển 1 lần."],"rarity":[3,4],"domain":"clear_pool_and_mountain_cavern"},"prayers_for_illumination":{"id":"prayers_for_illumination","name":"Người Tế Hỏa","setPiece":[1],"sets":{"circlet":"Nón Tế Lửa"},"bonuses":["Thời gian duy trì hiệu quả nguyên tố Hỏa kèm theo giảm 40%."],"rarity":[3,4]},"prayers_for_destiny":{"id":"prayers_for_destiny","name":"Người Tế Thủy","setPiece":[1],"sets":{"circlet":"Nón Tế Thủy"},"bonuses":["Thời gian duy trì hiệu quả nguyên tố Thủy kèm theo giảm 40%."],"rarity":[3,4]},"prayers_for_wisdom":{"id":"prayers_for_wisdom","name":"Người Tế Lôi","setPiece":[1],"sets":{"circlet":"Nón Tế Lôi"},"bonuses":["Thời gian duy trì hiệu quả nguyên tố Lôi kèm theo giảm 40%."],"rarity":[3,4]},"prayers_to_springtime":{"id":"prayers_to_springtime","name":"Người Tế Băng","setPiece":[1],"sets":{"circlet":"Nón Tế Băng"},"bonuses":["Thời gian duy trì hiệu quả nguyên tố Băng kèm theo giảm 40%."],"rarity":[3,4]},"blizzard_strayer":{"id":"blizzard_strayer","name":"Dũng Sĩ Trong Băng Giá","setPiece":[2,4],"sets":{"goblet":"Niềm Kiêu Hãnh Băng Giá","plume":"Chấp Niệm Phá Băng Mà Tiến Bước","circlet":"Tiếng Vọng Băng Vỡ Tuyết Rơi","flower":"Nỗi Nhớ Trải Qua Băng Tuyết","sands":"Hồi Kết Của Miền Quê Băng Giá"},"bonuses":["Tăng sát thương nguyên tố Băng 15%","Khi tấn công kẻ địch đang bị Nguyên Tố Băng ảnh hưởng, sẽ tăng 20% tỷ lệ bạo kích, nếu địch ở trạng thái đóng băng, sẽ tăng thêm 20% tỷ lệ bạo kích."],"rarity":[4,5],"domain":"peak_of_vindagnyr"},"thundersoother":{"id":"thundersoother","name":"Tôn Giả Trầm Lặng","setPiece":[2,4],"sets":{"goblet":"Ly Bình Lôi","plume":"Lông Vũ Bình Lôi","circlet":"Nón Bình Lôi","flower":"Trái Tim Bình Lôi","sands":"Khoảnh Khắc Bình Lôi"},"bonuses":["Kháng nguyên tố Lôi tăng 40%.","Tăng 35% sát thương tạo thành cho kẻ địch bị ảnh hưởng nguyên tố Lôi."],"rarity":[4,5],"domain":"midsummer_courtyard"},"lavawalker":{"id":"lavawalker","name":"Hiền Nhân Bốc Lửa","setPiece":[2,4],"sets":{"goblet":"Sự Tỉnh Ngộ Của Người Vượt Lửa","plume":"Sự Giải Thoát Của Người Vượt Lửa","circlet":"Trí Tuệ Người Vượt Lửa","flower":"Sự Từ Chối Của Người Vượt Lửa","sands":"Sự Dằn Vặt Của Người Vượt Lửa"},"bonuses":["Kháng nguyên tố Hỏa tăng 40%.","Tăng 35% sát thương tạo thành cho kẻ địch bị ảnh hưởng nguyên tố Hỏa."],"rarity":[4,5],"domain":"hidden_palace_of_zhou_formula"},"maiden_beloved":{"id":"maiden_beloved","name":"Thiếu Nữ Đáng Yêu","setPiece":[2,4],"sets":{"goblet":"Thời Gian Rảnh Rỗi Của Thiếu Nữ","plume":"Ý Nghĩ Của Thiếu Nữ","circlet":"Nhan Sắc Của Thiếu Nữ","flower":"Trái Tim Thiếu Nữ Phương Xa","sands":"Thời Gian Chờ Đợi Của Thiếu Nữ"},"bonuses":["Hiệu quả trị liệu nhân vật tạo ra tăng 15%.","10s sau khi thi triển kỹ năng Nguyên Tố hoặc Kỹ Năng Nộ, hiệu quả trị liệu tất cả nhân vật trong đội nhận được tăng 20%."],"rarity":[4,5],"domain":"valley_of_remembrance"},"gladiators_finale":{"id":"gladiators_finale","name":"Lễ Bế Mạc Của Giác Đấu Sĩ","setPiece":[2,4],"sets":{"goblet":"Giác Đấu Sĩ Uống Say","plume":"Giác Đấu Sĩ Trở Về","circlet":"Nón Giác Đấu Sĩ","flower":"Nỗi Nhớ Của Giác Đấu Sĩ","sands":"Hy Vọng Của Giác Đấu Sĩ"},"bonuses":["Tấn công tăng 18%","Khi nhân vật trang bị bộ Thánh Di Vật này dùng kiếm đơn, trọng kiếm, vũ khí cán dài, sát thương tấn công thường nhân vật tạo thành tăng 35%."],"rarity":[4,5]},"viridescent_venerer":{"id":"viridescent_venerer","name":"Bóng Hình Màu Xanh","setPiece":[2,4],"sets":{"goblet":"Vật Đựng Của Thợ Săn","plume":"Lông Vũ Xanh Của Thợ Săn","circlet":"Nón Thợ Săn","flower":"Hoa Ký Ức Đồng Xanh","sands":"Thời Gian Của Thợ Săn"},"bonuses":["Nhận 15% buff sát thương nguyên tố Phong.","Sát thương phản ứng khuếch tán tạo thành tăng 60%. Dựa theo loại Nguyên Tố khuếch tán, giảm 40% kháng Nguyên Tố của kẻ địch bị ảnh hưởng, kéo dài 10s."],"rarity":[4,5],"domain":"valley_of_remembrance"},"wanderers_troupe":{"id":"wanderers_troupe","name":"Đoàn Hát Lang Thang Đại Lục","setPiece":[2,4],"sets":{"goblet":"Bình Nước Nhà Thơ","plume":"Mũi Tên Nhạc Sĩ","circlet":"Nón Chỉ Huy","flower":"Ánh Sáng Của Ban Nhạc","sands":"Thời Gian Bế Mạc"},"bonuses":["Tăng 80 điểm tinh thông nguyên tố.","Khi nhân vật trang bị bộ Thánh Di Vật này dùng pháp khí, cung tên, sát thương trọng kích nhân vật tạo thành tăng 35%."],"rarity":[4,5]},"thundering_fury":{"id":"thundering_fury","name":"Như Sấm Thịnh Nộ","setPiece":[2,4],"sets":{"goblet":"Sấm Sét Hung Ác","plume":"Tai Họa Của Sét","circlet":"Vương Miện Gọi Sét","flower":"Sự Thương Hại Của Lôi Điểu","sands":"Thời Gian Lôi Đình"},"bonuses":["Nhận 15% buff sát thương nguyên tố Lôi","Sát thương tạo thành từ phản ứng Quá Tải, Điện Cảm, Siêu Dẫn, Nở Rộ tăng 40%; sát thương từ phản ứng Tăng Cường tăng 20%. Khi kích hoạt phản ứng Sinh Trưởng hoặc những phản ứng nêu trên, CD Kỹ Năng Nguyên Tố giảm 1s. Hiệu quả này mỗi 0.8s tối đa kích hoạt một lần."],"rarity":[4,5],"domain":"midsummer_courtyard"},"crimson_witch_of_flames":{"id":"crimson_witch_of_flames","name":"Diệm Liệt Ma Nữ Cháy Rực","setPiece":[2,4],"sets":{"goblet":"Trái Tim Lửa Của Ma Nữ","plume":"Lông Vũ Thiêu Đốt Của Ma Nữ","circlet":"Nón Ma Nữ Lo Lắng","flower":"Hoa Lửa Của Ma Nữ","sands":"Thời Gian Ma Nữ Bùng Nổ"},"bonuses":["Nhận 15% buff sát thương nguyên tố Hỏa.","Sát thương phản ứng Quá Tải, Thiêu Đốt, Bung Tỏa gây ra tăng 40%, phản ứng Bốc Hơi, Tan Chảy tăng hệ số buff 15%. 10s sau khi thi triển kỹ năng Nguyên Tố, hiệu quả của 2 món tăng 50%. Hiệu quả này tối đa cộng dồn 3 lần."],"rarity":[4,5],"domain":"hidden_palace_of_zhou_formula"},"noblesse_oblige":{"id":"noblesse_oblige","name":"Nghi Thức Tông Thất Cổ","setPiece":[2,4],"sets":{"goblet":"Bình Bạc Tông Thất","plume":"Lông Vũ Tông Thất","circlet":"Mặt Nạ Tông Thất","flower":"Hoa Tông Thất","sands":"Đồng Hồ Tông Thất"},"bonuses":["Sát thương Kỹ Năng Nộ tạo thành tăng 20%.","Sau khi thi triển kỹ năng nộ, tấn công cả đội tăng 20%, kéo dài 12s, hiệu quả này không cộng dồn."],"rarity":[4,5],"domain":"clear_pool_and_mountain_cavern"},"bloodstained_chivalry":{"id":"bloodstained_chivalry","name":"Kỵ Sĩ Đạo Nhuốm Máu","setPiece":[2,4],"sets":{"goblet":"Ly Kỵ Sĩ Nhuốm Máu","plume":"Lông Vũ Đen Nhuốm Máu","circlet":"Mặt Nạ Sắt Nhuốm Máu","flower":"Trái Tim Sắt Nhuốm Máu","sands":"Đồng Hồ Kỵ Sĩ Nhuốm Máu"},"bonuses":["Sát thương vật lý tạo thành tăng 25%.","Trong 10s sau khi đánh bại kẻ địch, khi thi triển trọng kích không tiêu hao thể lực, và sát thương trọng kích tạo thành tăng 50%."],"rarity":[4,5],"domain":"clear_pool_and_mountain_cavern"},"archaic_petra":{"id":"archaic_petra","name":"Phiến Đá Lâu Đời","setPiece":[2,4],"sets":{"goblet":"Ly Ngọc Bàn Thạch","plume":"Cánh Thái Sơn","circlet":"Mặt Nạ Huyền Thạch","flower":"Hoa Bàn Đà","sands":"Cát Tinh Đà"},"bonuses":["Nhận 15% buff sát thương nguyên tố Nham.","Khi nhận được mảnh kết tinh do phản ứng Kết Tinh hình thành, tất cả thành viên đội sẽ được tăng 35% sát thương nguyên tố tương ứng, duy trì 10 giây. Chỉ được nhận một loại tăng sát thương nguyên tố cùng lúc."],"rarity":[4,5],"domain":"domain_of_guyun"},"retracing_bolide":{"id":"retracing_bolide","name":"Sao Băng Bay Ngược","setPiece":[2,4],"sets":{"goblet":"Ly Ngọc Lễ Tế Mùa Hè","plume":"Kết Thúc Lễ Tế Mùa Hè","circlet":"Mặt Nạ Lễ Tế Mùa Hè","flower":"Hoa Lễ Tế Mùa Hè","sands":"Đồng Hồ Lễ Tế Mùa Hè"},"bonuses":["Hiệu quả khiên tăng 35%","Khi được khiên bảo vệ, nhận thêm 40% tăng sát thương của tấn công thường và trọng kích."],"rarity":[4,5],"domain":"domain_of_guyun"},"heart_of_depth":{"id":"heart_of_depth","name":"Trái Tim Trầm Luân","setPiece":[2,4],"sets":{"goblet":"Ly Gợn Sóng","plume":"Ngọn Gió Hồi Ức","circlet":"Mũ Đượm Rượu","flower":"Hoa Cài Vàng","sands":"La Bàn Đồng"},"bonuses":["Nhận 15% buff sát thương nguyên tố Thủy.","Trong 15s sau khi sử dụng kỹ năng Nguyên Tố, tấn công thường và trọng kích tăng 30% sát thương."],"rarity":[4,5],"domain":"peak_of_vindagnyr"},"tenacity_of_the_millelith":{"id":"tenacity_of_the_millelith","name":"Thiên Nham Vững Chắc","setPiece":[2,4],"sets":{"goblet":"Minh Thệ Kim Tước","plume":"Chiêu Võ Linh Vũ","circlet":"Nón Nguyên Soái","flower":"Hoa Chiến Công","sands":"Đồng Hồ Vàng Đồng"},"bonuses":["HP tăng 20%","Sau khi Kỹ Năng Nguyên Tố đánh trúng địch, sẽ tăng 20% tấn công cho tất cả nhân vật trong đội ở gần, tăng 30% hiệu quả Khiên, kéo dài 3s. Hiệu quả này mỗi 0.5s tối đa kích hoạt 1 lần. Khi nhân vật trang bị bộ Thánh Di Vật này ở trong đội nhưng không ra trận, vẫn có thể kích hoạt hiệu quả này."],"rarity":[4,5],"domain":"ridge_watch"},"pale_flame":{"id":"pale_flame","name":"Lửa Trắng Xám","setPiece":[2,4],"sets":{"goblet":"Ly Siêu Việt","plume":"Lông Vũ Hiền Y","circlet":"Mặt Nạ Chế Nhạo","flower":"Hoa Hoàn Mỹ","sands":"Đồng Hồ Ngưng Đọng"},"bonuses":["Sát thương vật lý tạo thành tăng 25%.","Sau khi kỹ năng nguyên tố đánh trúng kẻ địch, tấn công tăng 9%, kéo dài 7s, tối đa cộng dồn 2 tầng. Mỗi 0.3s tối đa kích hoạt 1 lần, sau khi tích đầy 2 tầng, hiệu quả bộ 2 món tăng 100%."],"rarity":[4,5],"domain":"ridge_watch"},"shimenawas_reminiscence":{"id":"shimenawas_reminiscence","name":"Dòng Hồi Ức Bất Tận","setPiece":[2,4],"sets":{"goblet":"Trái Tim Cầu Nguyện","plume":"Mũi Tên Tưởng Nhớ","circlet":"Mặt Nạ Vô Thường","flower":"Hoa Vương Vấn","sands":"Khoảnh Khắc Sương Sớm"},"bonuses":["Tấn công tăng 18%","Khi thi triển Kỹ Năng Nguyên Tố, nhân vật có Năng Lượng Nguyên Tố cao hơn hoặc bằng 15 điểm thì sẽ mất đi 15 điểm để tăng 50% sát thương tấn công thường, trọng kích và tấn công khi đáp trong 10 giây tiếp theo, trong thời gian duy trì, hiệu quả này sẽ không kích hoạt lần nữa."],"rarity":[4,5],"domain":"momiji-dyed_court"},"emblem_of_severed_fate":{"id":"emblem_of_severed_fate","name":"Dấu Ấn Ngăn Cách","setPiece":[2,4],"sets":{"goblet":"Bình Hoa Đào","plume":"Lông Vũ Rơi Rụng","circlet":"Nón Hoa Mỹ","flower":"Kiếm Cách Uy Vũ","sands":"Hộp Lôi Vân"},"bonuses":["Hiệu Quả Nạp Nguyên Tố tăng 20%","Tăng sát thương Kỹ Năng Nộ dựa trên 25% Hiệu Quả Nạp Nguyên Tố. Chỉ có thể tăng tối đa 75% thông qua cách này."],"rarity":[4,5],"domain":"momiji-dyed_court"},"husk_of_opulent_dreams":{"id":"husk_of_opulent_dreams","name":"Giấc Mộng Phù Hoa","setPiece":[2,4],"sets":{"goblet":"Hồ Lô Tỉnh Mộng","plume":"Lông Vũ Phù Hoa","circlet":"Nón Hình Hài","flower":"Thời Khắc Nở Rộ","sands":"Khúc Ca Chúng Sinh"},"bonuses":["Phòng ngự tăng 30%.","Nhân vật trang bị bộ Thánh Di Vật này sẽ nhận hiệu quả \"Vấn Đáp\" trong các trường hợp sau đây: Sau khi nhân vật trong trận sử dụng tấn công Nguyên Tố Nham đánh trúng kẻ địch sẽ nhận 1 tầng, mỗi 0.3s tối đa kích hoạt 1 lần; trong đội chờ, mỗi 3s nhận 1 tầng. Vấn Đáp cộng dồn tối đa 4 tầng, mỗi tầng sẽ tăng 6% phòng ngự và 6% buff sát thương Nguyên Tố Nham. Mỗi 6s, nếu chưa nhận hiệu quả Vấn Đáp sẽ mất đi 1 tầng."],"rarity":[4,5],"domain":"slumbering_court"},"ocean-hued_clam":{"id":"ocean-hued_clam","name":"Xà Cừ Đại Dương","setPiece":[2,4],"sets":{"goblet":"Lồng Trân Châu","plume":"Lông Vũ Thủy Cung","circlet":"Vương Miện Watatsumi","flower":"Hoa Đại Dương","sands":"Vỏ Sò Ly Biệt"},"bonuses":["Tăng Trị Liệu lên 15%.","Khi nhân vật trang bị bộ Thánh Di Vật này thực hiện trị liệu cho nhân vật trong đội, sẽ tạo ra Bọt Biển kéo dài 3s, ghi lại lượng HP hồi phục của việc trị liệu (Bao gồm cả lượng vượt mức). Khi kết thúc thời gian duy trì, Bọt Biển sẽ nổ tung, gây cho kẻ địch xung quanh sát thương bằng 90% lượng hồi phục tích lũy (Cách tính sát thương này giống với các phản ứng nguyên tố như Điện Cảm, Siêu Dẫn...nhưng không bị ảnh hưởng bởi Tinh Thông Nguyên Tố, cấp hoặc buff sát thương phản ứng). Mỗi 3.5s tối đa tạo 1 Bọt Biển; Bọt Biển tối đa ghi lại 30,000 điểm hồi phục, bao gồm cả lượng trị liệu vượt mức; đội của bản thân cùng lúc chỉ được tồn tại tối đa 1 Bọt Biển. Khi nhân vật trang bị bộ Thánh Di Vật này ở trong đội chờ, vẫn có thể kích hoạt hiệu quả này."],"rarity":[4,5],"domain":"slumbering_court"},"vermillion_hereafter":{"id":"vermillion_hereafter","name":"Thần Sa Vãng Sinh Lục","setPiece":[2,4],"sets":{"goblet":"Thời Khắc Giao Ước","plume":"Lông Vũ Lấp Lánh","circlet":"Diện Mạo Sấm Sét","flower":"Tinh Hoa Sinh Linh","sands":"Di Vật Mặt Trời"},"bonuses":["Tấn công tăng 18%","Sau khi thi triển kỹ năng nộ, sẽ sinh ra hiệu quả \"Ánh Sáng Ngầm\" duy trì 16s: Tăng 8% tấn công; đồng thời khi nhân vật bị giảm HP, sẽ tiếp tục tăng 10% tấn công, tối đa tăng 4 lần bằng cách này, mỗi 0.8s tối đa kích hoạt 1 lần. Hiệu quả \"Ánh Sáng Ngầm\" sẽ biến mất khi nhân vật rời trận; thi triển kỹ năng nộ lần nữa khi đang trong thời gian duy trì, sẽ xóa \"Ánh Sáng Ngầm\" đã có."],"rarity":[4,5],"domain":"the_lost_valley"},"echoes_of_an_offering":{"id":"echoes_of_an_offering","name":"Dư Âm Tế Lễ","setPiece":[2,4],"sets":{"goblet":"Chén Nước Thánh","plume":"Lá Bích Ngọc","circlet":"Khuyên Tai Trôi Nổi","flower":"Hoa Hương Hồn","sands":"Chứng Nhận Tán Dương"},"bonuses":["Tấn công tăng 18%","Khi tấn công thường đánh trúng kẻ địch, sẽ có 36% tỷ lệ kích hoạt \"Nghi Lễ Vực Thẳm\": Tăng sát thương do tấn công thường gây ra, lượng tăng thêm bằng 70% tấn công; 0.05s sau khi tấn công thường gây ra sát thương, hiệu quả này sẽ biến mất. Khi tấn công thường chưa kích hoạt \"Nghi Lễ Vực Thẳm\", sẽ tăng 20% tỷ lệ kích hoạt lần sau, trong 0.2s tối đa kích hoạt 1 lần."],"rarity":[4,5],"domain":"the_lost_valley"},"deepwood_memories":{"id":"deepwood_memories","name":"Ký Ức Rừng Sâu","setPiece":[2,4],"sets":{"goblet":"Đèn Của Kẻ Lạc Lối","plume":"Trí Giả Của Rừng Xanh","circlet":"Vương Miện Của Nguyệt Quế","flower":"Lữ Khách Của Mê Cung","sands":"Thời Hạn Của Hiền Trí"},"bonuses":["Nhận 15% buff sát thương nguyên tố Thảo.","Kỹ Năng Nguyên Tố hoặc Kỹ Năng Nộ sau khi đánh trúng kẻ địch, Kháng Nguyên Tố Thảo của mục tiêu sẽ giảm 30%, duy trì 8s. Nhân vật trang bị khi không ra trận cũng sẽ kích hoạt hiệu ứng."],"rarity":[4,5],"domain":"spire_of_solitary_enlightenment"},"gilded_dreams":{"id":"gilded_dreams","name":"Giấc Mộng Hoàng Kim","setPiece":[2,4],"sets":{"goblet":"Bữa Cuối Ngọt Ngào","plume":"Lông Vũ Phán Quyết","circlet":"Hình Chiếu Vua Cát","flower":"Hoa Thép Trong Mộng","sands":"Năm Tháng Vàng Son"},"bonuses":["Tăng 80 điểm tinh thông nguyên tố.","Trong 8s sau khi kích hoạt phản ứng nguyên tố, sẽ căn cứ theo loại nguyên tố của các nhân vật khác trong đội để kích hoạt hiệu ứng cho người mang trang bị: Mỗi một nhân vật trong đội có cùng loại nguyên tố với người mang trang bị, sẽ tăng 14% tấn công; mỗi một nhân vật trong đội khác loại nguyên tố với người mang trang bị, sẽ tăng 50 điểm tinh thông nguyên tố. Mỗi loại hiệu ứng bên trên tối đa tính 3 nhân vật. Hiệu quả này mỗi 8s tối đa kích hoạt 1 lần. Khi người trang bị không ra trận, thì vẫn sẽ kích hoạt hiệu ứng này."],"rarity":[4,5],"domain":"spire_of_solitary_enlightenment"},"desert_pavilion_chronicle":{"id":"desert_pavilion_chronicle","name":"Sử Ký Đình Đài Cát","setPiece":[2,4],"sets":{"goblet":"Bảo Hộ Say Giấc Mộng Dài","plume":"Ngày Tàn Của Vương Đô Vàng","circlet":"Di Sản Của Quý Tộc Cát","flower":"Khởi Đầu Của Vương Đô Vua","sands":"Đồng Hồ Con Đường Lạc Lối"},"bonuses":["Nhận 15% buff sát thương nguyên tố Phong.","Khi trọng kích trúng kẻ địch, tốc độ tấn công thường của nhân vật này tăng 10%; sát thương gây ra từ tấn công thường, trọng kích, tấn công khi đáp tăng 40%, duy trì 15s."],"rarity":[4,5],"domain":"city_of_gold"},"flower_of_paradise_lost":{"id":"flower_of_paradise_lost","name":"Đóa Hoa Trang Viên Thất Lạc","setPiece":[2,4],"sets":{"goblet":"Bình Ma Trấn Giữ Bí Mật","plume":"Tiệc Rượu Suy Tàn","circlet":"Vương Miện Tử Tinh","flower":"Muôn Sắc Của Ay-Khanoum","sands":"Thời Khắc Ngưng Kết"},"bonuses":["Tăng 80 điểm Tinh Thông Nguyên Tố.","Sát thương gây ra từ phản ứng Sum Suê, Nở Rộ, Bung Tỏa của người trang bị tăng 40%. Ngoài ra, người trang bị sau khi kích hoạt phản ứng Sum Suê, Nở Rộ, Bung Tỏa sẽ tăng 25% hiệu ứng nêu trên, duy trì 10s, tối đa cộng dồn 4 lần, mỗi 1s tối đa kích hoạt một lần. Người trang bị khi không ra trận vẫn có thể kích hoạt hiệu quả này."],"rarity":[4,5],"domain":"city_of_gold"}}