{"adventurer":{"id":"adventurer","name":"冒险家","setPiece":[2,4],"sets":{"goblet":"冒险家金杯","plume":"冒险家尾羽","circlet":"冒险家头带","flower":"冒险家之花","sands":"冒险家怀表"},"bonuses":["生命值上限提高1000点。","开启各类宝箱后的5秒内，持续恢复30%生命值。"],"rarity":[1,2,3],"domain":"midsummer_courtyard"},"lucky_dog":{"id":"lucky_dog","name":"幸运儿","setPiece":[2,4],"sets":{"goblet":"幸运儿之杯","plume":"幸运儿鹰羽","circlet":"幸运儿银冠","flower":"幸运儿绿花","sands":"幸运儿沙漏"},"bonuses":["防御力提高100点。","拾取摩拉时，恢复300点生命值。"],"rarity":[1,2,3],"domain":"domain_of_guyun"},"traveling_doctor":{"id":"traveling_doctor","name":"游医","setPiece":[2,4],"sets":{"goblet":"游医的药壶","plume":"游医的枭羽","circlet":"游医的方巾","flower":"游医的银莲","sands":"游医的怀钟"},"bonuses":["角色受到的治疗效果提高20%。","施放元素爆发时，恢复20%生命值。"],"rarity":[1,2,3],"domain":"valley_of_remembrance"},"resolution_of_sojourner":{"id":"resolution_of_sojourner","name":"行者之心","setPiece":[2,4],"sets":{"goblet":"异国之盏","plume":"归乡之羽","circlet":"感别之冠","flower":"故人之心","sands":"逐光之石"},"bonuses":["攻击力提高18%。","重击的暴击率提升30%。"],"rarity":[3,4],"domain":"midsummer_courtyard"},"tiny_miracle":{"id":"tiny_miracle","name":"奇迹","setPiece":[2,4],"sets":{"goblet":"奇迹之杯","plume":"奇迹之羽","circlet":"奇迹耳坠","flower":"奇迹之花","sands":"奇迹之沙"},"bonuses":["所有元素抗性提高20%。","受到某个元素类型的伤害后，相应的抗性提升30%，持续10秒。该效果每10秒只能触发一次。"],"rarity":[3,4],"domain":"valley_of_remembrance"},"berserker":{"id":"berserker","name":"战狂","setPiece":[2,4],"sets":{"goblet":"战狂的骨杯","plume":"战狂的翎羽","circlet":"战狂的鬼面","flower":"战狂的蔷薇","sands":"战狂的时计"},"bonuses":["暴击率提高12%。","生命值低于70%时，暴击率额外提升24%。"],"rarity":[3,4]},"instructor":{"id":"instructor","name":"教官","setPiece":[2,4],"sets":{"goblet":"教官的茶杯","plume":"教官的羽饰","circlet":"教官的帽子","flower":"教官的胸花","sands":"教官的怀表"},"bonuses":["元素精通提高80点。","触发元素反应后，队伍中所有角色的元素精通提高120点，持续8秒。"],"rarity":[3,4]},"the_exile":{"id":"the_exile","name":"流放者","setPiece":[2,4],"sets":{"goblet":"流放者之杯","plume":"流放者之羽","circlet":"流放者头冠","flower":"流放者之花","sands":"流放者怀表"},"bonuses":["元素充能效率提高20%。","施放元素爆发后，每2秒为队伍中所有角色（不包括自己）恢复2点元素能量。该效果持续6秒，无法叠加。"],"rarity":[3,4]},"defenders_will":{"id":"defenders_will","name":"守护之心","setPiece":[2,4],"sets":{"goblet":"守护之皿","plume":"守护徽印","circlet":"守护束带","flower":"守护之花","sands":"守护座钟"},"bonuses":["防御力提高30%。","队伍里每有不同一种元素类型的自己的角色，自身获得30%相应的元素抗性。"],"rarity":[3,4],"domain":"hidden_palace_of_zhou_formula"},"brave_heart":{"id":"brave_heart","name":"勇士之心","setPiece":[2,4],"sets":{"goblet":"勇士的壮行","plume":"勇士的期许","circlet":"勇士的冠冕","flower":"勇士的勋章","sands":"勇士的坚毅"},"bonuses":["攻击力提高18%。","对生命值高于50%的敌人，造成的伤害增加30%。"],"rarity":[3,4],"domain":"ridge_watch"},"martial_artist":{"id":"martial_artist","name":"武人","setPiece":[2,4],"sets":{"goblet":"武人的酒杯","plume":"武人的羽饰","circlet":"武人的头巾","flower":"武人的红花","sands":"武人的水漏"},"bonuses":["普通攻击与重击造成的伤害提高15%；","施放元素战技后的8秒内，普通攻击和重击造成的伤害提升25%。"],"rarity":[3,4],"domain":"ridge_watch"},"gambler":{"id":"gambler","name":"赌徒","setPiece":[2,4],"sets":{"goblet":"赌徒的骰盅","plume":"赌徒的羽饰","circlet":"赌徒的耳环","flower":"赌徒的胸花","sands":"赌徒的怀表"},"bonuses":["元素战技造成的伤害提升20%。","击败敌人时，有100%概率清除元素战技的冷却时间。该效果每15秒至多触发一次。"],"rarity":[3,4],"domain":"spire_of_solitary_enlightenment"},"scholar":{"id":"scholar","name":"学士","setPiece":[2,4],"sets":{"goblet":"学士的墨杯","plume":"学士的羽笔","circlet":"学士的镜片","flower":"学士的书签","sands":"学士的时钟"},"bonuses":["元素充能效率提高20%。","获得元素微粒或元素晶球时，队伍中所有弓箭和法器角色额外恢复3点元素能量。该效果每3秒只能触发一次。"],"rarity":[3,4],"domain":"clear_pool_and_mountain_cavern"},"prayers_for_illumination":{"id":"prayers_for_illumination","name":"祭火之人","setPiece":[1],"sets":{"circlet":"祭火礼冠"},"bonuses":["受到的火元素附着效果的持续时间减少40%。"],"rarity":[3,4]},"prayers_for_destiny":{"id":"prayers_for_destiny","name":"祭水之人","setPiece":[1],"sets":{"circlet":"祭水礼冠"},"bonuses":["受到的水元素附着效果的持续时间减少40%。"],"rarity":[3,4]},"prayers_for_wisdom":{"id":"prayers_for_wisdom","name":"祭雷之人","setPiece":[1],"sets":{"circlet":"祭雷礼冠"},"bonuses":["受到的雷元素附着效果的持续时间减少40%。"],"rarity":[3,4]},"prayers_to_springtime":{"id":"prayers_to_springtime","name":"祭冰之人","setPiece":[1],"sets":{"circlet":"祭冰礼冠"},"bonuses":["受到的冰元素附着效果的持续时间减少40%。"],"rarity":[3,4]},"blizzard_strayer":{"id":"blizzard_strayer","name":"冰风迷途的勇士","setPiece":[2,4],"sets":{"goblet":"遍结寒霜的傲骨","plume":"摧冰而行的执望","circlet":"破冰踏雪的回音","flower":"历经风雪的思念","sands":"冰雪故园的终期"},"bonuses":["获得15%冰元素伤害加成。","攻击处于冰元素影响下的敌人时，暴击率提高20%；若敌人处于冻结状态下，则暴击率额外提高20%。"],"rarity":[4,5],"domain":"peak_of_vindagnyr"},"thundersoother":{"id":"thundersoother","name":"平息鸣雷的尊者","setPiece":[2,4],"sets":{"goblet":"平雷之器","plume":"平雷之羽","circlet":"平雷之冠","flower":"平雷之心","sands":"平雷之刻"},"bonuses":["雷元素抗性提高40%。","对处于雷元素影响下的敌人造成的伤害提升35%。"],"rarity":[4,5],"domain":"midsummer_courtyard"},"lavawalker":{"id":"lavawalker","name":"渡过烈火的贤人","setPiece":[2,4],"sets":{"goblet":"渡火者的醒悟","plume":"渡火者的解脱","circlet":"渡火者的智慧","flower":"渡火者的决绝","sands":"渡火者的煎熬"},"bonuses":["火元素抗性提高40%。","对处于火元素影响下的敌人造成的伤害提升35%。"],"rarity":[4,5],"domain":"hidden_palace_of_zhou_formula"},"maiden_beloved":{"id":"maiden_beloved","name":"被怜爱的少女","setPiece":[2,4],"sets":{"goblet":"少女片刻的闲暇","plume":"少女飘摇的思念","circlet":"少女易逝的芳颜","flower":"远方的少女之心","sands":"少女苦短的良辰"},"bonuses":["角色造成的治疗效果提升15%。","施放元素战技或元素爆发后的10秒内，队伍中所有角色受治疗效果加成提高20%。"],"rarity":[4,5],"domain":"valley_of_remembrance"},"gladiators_finale":{"id":"gladiators_finale","name":"角斗士的终幕礼","setPiece":[2,4],"sets":{"goblet":"角斗士的酣醉","plume":"角斗士的归宿","circlet":"角斗士的凯旋","flower":"角斗士的留恋","sands":"角斗士的希冀"},"bonuses":["攻击力提高18%。","装备该圣遗物套装的角色为单手剑、双手剑、长柄武器角色时，角色普通攻击造成的伤害提高35%。"],"rarity":[4,5]},"viridescent_venerer":{"id":"viridescent_venerer","name":"翠绿之影","setPiece":[2,4],"sets":{"goblet":"翠绿猎人的容器","plume":"猎人青翠的箭羽","circlet":"翠绿的猎人之冠","flower":"野花记忆的绿野","sands":"翠绿猎人的笃定"},"bonuses":["获得15%风元素伤害加成。","扩散反应造成的伤害提升60%。根据扩散的元素类型，降低受到影响的敌人40%的对应元素抗性，持续10秒。"],"rarity":[4,5],"domain":"valley_of_remembrance"},"wanderers_troupe":{"id":"wanderers_troupe","name":"流浪大地的乐团","setPiece":[2,4],"sets":{"goblet":"吟游者之壶","plume":"琴师的箭羽","circlet":"指挥的礼帽","flower":"乐团的晨光","sands":"终幕的时计"},"bonuses":["元素精通提高80点。","装备该圣遗物套装的角色为法器、弓箭角色时，角色重击造成的伤害提高35%。"],"rarity":[4,5]},"thundering_fury":{"id":"thundering_fury","name":"如雷的盛怒","setPiece":[2,4],"sets":{"goblet":"降雷的凶兆","plume":"雷灾的孑遗","circlet":"唤雷的头冠","flower":"雷鸟的怜悯","sands":"雷霆的时计"},"bonuses":["获得15%雷元素伤害加成。","超载、感电、超导、超绽放反应造成的伤害提升40%，超激化反应带来的伤害提升提高20%。触发上述元素反应或原激化反应时，元素战技冷却时间减少1秒。该效果每0.8秒最多触发一次。"],"rarity":[4,5],"domain":"midsummer_courtyard"},"crimson_witch_of_flames":{"id":"crimson_witch_of_flames","name":"炽烈的炎之魔女","setPiece":[2,4],"sets":{"goblet":"魔女的心之火","plume":"魔女常燃之羽","circlet":"焦灼的魔女帽","flower":"魔女的炎之花","sands":"魔女破灭之时"},"bonuses":["获得15%火元素伤害加成。","超载、燃烧、烈绽放反应造成的伤害提升40%，蒸发、融化反应的加成系数提高15%。施放元素战技后的10秒内，2件套的效果提高50%，该效果最多叠加3次。"],"rarity":[4,5],"domain":"hidden_palace_of_zhou_formula"},"noblesse_oblige":{"id":"noblesse_oblige","name":"昔日宗室之仪","setPiece":[2,4],"sets":{"goblet":"宗室银瓮","plume":"宗室之翎","circlet":"宗室面具","flower":"宗室之花","sands":"宗室时计"},"bonuses":["元素爆发造成的伤害提升20%。","施放元素爆发后，队伍中所有角色攻击力提升20%，持续12秒。该效果不可叠加。"],"rarity":[4,5],"domain":"clear_pool_and_mountain_cavern"},"bloodstained_chivalry":{"id":"bloodstained_chivalry","name":"染血的骑士道","setPiece":[2,4],"sets":{"goblet":"染血骑士之杯","plume":"染血的黑之羽","circlet":"染血的铁假面","flower":"染血的铁之心","sands":"骑士染血之时"},"bonuses":["造成的物理伤害提高25%。","击败敌人后的10秒内，施放重击时不消耗体力，且重击造成的伤害提升50%。"],"rarity":[4,5],"domain":"clear_pool_and_mountain_cavern"},"archaic_petra":{"id":"archaic_petra","name":"悠古的磐岩","setPiece":[2,4],"sets":{"goblet":"巉岩琢塑之樽","plume":"嵯峨群峰之翼","circlet":"不动玄石之相","flower":"磐陀裂生之花","sands":"星罗圭璧之晷"},"bonuses":["获得15%岩元素伤害加成。","获得结晶反应形成的晶片时，队伍中所有角色获得35%对应元素伤害加成，持续10秒。同时只能通过该效果获得一种元素伤害加成。"],"rarity":[4,5],"domain":"domain_of_guyun"},"retracing_bolide":{"id":"retracing_bolide","name":"逆飞的流星","setPiece":[2,4],"sets":{"goblet":"夏祭水玉","plume":"夏祭终末","circlet":"夏祭之面","flower":"夏祭之花","sands":"夏祭之刻"},"bonuses":["护盾强效提高35%。","处于护盾庇护下时，额外获得40%普通攻击和重击伤害加成。"],"rarity":[4,5],"domain":"domain_of_guyun"},"heart_of_depth":{"id":"heart_of_depth","name":"沉沦之心","setPiece":[2,4],"sets":{"goblet":"沉波之盏","plume":"追忆之风","circlet":"酒渍船帽","flower":"饰金胸花","sands":"坚铜罗盘"},"bonuses":["获得15%水元素伤害加成。","施放元素战技后的15秒内，普通攻击与重击造成的伤害提高30%。"],"rarity":[4,5],"domain":"peak_of_vindagnyr"},"tenacity_of_the_millelith":{"id":"tenacity_of_the_millelith","name":"千岩牢固","setPiece":[2,4],"sets":{"goblet":"盟誓金爵","plume":"昭武翎羽","circlet":"将帅兜鍪","flower":"勋绩之花","sands":"金铜时晷"},"bonuses":["生命值提升20%","元素战技命中敌人后，使队伍中附近的所有角色攻击力提升20%，护盾强效提升30%，持续3秒。该效果每0.5秒至多触发一次。装备此圣遗物套装的角色处于队伍后台时，依然能触发该效果。"],"rarity":[4,5],"domain":"ridge_watch"},"pale_flame":{"id":"pale_flame","name":"苍白之火","setPiece":[2,4],"sets":{"goblet":"超越之盏","plume":"贤医之羽","circlet":"嗤笑之面","flower":"无垢之花","sands":"停摆之刻"},"bonuses":["造成的物理伤害提高25%。","元素战技命中敌人后，攻击力提升9%。该效果持续7秒，至多叠加2层，每0.3秒至多触发一次。叠满2层时，2件套的效果提升100%。"],"rarity":[4,5],"domain":"ridge_watch"},"shimenawas_reminiscence":{"id":"shimenawas_reminiscence","name":"追忆之注连","setPiece":[2,4],"sets":{"goblet":"祈望之心","plume":"思忆之矢","circlet":"无常之面","flower":"羁缠之花","sands":"朝露之时"},"bonuses":["攻击力提高18%。","施放元素战技时，如果角色的元素能量高于或等于15点，则会流失15点元素能量，使接下来的10秒内，普通攻击、重击、下落攻击造成的伤害提高50%，持续期间内该效果不会再次触发。"],"rarity":[4,5],"domain":"momiji-dyed_court"},"emblem_of_severed_fate":{"id":"emblem_of_severed_fate","name":"绝缘之旗印","setPiece":[2,4],"sets":{"goblet":"绯花之壶","plume":"切落之羽","circlet":"华饰之兜","flower":"明威之镡","sands":"雷云之笼"},"bonuses":["元素充能效率提高20%。","基于元素充能效率的25%，提高元素爆发造成的伤害。至多通过这种方式获得75%提升。"],"rarity":[4,5],"domain":"momiji-dyed_court"},"husk_of_opulent_dreams":{"id":"husk_of_opulent_dreams","name":"华馆梦醒形骸记","setPiece":[2,4],"sets":{"goblet":"梦醒之瓢","plume":"华馆之羽","circlet":"形骸之笠","flower":"荣花之期","sands":"众生之谣"},"bonuses":["防御力提高30%。","装备此圣遗物套装的角色在以下情况下，将获得「问答」效果：在场上用岩元素攻击命中敌人后获得一层，每0.3秒至多触发一次；在队伍后台中，每3秒获得一层。问答至多叠加4层，每层能提供6%防御力与6%岩元素伤害加成。每6秒，若未获得问答效果，将损失一层。"],"rarity":[4,5],"domain":"slumbering_court"},"ocean-hued_clam":{"id":"ocean-hued_clam","name":"海染砗磲","setPiece":[2,4],"sets":{"goblet":"真珠之笼","plume":"渊宫之羽","circlet":"海祇之冠","flower":"海染之花","sands":"离别之贝"},"bonuses":["治疗加成提高15%。","装备此圣遗物套装的角色对队伍中的角色进行治疗时，将产生持续3秒的海染泡沫，记录治疗的生命值回复量（包括溢出值）。持续时间结束时，海染泡沫将会爆炸，对周围的敌人造成90%累计回复量的伤害（该伤害结算方式同感电、超导等元素反应，但不受元素精通、等级或反应伤害加成效果影响）。每3.5秒至多产生一个海染泡沫；海染泡沫至多记录30000点回复量，含溢出部分的治疗量；自己的队伍中同时至多存在一个海染泡沫。装备此圣遗物套装的角色处于队伍后台时，依然能触发该效果。"],"rarity":[4,5],"domain":"slumbering_court"},"vermillion_hereafter":{"id":"vermillion_hereafter","name":"辰砂往生录","setPiece":[2,4],"sets":{"goblet":"结契之刻","plume":"潜光片羽","circlet":"虺雷之姿","flower":"生灵之华","sands":"阳辔之遗"},"bonuses":["攻击力提高18%。","施放元素爆发后，将产生持续16秒的「潜光」效果：攻击力提升8%；并在角色的生命值降低时，攻击力进一步提升10%，至多通过这种方式提升4次，每0.8秒至多触发一次。「潜光」效果将在角色退场时消失；持续期间再次施放元素爆发，将移除原有的「潜光」。"],"rarity":[4,5],"domain":"the_lost_valley"},"echoes_of_an_offering":{"id":"echoes_of_an_offering","name":"来歆余响","setPiece":[2,4],"sets":{"goblet":"涌泉之盏","plume":"垂玉之叶","circlet":"浮溯之珏","flower":"魂香之花","sands":"祝祀之凭"},"bonuses":["攻击力提高18%。","普通攻击命中敌人时，有36%概率触发「幽谷祝祀」：普通攻击造成的伤害提高，伤害提高值为攻击力的70%，该效果将在普通攻击造成伤害后的0.05秒后清除。普通攻击未触发「幽谷祝祀」时，会使下次触发概率提升20%；0.2秒内至多判定1次触发与否。"],"rarity":[4,5],"domain":"the_lost_valley"},"deepwood_memories":{"id":"deepwood_memories","name":"深林的记忆","setPiece":[2,4],"sets":{"goblet":"迷误者之灯","plume":"翠蔓的智者","circlet":"月桂的宝冠","flower":"迷宫的游人","sands":"贤智的定期"},"bonuses":["获得15%草元素伤害加成。","元素战技或元素爆发命中敌人后，使命中目标的草元素抗性降低30%，持续8秒。装备者处于队伍后台时，依然能触发该效果。"],"rarity":[4,5],"domain":"spire_of_solitary_enlightenment"},"gilded_dreams":{"id":"gilded_dreams","name":"饰金之梦","setPiece":[2,4],"sets":{"goblet":"如蜜的终宴","plume":"裁断的翎羽","circlet":"沙王的投影","flower":"梦中的铁花","sands":"沉金的岁月"},"bonuses":["元素精通提高80点。","触发元素反应后的8秒内，会根据队伍内其他角色的元素类型，使装备者获得强化：队伍中每存在1个和装备者同类元素的角色，攻击力提升14%；每存在1个和装备者不同元素类型的角色，元素精通提升50点。上述每类效果至多计算3个角色。该效果每8秒至多触发一次。装备者处于队伍后台时，依然能触发该效果。"],"rarity":[4,5],"domain":"spire_of_solitary_enlightenment"},"desert_pavilion_chronicle":{"id":"desert_pavilion_chronicle","name":"沙上楼阁史话","setPiece":[2,4],"sets":{"goblet":"迷醉长梦的守护","plume":"黄金邦国的结末","circlet":"流沙贵嗣的遗宝","flower":"众王之都的开端","sands":"失落迷途的机芯"},"bonuses":["获得15%风元素伤害加成。","重击命中敌人后，该角色的普通攻击速度提升10%，普通攻击、重击与下落攻击造成的伤害提升40%，持续15秒。"],"rarity":[4,5],"domain":"city_of_gold"},"flower_of_paradise_lost":{"id":"flower_of_paradise_lost","name":"乐园遗落之花","setPiece":[2,4],"sets":{"goblet":"守秘的魔瓶","plume":"谢落的筵席","circlet":"紫晶的花冠","flower":"月女的华彩","sands":"凝结的时刻"},"bonuses":["元素精通提高80点。","装备者绽放、超绽放、烈绽放反应造成的伤害提升40%。此外，装备者触发绽放、超绽放、烈绽放后，上述效果带来的加成提升25%，该效果持续10秒，至多叠加4次，每1秒至多触发一次。装备者处于队伍后台时依然能触发该效果。"],"rarity":[4,5],"domain":"city_of_gold"}}