[{"id":"adventurer_camp","name":"Accampamento dell'avventuriere","gift":false,"items":{"the_color_of_the_wind":1,"sturdy_pine_fence":6,"deadwood_road_sign":1,"simple_single-person_tent":1,"lightning_protective_tent":1,"green_fountain":2}},{"id":"frontier_life","name":"Vita di frontiera","gift":false,"items":{"sturdy_pine_fence":3,"green_fountain":2,"the_color_of_the_wind":1,"pocket-sized_pine_cabin":1}},{"id":"rocks_&_plants","name":"Piante e rocce","gift":false,"items":{"hiding_grazestone":1,"green_fountain":2,"the_color_of_the_wind":1}},{"id":"plain_liyue_bedroom","name":"Camera da letto semplice di Liyue","gift":false,"items":{"tavern_rug_home_away_from_home":1,"gold-lined_sandbearer_wardrobe":1,"gold-lined_sandbearer_nightstand":1,"seashell_table_lamp":1,"cloudy_haze_bed":1}},{"id":"corner_of_the_teahouse","name":"Angolo della sala da tè","gift":false,"items":{"pine_folding_screen_billowing_sails":1,"red_pine_wood_round_stool":4,"red_cedar_round_table":1,"tavern_rug_home_away_from_home":1}},{"id":"suburbia_lighting","name":"Illuminazione pubblica","gift":false,"items":{"the_color_of_the_wind":1,"weathered_bamboo_fence":2,"green_fountain":2,"evil-repelling_lantern_all-around_lighting":1}},{"id":"table_&_chairs","name":"Tavolo e sedie","gift":false,"items":{"red_pine_wood_round_stool":3,"sturdy_library_table":1,"seashell_table_lamp":1}},{"id":"busy_kitchen","name":"Cucina movimentata","gift":false,"items":{"portable_stove":1,"pine_dining_chair":1,"fragrant_cedar_vegetable_rack":1,"wide_stone_stove":1}},{"id":"tea_talk","name":"Conversazioni davanti a una tazza di tè","gift":false,"items":{"liuli_pavilion_sandbearer_floor_lamp":1,"tavern_rug_home_away_from_home":1,"pine_folding_screen_billowing_sails":1,"square_pine_tea_table":1,"flower_arrangement_sprawling_daybreak":1,"pine-backed_tea_chair":2}},{"id":"book_lovers_study","name":"Studio dell'erudito","gift":false,"items":{"entrance_rug_a_warm_welcome":1,"pine-backed_tea_chair":1,"shopkeepers_cedar_shelf":1,"red_cedar_curio_stand":1,"red_cedar_scroll_shelf":1,"liuli_pavilion_sandbearer_floor_lamp":1,"intricately_carved_calligraphy_table":1,"calligraphy_set_assiduous_calligraphy":1}},{"id":"fully_furnished_mondstadt_bedroom","name":"Camera da letto arredata di Mondstadt","gift":false,"items":{"entrance_rug_a_warm_welcome":1,"potted_plant_crystalline_breeze":1,"large_birch_wardrobe":1,"sturdy_birch_vanity":1,"exquisite_hourglass_ornament":1,"birch_double_drawer_nightstand":1,"golden_triple-arm_candelabrum":1,"breeze-blessed_bed":1}},{"id":"meeting_room_of_the_strategic_six","name":"Sala riunioni dei Sei Strateghi","gift":false,"items":{"clear_blue_afternoon":6,"potted_plant_crystalline_breeze":1,"entrance_rug_a_warm_welcome":1,"favonius_conference_table":1,"golden_triple-arm_candelabrum":1}},{"id":"wine_o_clock","name":"Tempo di bere","gift":false,"items":{"pine_dining_chair":4,"long_table_with_tablecloth":1,"golden_triple-arm_candelabrum":1}},{"id":"merchants_working_lunch","name":"Spuntino del mercante","gift":false,"items":{"portable_stove":1,"fir_case_shelf_combination":1,"open-top_fir_shelf":1}},{"id":"parlor_cordiality","name":"Ricevimento cordiale","gift":false,"items":{"soft_lounge_sofa":2,"potted_plant_crystalline_breeze":1,"red_pine_wood_round_stool":1,"northern_stone_hearth":1,"mondstadt_rug_crimson_ardor":1}},{"id":"well-equipped_study","name":"Studio ben fornito","gift":false,"items":{"economy_cuihua_bookshelf":1,"entrance_rug_a_warm_welcome":1,"red_pine_wood_round_stool":1,"clear_blue_afternoon":1,"archivists_treasure_trove":1,"favonius_office_table":1,"scholars_weariness":1,"exquisite_hourglass_ornament":1}},{"id":"hermits_hut","name":"Rifugio dell'eremita","gift":false,"items":{"the_color_of_the_wind":1,"evil-repelling_lantern_all-around_lighting":1,"weathered_bamboo_fence":6,"liyue_house_solitary_retreat":1}},{"id":"hamlet_house","name":"Casa di villaggio","gift":false,"items":{"pine_street_light":1,"the_color_of_the_wind":1,"classic_country_home":1,"sturdy_pine_fence":6,"green_fountain":3}},{"id":"harvest_season_stall","name":"Bancarella dei prodotti di stagione","gift":false,"items":{"bustling_sundry_stand":1,"heavy_hay_bale":2,"simple_cargo_cart":2}},{"id":"fruit_&_veg_market","name":"Mercato di frutta e verdura","gift":false,"items":{"bountiful_harvest_fruit_cart":1,"real_deal_fruit_stand":1,"fruit_sellers_caution":1,"fruit_and_veggie_stall_harvest_bounties":1}},{"id":"training_ground","name":"Campo d'addestramento","gift":false,"items":{"hardwood_weapon_rack":1,"fir_weapon_rack":2,"fir_shelves":1}},{"id":"arms_factory","name":"Fabbrica di armi","gift":false,"items":{"open-air_workshop":1,"hardwood_weapon_rack":1,"fir_weapon_rack":2,"fir_shelves":1}},{"id":"cargo_transfer_station","name":"Stazione per il trasferimento merci","gift":false,"items":{"hardened_glazed_vase":2,"messy_pile_of_fir_crates":1,"neat_stack_of_fir_kegs":1,"crude_double-decker_pallet":1}},{"id":"festival_market","name":"Mercato del festival","gift":false,"items":{"hardened_glazed_vase":1,"two-tier_vendors_booth_rising_fortunes":1,"toy_stand_dazzling_delights":1,"umbrella_shop_kaleidoscope_of_parasol_colors":1}},{"id":"thoroughfare_entrance_evil_banisher","name":"Ingresso principale Epuratore del male","gift":false,"items":{"adeptus_gate":1,"stone_lion_statue_the_knowing":1,"stone_lion_statue_the_warding":1}},{"id":"ever-popular_eatery","name":"Ristorante popolare","gift":false,"items":{"clouds_east_of_bishui":1,"wooden_outdoor_tea_table":3,"liyue_shop_citywide_favorite":2}},{"id":"rural_water_source","name":"Sorgente d'acqua rurale","gift":false,"items":{"green_fountain":2,"roofed_well_for_purity":1,"the_color_of_the_wind":1}},{"id":"lone_and_cautious_adventurer","name":"Avventuriere solitario e prudente","gift":false,"items":{"deadwood_road_sign":1,"simple_single-person_tent":1,"the_adventurers_burdens":1}},{"id":"climate_crossover","name":"Mix climatico","gift":false,"items":{"brightcrown_plumebush":3,"yellow_sandbearer_tree":1,"concealing_leaves":1,"hiding_grazestone":1,"recreation_stone":1}},{"id":"dialogue_twixt_ancient_tree_and_rock","name":"Conversazione tra un albero antico e una roccia","gift":false,"items":{"green_fountain":1,"hiding_grazestone":1,"peculiar_knotwood_tree":1}},{"id":"amidst_poetic_pondering","name":"Riflessioni poetiche","characters":["jean","lisa","fischl","mona","eula"],"gift":true,"items":{"archivists_treasure_trove":1,"soft_lounge_sofa":1,"exquisite_cuihua_bookshelf":2,"economy_cuihua_bookshelf":1,"clear_blue_afternoon":1,"favonius_office_table":1,"golden_triple-arm_candelabrum":1,"etiquette_of_correspondence":1,"two-tier_library_bookshelf":1,"red_pine_wood_round_stool":1,"potted_plant_crystalline_breeze":1,"mondstadt_rug_crimson_ardor":1}},{"id":"amidst_whispering_winds","name":"Venti sussurranti","characters":["barbara","eula","noelle"],"gift":true,"items":{"mondstadt_rug_crimson_ardor":1,"potted_plant_crystalline_breeze":2,"large_birch_wardrobe":1,"birch_double_drawer_nightstand":1,"seashell_table_lamp":1,"breeze-blessed_bed":1,"sturdy_birch_vanity":1,"clear_blue_afternoon":1,"favonius_office_table":1,"flower_arrangement_sprawling_daybreak":1,"red_pine_wood_round_stool":1,"sturdy_library_table":1,"exquisite_hourglass_ornament":1,"golden_triple-arm_candelabrum":1}},{"id":"feiyun_study_room","name":"Studio di Feiyun","characters":["xingqiu","zhongli","ningguang","yun_jin"],"gift":true,"items":{"pine-backed_tea_chair":2,"calligraphy_set_assiduous_calligraphy":1,"entrance_rug_a_warm_welcome":1,"intricately_carved_calligraphy_table":1,"red_cedar_scroll_shelf":1,"shopkeepers_cedar_shelf":1,"red_cedar_curio_stand":1,"pine_folding_screen_billowing_sails":1,"liuli_pavilion_sandbearer_floor_lamp":1,"potted_plant_crystalline_breeze":2,"potted_plant_petite_perrenial":1,"red_pine_wood_round_stool":1}},{"id":"cloudy_haze_dream-court","name":"Padiglione dei sogni nebulosi","characters":["hu_tao","yanfei","ganyu","keqing","chongyun"],"gift":true,"items":{"entrance_rug_a_warm_welcome":1,"red_cedar_curio_stand":1,"gold-lined_sandbearer_wardrobe":1,"square_pine_tea_table":1,"glazed_porcelain_tea_set_embracing_truth":1,"pine-backed_tea_chair":2,"gold-lined_sandbearer_nightstand":1,"seashell_table_lamp":1,"cloudy_haze_bed":1,"potted_plant_crystalline_breeze":1,"liuli_pavilion_sandbearer_floor_lamp":1,"pine_folding_screen_billowing_sails":1}},{"id":"secret_research_lab","name":"Laboratorio di ricerca segreto","characters":["klee","sucrose","albedo","lisa"],"gift":true,"items":{"large_birch_wardrobe":1,"archivists_treasure_trove":1,"alchemic_device_between_fire_and_water":1,"favonius_office_table":1,"alchemic_component_burden_of_dust":1,"exquisite_hourglass_ornament":1,"sturdy_library_table":1,"scholars_weariness":1,"unwavering_determination":1,"potted_plant_crystalline_breeze":1,"clear_blue_afternoon":2,"neat_stack_of_books":1,"mondstadt_rug_crimson_ardor":1}},{"id":"cottage_kitchen","name":"Cucina fumo e legna","characters":["tartaglia","mona","xiao","xiangling","razor"],"gift":true,"items":{"portable_stove":1,"open-top_fir_shelf":1,"fir_case_shelf_combination":1,"sturdy_birch_vanity":2,"pine_dining_chair":3,"long_table_with_tablecloth":1,"trusty_portable_lamp":2}},{"id":"weapon_forging_station","name":"Forgia per armi","characters":["noelle","bennett","diluc","diona"],"gift":true,"items":{"hardwood_weapon_rack":2,"fir_weapon_rack":3,"fir_shelves":1,"heavy_fir_forging_table":1,"open-air_workshop":1,"long_pine_table":1,"mature_cuihua_tree":1,"old_well":1,"overgrown_wildvest":1,"dainty_fists":1}},{"id":"idyllic_town","name":"Cittadina idilliaca","characters":["diona","amber","razor"],"gift":true,"items":{"pocket-sized_pine_cabin":1,"classic_country_home":1,"country_home_with_tall_attic":1,"smooth_wooden_bench":2,"long_pine_table":1,"heavy_hay_bale":1,"messy_pile_of_fir_crates":1,"simple_cargo_cart":1,"neat_stack_of_fir_kegs":1,"pine_street_light":2,"the_color_of_the_wind":1,"roofed_well_for_purity":1,"dainty_fists":1}},{"id":"bird_and_blossom_park","name":"Parco di fiori e uccelli","characters":["venti","rosaria","barbara","jean","kaeya"],"gift":true,"items":{"the_color_of_the_wind":1,"overgrown_wildvest":2,"smooth_stone_bench":2,"smooth_wooden_bench":3,"bird_and_blossom_design_fountain":1,"mature_cuihua_tree":1,"wrought_iron_carved_street_light":1,"blooming_hedge":4,"stone_cup-shaped_pool":1}},{"id":"gathering_of_gourmets","name":"Via delle prelibatezze","characters":["beidou","xiangling","ganyu","xinyan","tartaglia","yelan"],"gift":true,"items":{"bamboo_outdoor_tea_table":1,"wine_shop_display_counter_to_your_hearts_content":1,"wooden_outdoor_tea_table":3,"fragrant_cedar_vegetable_rack":1,"four-quadrant_cooking_cauldron":1,"fruit_sellers_caution":1,"two-tier_vendors_booth_rising_fortunes":1,"fruit_and_veggie_stall_harvest_bounties":1,"storage_sack_buzz-off_bag":2,"wine_jar_with_bamboo_casing_spirits_awaiting_moonrise":2,"evil-repelling_lantern_all-around_lighting":1,"traveling_merchant_north_of_the_stone_gate":1,"old_well":1,"mature_cuihua_tree":1,"hunters_vantage":1}},{"id":"glittering_street","name":"Strada luminosa","characters":["ningguang","keqing","yanfei","xingqiu","zhongli","shenhe","yun_jin"],"gift":true,"items":{"roll-roofed_fruit_and_vegetable_cart":1,"clouds_east_of_bishui":1,"traveling_merchant_north_of_the_stone_gate":1,"evil-repelling_lantern_all-around_lighting":1,"storage_sack_buzz-off_bag":1,"two-tier_vendors_booth_rising_fortunes":1,"umbrella_shop_kaleidoscope_of_parasol_colors":1,"toy_stand_dazzling_delights":1,"crude_double-decker_pallet":1,"wine_shop_display_counter_to_your_hearts_content":1,"wine_jar_with_bamboo_casing_spirits_awaiting_moonrise":1,"pine_dining_chair":1,"bamboo_outdoor_tea_table":1,"fruit_sellers_caution":1}},{"id":"qingce_cloud_residence","name":"Residenza delle nuvole di Qingce","characters":["xinyan","xiao","hu_tao","qiqi","shenhe","yelan"],"gift":true,"items":{"the_color_of_the_wind":1,"profuse_awlking":1,"sturdy_pine_fence":4,"bamboo_outdoor_tea_table":2,"crude_double-decker_pallet":1,"large_stone_mill":1,"liyue_house_time_waits_for_no_one":1,"liyue_shop_citywide_favorite":1,"sturdy_stone_well":1,"adeptus_gate":1,"shadow_lamp_painted_shadow":1,"evil-repelling_lantern_all-around_lighting":1,"straw_shed":1,"wooden_outdoor_tea_table":1,"overgrown_wildvest":1,"dainty_fists":2}},{"id":"of_hunting_and_dancing","name":"Campo da caccia","characters":["amber","sucrose","klee","beidou","aloy"],"gift":true,"items":{"hardwood_weapon_rack":1,"fir_weapon_rack":1,"fir_shelves":1,"hilichurl_totem_fence":2,"wooden_hilichurl_fence":2,"hilichurl_horned_pot":1,"hilichurl_archery_target":1,"hilichurl_straw_hut":1,"two-story_hilichurl_sentry_tower":1,"hilichurl_chieftain_hall":1,"hilichurl_spiral_watchtower":1,"hilichurl_outpost_hut":1,"mature_cuihua_tree":1,"dainty_fists":1,"hiding_grazestone":1,"hazel_wildvest":1,"overgrown_wildvest":1,"the_color_of_the_wind":1}},{"id":"iter_ad_astra_abyssosque","name":"Iter Ad astra abyssosque","characters":["bennett","qiqi","chongyun","fischl","albedo","aloy"],"gift":true,"items":{"deadwood_road_sign":1,"simple_single-person_tent":1,"lightning_protective_tent":1,"the_adventurers_burdens":1,"brightcrown_plumebush":1,"scholars_weariness":1,"tianheng_red_maple_branches_aflame":1,"hazel_wildvest":2,"dainty_fists":2,"the_adventurers_treasures":1}},{"id":"dawn_orchard","name":"Frutteto Prima Luce","characters":["diluc","kaeya","venti","rosaria"],"gift":true,"items":{"soil-carrying_wooden_barrel":1,"tall_wooden_pole":2,"temporary_work_quarters":1,"pine_street_light":1,"neat_stack_of_fir_kegs":1,"simple_cargo_cart":1,"sturdy_wooden_barrel":1,"simple_wooden_fence":2,"half-constructed_fence":2,"lush_grapevine":8}},{"id":"court_of_the_upright","name":"Cortile della giustizia","characters":["kujou_sara","kamisato_ayato"],"gift":true,"items":{"key_fence_self-restraint":4,"sappan_and_vermilion_enjoined":2,"official_residence_corridor_powers_reach":2,"inazuman_official_residence_strict_adherence":1,"fence_corner_long_watch":3,"key_gateway_beneath_the_clouds":1,"headquarters_alarm_sound_of_thunder":1,"the_red_kites_waking_and_sleeping":1,"war_drum_line-breaking_reverb":2}},{"id":"wakeful_spring","name":"Sorgente rivitalizzante","characters":["yoimiya","gorou","yae_miko","shikanoin_heizou"],"gift":true,"items":{"hot_spring_whitestone_secret_fire":1,"hot_spring_folding_screen_moderation":2,"hot_spring_wall_well-grounded":1,"wading_stones":1,"the_precious_pink_of_spring":1,"hot_spring_outer_wall_no_vaulting":6,"flowers_first_blushing_bloom":1,"a_thousand_petals_of_red_glaze":2,"meditation_stone":1,"whitestone_hot_spring_diffusing_warmth":1,"hot_spring_foyer_shelter_from_the_cold":1}},{"id":"rural_concealment","name":"Rifugio rurale","characters":["sayu","gorou"],"gift":true,"items":{"the_wandering_bird_within":1,"otogi_tanin_wood_barrel":1,"kokutan_thick-walled_clay_water_tank":1,"otogi_kintake_fence":10,"high-flying_fish_flag":1,"otogi_kintake_courtyard_gate":1,"inazuman_bamboo-roofed_home_wild_heart":1,"inazuman_bamboo-roofed_home_the_long_peace":1,"the_fruit_farmers_thrift":6}},{"id":"ancient_branch_shrine","name":"Santuario del ramo antico","characters":["raiden_shogun","yae_miko"],"gift":true,"items":{"cleansing_shrine":1,"the_asters_sigh":1,"yumemiru_seiken_offering_box":1,"white_fish_tallow_candle_evenlight":3,"foundations_of_stone_double-time":2,"foundations_of_stone_timely_arrival":2,"foundations_of_stone_path_of_cultivation":1,"fortune_slip_stand_omen-reader":1,"seal_of_the_provisional_head_priestess":1,"sappan_and_vermilion_enjoined":1,"the_red_kites_waking_and_sleeping":2,"yumemiru_saikyo_fortune_slip_hanger":1,"sky_kitsune_statue_hakushins_legacy":2,"yumemiru_kuukai_street_lamp":2}},{"id":"military_exercise_grounds","name":"Campo d'addestramento militare","characters":["kujou_sara"],"gift":true,"items":{"replica_ancient_otogi_keg":1,"village_well_subterranean_secrets":1,"sappan_and_vermilion_enjoined":1,"the_wandering_bird_within":1,"narukamis_banner":2,"encampment_fence_decisive_judgment":2,"camp_gate_fealty":1,"camp_spear-rack_point_break":2,"camp_dwelling_shoring_up":1,"camp_tent_timely_tactics":1,"camp_watchtower_viewport":1,"encampment_fence_jagged_teeth":5,"encampment_fence_honing_goad":5}},{"id":"jade_wilds","name":"Ritrovo naturale","characters":["kaedehara_kazuha","arataki_itto"],"gift":true,"items":{"of_promises_unkept_the_night_flowers_speak":2,"seal_of_the_provisional_head_priestess":1,"the_red_kites_waking_and_sleeping":1,"sappan_and_vermilion_enjoined":1,"ritual_shrine":1,"white_fish_tallow_candle_evenlight":2,"otogi_countryside_street_lamp":2,"wading_stones":1,"meditation_stone":2,"melancholy,_the_dewgrass_shadowing":7}},{"id":"summer_nights_recollection","name":"Ricordi di una notte d'estate","characters":["kamisato_ayaka","arataki_itto","kamisato_ayato"],"gift":true,"items":{"festival_kiban_store":1,"festival_teiban_store":1,"otogi_wood_rice_cake_soup_stand":1,"replica_ancient_otogi_crate":1,"flowers_first_blushing_bloom":1,"otogi_rakushi_square_stool":4,"otogi_rakushi_square_table":2,"village_well_subterranean_secrets":1,"the_precious_pink_of_spring":1,"inazuman_home_easy_adaptation":1,"five-lantern_festival_gate":1,"foundations_of_stone_path_of_cultivation":4}},{"id":"sakura-hued_street","name":"Viale color sakura","characters":["yoimiya","thoma","kuki_shinobu"],"gift":true,"items":{"kouki_aralia_mask_rack":1,"village_well_subterranean_secrets":1,"foundations_of_stone_path_of_cultivation":5,"replica_ancient_otogi_crate":1,"simple_otogi_street_lamp":2,"inazuman_store_numberless_gems":1,"umbrella_shop_drapes_of_differing_dreams":1,"fruit_and_veggie_stall_good_honest_flavor":2,"inazuman_home_the_work_of_generations":1,"sappan_and_vermilion_enjoined":1,"the_red_kites_waking_and_sleeping":1,"otogi_wood_ramen_stand":1,"five-lantern_festival_gate":1}},{"id":"eternal_domain_of_fleeting_dreams","name":"Dominio eterno dei sogni effimeri","characters":["sayu","sangonomiya_kokomi","shikanoin_heizou"],"gift":true,"items":{"yumemiru_sakuras_rest_bed":1,"yumemiru_cold_and_warmth_kotatsu":1,"spiritchaser_screen":1,"cast_in_clay":1,"red-iron_coral":1,"yumemiru_dewcover_wardrobe":1,"teahouse_cushion_night-woven":4,"yumemiru_jukaku_folding_screen":1}},{"id":"a_thousand_swings","name":"Forte devozione","characters":["raiden_shogun","kamisato_ayaka"],"gift":true,"items":{"maple_wood_floor_lamp_clarity":1,"teahouse_cushion_night-woven":2,"teahouse_folding_screen_hidden_heart_of_gold":4,"maple_wood_ritual_drum_festive_music":1,"hatamoto_armor_eijin_genkou":1,"ancestral_sword_rack_four_core_principles":2,"evil-slaying_bows":1}},{"id":"scholarly_trove","name":"Tesoro dell'erudito","characters":["sangonomiya_kokomi","kuki_shinobu"],"gift":true,"items":{"teahouse_long_table_seamless_seating":1,"teahouse_candlestand_scentless_flame":1,"cast_in_clay":1,"calligraphy_set_proper_penmanship":1,"red-iron_coral":1,"teahouse_cushion_night-woven":1,"teahouse_folding_screen_hidden_heart_of_gold":2,"maple_wood_bookcase_trove_of_a_thousand_tomes":1,"maple_wood_bookcase_inkheart":2,"maple_wood_floor_lamp_clarity":1}},{"id":"of_maple_and_tea_scents_entwined","name":"Profumo d'acero e tè","characters":["thoma","kaedehara_kazuha"],"gift":true,"items":{"teahouse_counter_toshimaru":1,"hyoutei_stacked_aralia_wood_boxes":1,"teahouse_vessel_scent-sealer":1,"spiritchaser_screen":1,"teahouse_round_stool_pain_point_reduction":3,"sekijou_aralia_tea_table":1,"the_essential_vase":1,"tea_wisp-clouded_white_couch":1,"aralia_fusen_cupboard":1,"aralia_bangaku_shelf":1}},{"id":"forest_patrol_anecdotes","name":"Aneddoti pattuglia forestale","characters":["tighnari","collei"],"gift":true,"items":{"karmaphala_wood_counter-assault_dining_chair":5,"uplifting_growth":1,"spirit_of_the_banquet":1,"forest_watchers_fastidiousness":1,"forest_rangers_provisions":1}},{"id":"coalesced_brilliance","name":"Brillantezza agglomerata","characters":["dori","nilou"],"gift":true,"items":{"adhigama_wood_versatile_shelves":2,"hued_vase_cerulean":2,"a_choice_of_delicacies":3,"appraisers_treasure":2,"ephemeral_spirit":2,"ceramic_centerpiece":2,"hued_vase_malachite":1,"hued_vase_amber":1,"glorious_emerald_tapestry":1}},{"id":"fervid_aroma","name":"Aroma fervido","gift":false,"items":{"satisfaction_of_sated_thirst":2,"a_choice_of_delicacies":1,"the_crisp_sweetness":1,"fragrance_of_low-heat_roast":1,"aroma_of_high-heat_barbecue":1,"witness_of_tavern_affairs":1,"karmaphala_wood_subdued_speech_bench":2,"musing_tawny_tapestry":1,"spirit_of_the_banquet":1,"the_mellow_pot":1}},{"id":"of_settled_thoughts","name":"Pensieri radicati","characters":["cyno","faruzan"],"gift":true,"items":{"treasure_from_the_land_of_wisdom":1,"scrolls_from_the_land_of_wisdom":3,"karmaphala_wood_counter-assault_dining_chair":6,"spirit_of_the_banquet":1,"joyful_illumination":2}},{"id":"a_farewell_brief_to_bustle_and_bother","name":"Lettera d'addio a caos e trambusto","characters":["nahida","layla"],"gift":true,"items":{"desert_desk_hospitality":1,"a_lush_glimpse":1,"joyful_illumination":2,"adhigama_wood_comfort_bed":2,"brightwood_invigorating_nightstand":3,"the_olive_grove":1,"spirit_of_the_banquet":1,"the_mellow_pot":1,"karmaphala_wood_subdued_speech_bench":2}},{"id":"dwelling_amidst_the_sands","name":"Abitando tra le sabbie","characters":["candace"],"gift":true,"items":{"desert_desk_hospitality":1,"the_twisting_mist":1,"desert_cabinet_odds_and_ends":2,"dazzling_golden_tapestry":1,"desert_study_conscientiousness":1,"hued_vase_malachite":1,"hued_vase_amber":1}},{"id":"amidst_prospering_markets","name":"Nel mezzo di mercati prosperi","characters":["dori","faruzan"],"gift":true,"items":{"brightwood_grocery_stall":1,"building_block_of_the_city_of_wisdom":1,"the_eremites_odyssey":1,"sweetness_in_exchange":1,"sweetness_in_the_shade":1,"slanted_meandering_wood":1,"perennial_illumination":2,"delicacies_of_the_city_of_wisdom":1,"woven_fruition":1,"woven_depth":1,"brightwood_kebab_cart":1}},{"id":"deep_in_the_quiet_forest","name":"Nelle profondità della tranquilla foresta","characters":["collei","cyno"],"gift":true,"items":{"dripping_verdant_light":3,"verdant_meandering_wood":1,"deepwood_dwellers_estimation":1,"deepwood_dwellers_deliberation":1,"no_fishing_ahead":29,"sweetness_in_storage":1,"fishermans_maintenance":1,"flaming_catalyst":6}},{"id":"of_twirling_dances_unfettered","name":"Danze vorticose sregolate","characters":["nilou"],"gift":true,"items":{"blooming_illumination":2,"immersive_light":6,"replica_of_the_theaters_glory":1,"a_theaters_dream_of_flowers":20,"clarity_from_the_land_of_wisdom":1}},{"id":"quiet_times_by_the_riverbank","name":"Serenità sulla riva del fiume","characters":["wanderer"],"gift":true,"items":{"flaming_catalyst":4,"fishermans_dealings":1,"fishermans_clemency":1,"fabric_of_the_city_of_wisdom":1,"fishermans_catch":1,"fishermans_delicacy":2,"deepwood_dwellers_lonesome":1,"no_fishing_ahead":20,"fishermans_efforts":2,"dripping_verdant_light":2}},{"id":"setekh_demurs","name":"Obiezioni del Setekh","characters":["candace","layla"],"gift":true,"items":{"the_eremites_odyssey":1,"woven_depth":1,"woven_fruition":1,"desert_house_hue_and_cry":1,"desert_house_brief_sleep":1,"desert_house_spices_abound":3,"desert_house_ordinary_lives":1,"sweetness_in_exchange":1,"the_concealed_salt":1,"like_the_shimmering_distant_stars":5,"desert_hut_minutiae":1,"desert_hut_questions":1}},{"id":"the_traveling_troops_pomp","name":"Pomposità della truppa itinerante","gift":false,"items":{"like_the_shimmering_distant_stars":5,"the_essentials":3,"verdant_meandering_wood":1,"the_eremites_odyssey":1,"the_eremites_flame_of_vigor":2,"embodiment_of_warfare":1,"the_eremites_fame":1,"steel_stopper":7}},{"id":"amidst_scents_and_serenity","name":"Tra aromi e serenità","characters":["nahida"],"gift":true,"items":{"immersive_light":2,"a_theaters_dream_of_flowers":22,"clarity_from_the_land_of_wisdom":1,"light_in_the_tranquil_court":1,"longing_in_the_tranquil_court":5,"verdant_meandering_wood":1,"slanted_meandering_wood":1,"prolongation_medium":6}},{"id":"chorus_of_desert_and_wood","name":"Ritornello di legno e deserto","characters":["tighnari","wanderer"],"gift":true,"items":{"prolongation_medium":3,"theaters_cool_mist":1,"pristine_vessel":3,"like_the_shimmering_distant_stars":4}}]