{"medaka":{"name":"Medaka","bait":"fruit_paste_bait"},"aizen_medaka":{"name":"Aizen-Medaka","bait":"fruit_paste_bait"},"venomspine_fish":{"name":"Giftstichling","bait":"redrot_bait","time":"night"},"akai_maou":{"name":"Akai Maou","bait":"redrot_bait"},"tea-colored_shirakodai":{"name":"Teefarbiger Schmetterlingsfisch","bait":"false_worm_bait","time":"day"},"pufferfish":{"name":"Kugelfisch","bait":"fake_fly_bait"},"bitter_pufferfish":{"name":"Bitterer Kugelfisch","bait":"fake_fly_bait"},"crystalfish":{"name":"Kristallfisch","bait":"fruit_paste_bait"},"rusty_koi":{"name":"Rost-Koi","bait":"fake_fly_bait"},"dawncatcher":{"name":"Dämmerfänger","bait":"fruit_paste_bait","time":"night"},"golden_koi":{"name":"Goldener Koi","bait":"fake_fly_bait"},"snowstrider":{"name":"Schneekönig","bait":"redrot_bait","time":"night"},"sweet-flower_medaka":{"name":"Zuckerblumen-Medaka","bait":"fruit_paste_bait"},"betta":{"name":"Kampfstichling","bait":"redrot_bait","time":"night"},"brown_shirakodai":{"name":"Brauner Schmetterlingsfisch","bait":"false_worm_bait","time":"day"},"abiding_angelfish":{"name":"Langlebiger Kaiserfisch","bait":"false_worm_bait","time":"day"},"glaze_medaka":{"name":"Glasmedaka","bait":"fruit_paste_bait"},"lunged_stickleback":{"name":"Lungenstichling","bait":"redrot_bait","time":"night"},"purple_shirakodai":{"name":"Lila Schmetterlingsfisch","bait":"false_worm_bait","time":"day"},"raimei_angelfish":{"name":"Raimei-Kaiserfisch","bait":"false_worm_bait","time":"night"},"divda_ray":{"name":"Divda-Rochen","bait":"fake_fly_bait"},"formalo_ray":{"name":"Formalo-Rochen","bait":"fake_fly_bait"},"sandstorm_angler":{"name":"Sandsturm-Hornkugelfisch","bait":"sugardew_bait"},"sunset_cloud_angler":{"name":"Dämmerwolken-Hornkugelfisch","bait":"sugardew_bait","time":"night"},"lazurite_axe_marlin":{"name":"Lasurit-Axt-Marlin","bait":"sugardew_bait"},"true_fruit_angler":{"name":"Echtfrucht-Hornkugelfisch","bait":"sugardew_bait"},"halcyon_jade_axe_marlin":{"name":"Jade-Axt-Marlin","bait":"sugardew_bait"},"peach_of_the_deep_waves":{"name":"Tiefwellen-Pfirsich","bait":"sugardew_bait"}}