{"medaka":{"name":"Medaka","bait":"fruit_paste_bait"},"aizen_medaka":{"name":"Aizen Medaka","bait":"fruit_paste_bait"},"venomspine_fish":{"name":"Venomspine Fish","bait":"redrot_bait","time":"night"},"akai_maou":{"name":"Akai Maou","bait":"redrot_bait"},"tea-colored_shirakodai":{"name":"Tea-Colored Shirakodai","bait":"false_worm_bait","time":"day"},"pufferfish":{"name":"Pufferfish","bait":"fake_fly_bait"},"bitter_pufferfish":{"name":"Bitter Pufferfish","bait":"fake_fly_bait"},"crystalfish":{"name":"Crystalfish","bait":"fruit_paste_bait"},"rusty_koi":{"name":"Rusty Koi","bait":"fake_fly_bait"},"dawncatcher":{"name":"Dawncatcher","bait":"fruit_paste_bait","time":"night"},"golden_koi":{"name":"Golden Koi","bait":"fake_fly_bait"},"snowstrider":{"name":"Snowstrider","bait":"redrot_bait","time":"night"},"sweet-flower_medaka":{"name":"Sweet-Flower Medaka","bait":"fruit_paste_bait"},"betta":{"name":"Betta","bait":"redrot_bait","time":"night"},"brown_shirakodai":{"name":"Brown Shirakodai","bait":"false_worm_bait","time":"day"},"abiding_angelfish":{"name":"Abiding Angelfish","bait":"false_worm_bait","time":"day"},"glaze_medaka":{"name":"Glaze Medaka","bait":"fruit_paste_bait"},"lunged_stickleback":{"name":"Lunged Stickleback","bait":"redrot_bait","time":"night"},"purple_shirakodai":{"name":"Purple Shirakodai","bait":"false_worm_bait","time":"day"},"raimei_angelfish":{"name":"Raimei Angelfish","bait":"false_worm_bait","time":"night"},"divda_ray":{"name":"Divda Ray","bait":"fake_fly_bait"},"formalo_ray":{"name":"Formalo Ray","bait":"fake_fly_bait"},"sandstorm_angler":{"name":"Sandstorm Angler","bait":"sugardew_bait"},"sunset_cloud_angler":{"name":"Sunset Cloud Angler","bait":"sugardew_bait","time":"night"},"lazurite_axe_marlin":{"name":"Lazurite Axe Marlin","bait":"sugardew_bait"},"true_fruit_angler":{"name":"True Fruit Angler","bait":"sugardew_bait"},"halcyon_jade_axe_marlin":{"name":"Halcyon Jade Axe Marlin","bait":"sugardew_bait"},"peach_of_the_deep_waves":{"name":"Peach of the Deep Waves","bait":"sugardew_bait"}}