{"medaka":{"name":"Medaka","bait":"fruit_paste_bait"},"aizen_medaka":{"name":"Medaka azul","bait":"fruit_paste_bait"},"venomspine_fish":{"name":"Espinoso venenoso","bait":"redrot_bait","time":"night"},"akai_maou":{"name":"Akai maou","bait":"redrot_bait"},"tea-colored_shirakodai":{"name":"Pez mariposa verdoso","bait":"false_worm_bait","time":"day"},"pufferfish":{"name":"Pez globo","bait":"fake_fly_bait"},"bitter_pufferfish":{"name":"Pez globo amargo","bait":"fake_fly_bait"},"crystalfish":{"name":"Pez de cristal","bait":"fruit_paste_bait"},"rusty_koi":{"name":"Koi plateado","bait":"fake_fly_bait"},"dawncatcher":{"name":"Atrapaauroras","bait":"fruit_paste_bait","time":"night"},"golden_koi":{"name":"Koi dorado","bait":"fake_fly_bait"},"snowstrider":{"name":"Pisanieves","bait":"redrot_bait","time":"night"},"sweet-flower_medaka":{"name":"Medaka flor dulce","bait":"fruit_paste_bait"},"betta":{"name":"Espinoso luchador","bait":"redrot_bait","time":"night"},"brown_shirakodai":{"name":"Pez mariposa marrón","bait":"false_worm_bait","time":"day"},"abiding_angelfish":{"name":"Pez ángel","bait":"false_worm_bait","time":"day"},"glaze_medaka":{"name":"Medaka brillante","bait":"fruit_paste_bait"},"lunged_stickleback":{"name":"Espinoso anfibio","bait":"redrot_bait","time":"night"},"purple_shirakodai":{"name":"Pez mariposa violeta","bait":"false_worm_bait","time":"day"},"raimei_angelfish":{"name":"Pez ángel raimei","bait":"false_worm_bait","time":"night"},"divda_ray":{"name":"Raya divda","bait":"fake_fly_bait"},"formalo_ray":{"name":"Raya formalo","bait":"fake_fly_bait"},"sandstorm_angler":{"name":"Pez globo arenisco","bait":"sugardew_bait"},"sunset_cloud_angler":{"name":"Pez globo crepuscular","bait":"sugardew_bait","time":"night"},"lazurite_axe_marlin":{"name":"Marlín lanceolado","bait":"sugardew_bait"},"true_fruit_angler":{"name":"Pez globo imberbe","bait":"sugardew_bait"},"halcyon_jade_axe_marlin":{"name":"Marlín de jade","bait":"sugardew_bait"},"peach_of_the_deep_waves":{"name":"Durazno abisal","bait":"sugardew_bait"}}