{"medaka":{"name":"Médaka","bait":"fruit_paste_bait"},"aizen_medaka":{"name":"Médaka bleuté","bait":"fruit_paste_bait"},"venomspine_fish":{"name":"Épinoche dovenin","bait":"redrot_bait","time":"night"},"akai_maou":{"name":"Akai maou","bait":"redrot_bait"},"tea-colored_shirakodai":{"name":"Poisson-papillon vert","bait":"false_worm_bait","time":"day"},"pufferfish":{"name":"Poisson-globe","bait":"fake_fly_bait"},"bitter_pufferfish":{"name":"Poisson-globe amer","bait":"fake_fly_bait"},"crystalfish":{"name":"Poisson cristal","bait":"fruit_paste_bait"},"rusty_koi":{"name":"Koï rouillé","bait":"fake_fly_bait"},"dawncatcher":{"name":"Attrape-aube","bait":"fruit_paste_bait","time":"night"},"golden_koi":{"name":"Koï doré","bait":"fake_fly_bait"},"snowstrider":{"name":"Arpente-neige","bait":"redrot_bait","time":"night"},"sweet-flower_medaka":{"name":"Médaka sucrant","bait":"fruit_paste_bait"},"betta":{"name":"Épinoche combattante","bait":"redrot_bait","time":"night"},"brown_shirakodai":{"name":"Poisson-papillon marron","bait":"false_worm_bait","time":"day"},"abiding_angelfish":{"name":"Scalaire chousei","bait":"false_worm_bait","time":"day"},"glaze_medaka":{"name":"Médaka verni","bait":"fruit_paste_bait"},"lunged_stickleback":{"name":"Épinoche pulmonée","bait":"redrot_bait","time":"night"},"purple_shirakodai":{"name":"Poisson-papillon violet","bait":"false_worm_bait","time":"day"},"raimei_angelfish":{"name":"Scalaire raimei","bait":"false_worm_bait","time":"night"},"divda_ray":{"name":"Raie divda","bait":"fake_fly_bait"},"formalo_ray":{"name":"Raie formalo","bait":"fake_fly_bait"},"sandstorm_angler":{"name":"Baudroie de sable","bait":"sugardew_bait"},"sunset_cloud_angler":{"name":"Baudroie de crépuscule","bait":"sugardew_bait","time":"night"},"lazurite_axe_marlin":{"name":"Marlin à hache de lazurite","bait":"sugardew_bait"},"true_fruit_angler":{"name":"Baudroie de vérifruit","bait":"sugardew_bait"},"halcyon_jade_axe_marlin":{"name":"Marlin à hache de jade","bait":"sugardew_bait"},"peach_of_the_deep_waves":{"name":"Pêche des vagues profondes","bait":"sugardew_bait"}}