{"medaka":{"name":"Medaka","bait":"fruit_paste_bait"},"aizen_medaka":{"name":"Medaka azzurro","bait":"fruit_paste_bait"},"venomspine_fish":{"name":"Spinarello velenoso","bait":"redrot_bait","time":"night"},"akai_maou":{"name":"Akai Maou","bait":"redrot_bait"},"tea-colored_shirakodai":{"name":"Shirakodai color tè","bait":"false_worm_bait","time":"day"},"pufferfish":{"name":"Pesce palla","bait":"fake_fly_bait"},"bitter_pufferfish":{"name":"Pesce palla amaro","bait":"fake_fly_bait"},"crystalfish":{"name":"Pesce di cristallo","bait":"fruit_paste_bait"},"rusty_koi":{"name":"Koi bronzeo","bait":"fake_fly_bait"},"dawncatcher":{"name":"Pesce dell'alba","bait":"fruit_paste_bait","time":"night"},"golden_koi":{"name":"Koi dorato","bait":"fake_fly_bait"},"snowstrider":{"name":"Guazzaneve","bait":"redrot_bait","time":"night"},"sweet-flower_medaka":{"name":"Medaka goloso","bait":"fruit_paste_bait"},"betta":{"name":"Betta","bait":"redrot_bait","time":"night"},"brown_shirakodai":{"name":"Shirakodai marrone","bait":"false_worm_bait","time":"day"},"abiding_angelfish":{"name":"Pesce angelo perpetuo","bait":"false_worm_bait","time":"day"},"glaze_medaka":{"name":"Medaka splendente","bait":"fruit_paste_bait"},"lunged_stickleback":{"name":"Spinarello","bait":"redrot_bait","time":"night"},"purple_shirakodai":{"name":"Shirakodai viola","bait":"false_worm_bait","time":"day"},"raimei_angelfish":{"name":"Pesce angelo Raimei","bait":"false_worm_bait","time":"night"},"divda_ray":{"name":"Manta Divda","bait":"fake_fly_bait"},"formalo_ray":{"name":"Manta Formàlo","bait":"fake_fly_bait"},"sandstorm_angler":{"name":"Pesce palla sabbioso","bait":"sugardew_bait"},"sunset_cloud_angler":{"name":"Pesce palla nebuloso","bait":"sugardew_bait","time":"night"},"lazurite_axe_marlin":{"name":"Pesce mezzaluna di lazurite","bait":"sugardew_bait"},"true_fruit_angler":{"name":"Pesce palla immaturo","bait":"sugardew_bait"},"halcyon_jade_axe_marlin":{"name":"Pesce mezzaluna color giada","bait":"sugardew_bait"},"peach_of_the_deep_waves":{"name":"Pesce pesca delle profondità","bait":"sugardew_bait"}}