{"medaka":{"name":"グッピー","bait":"fruit_paste_bait"},"aizen_medaka":{"name":"藍染グッピー","bait":"fruit_paste_bait"},"venomspine_fish":{"name":"ポイズントゲウオ","bait":"redrot_bait","time":"night"},"akai_maou":{"name":"赤魔王","bait":"redrot_bait"},"tea-colored_shirakodai":{"name":"緑チョウチョウウオ","bait":"false_worm_bait","time":"day"},"pufferfish":{"name":"鉄砲フグ","bait":"fake_fly_bait"},"bitter_pufferfish":{"name":"苦鉄砲フグ","bait":"fake_fly_bait"},"crystalfish":{"name":"水晶宴","bait":"fruit_paste_bait"},"rusty_koi":{"name":"錆色リュウノコ","bait":"fake_fly_bait"},"dawncatcher":{"name":"擒霞客","bait":"fruit_paste_bait","time":"night"},"golden_koi":{"name":"金赤リュウノコ","bait":"fake_fly_bait"},"snowstrider":{"name":"雪ノ君","bait":"redrot_bait","time":"night"},"sweet-flower_medaka":{"name":"スイートグッピー","bait":"fruit_paste_bait"},"betta":{"name":"バトルトゲウオ","bait":"redrot_bait","time":"night"},"brown_shirakodai":{"name":"褐チョウチョウウオ","bait":"false_worm_bait","time":"day"},"abiding_angelfish":{"name":"長寿仙","bait":"false_worm_bait","time":"day"},"glaze_medaka":{"name":"琉璃グッピー","bait":"fruit_paste_bait"},"lunged_stickleback":{"name":"ブレストゲウオ","bait":"redrot_bait","time":"night"},"purple_shirakodai":{"name":"紫チョウチョウウオ","bait":"false_worm_bait","time":"day"},"raimei_angelfish":{"name":"雷鳴仙","bait":"false_worm_bait","time":"night"},"divda_ray":{"name":"ディフダエイ","bait":"fake_fly_bait"},"formalo_ray":{"name":"フォーマルハウトエイ","bait":"fake_fly_bait"},"sandstorm_angler":{"name":"砂吹きコオニフグ","bait":"sugardew_bait"},"sunset_cloud_angler":{"name":"夕雲コオニフグ","bait":"sugardew_bait","time":"night"},"lazurite_axe_marlin":{"name":"金青ハチェットウオ","bait":"sugardew_bait"},"true_fruit_angler":{"name":"真果コオニフグ","bait":"sugardew_bait"},"halcyon_jade_axe_marlin":{"name":"翠玉ハチェットウオ","bait":"sugardew_bait"},"peach_of_the_deep_waves":{"name":"浮沈蜜桃","bait":"sugardew_bait"}}