{"medaka":{"name":"구피","bait":"fruit_paste_bait"},"aizen_medaka":{"name":"파란 구피","bait":"fruit_paste_bait"},"venomspine_fish":{"name":"맹독 가시고기","bait":"redrot_bait","time":"night"},"akai_maou":{"name":"붉은 마왕 가시고기","bait":"redrot_bait"},"tea-colored_shirakodai":{"name":"녹색 나비고기","bait":"false_worm_bait","time":"day"},"pufferfish":{"name":"대포 복어","bait":"fake_fly_bait"},"bitter_pufferfish":{"name":"쓴맛 대포 복어","bait":"fake_fly_bait"},"crystalfish":{"name":"수정빛 구피","bait":"fruit_paste_bait"},"rusty_koi":{"name":"녹빛 용 물고기","bait":"fake_fly_bait"},"dawncatcher":{"name":"노을빛 구피","bait":"fruit_paste_bait","time":"night"},"golden_koi":{"name":"금적빛 용 물고기","bait":"fake_fly_bait"},"snowstrider":{"name":"흰눈 가시고기","bait":"redrot_bait","time":"night"},"sweet-flower_medaka":{"name":"달콤달콤 구피","bait":"fruit_paste_bait"},"betta":{"name":"전투 가시고기","bait":"redrot_bait","time":"night"},"brown_shirakodai":{"name":"갈색 나비고기","bait":"false_worm_bait","time":"day"},"abiding_angelfish":{"name":"장수 나비고기","bait":"false_worm_bait","time":"day"},"glaze_medaka":{"name":"유리 구피","bait":"fruit_paste_bait"},"lunged_stickleback":{"name":"부레 가시고기","bait":"redrot_bait","time":"night"},"purple_shirakodai":{"name":"자색 나비고기","bait":"false_worm_bait","time":"day"},"raimei_angelfish":{"name":"전류 나비고기","bait":"false_worm_bait","time":"night"},"divda_ray":{"name":"다이브다 가오리","bait":"fake_fly_bait"},"formalo_ray":{"name":"포말로 가오리","bait":"fake_fly_bait"},"sandstorm_angler":{"name":"모래 폭풍 뿔복어","bait":"sugardew_bait"},"sunset_cloud_angler":{"name":"놀구름 뿔복어","bait":"sugardew_bait","time":"night"},"lazurite_axe_marlin":{"name":"청금 미늘창 물고기","bait":"sugardew_bait"},"true_fruit_angler":{"name":"과실 뿔복어","bait":"sugardew_bait"},"halcyon_jade_axe_marlin":{"name":"비옥 미늘창 물고기","bait":"sugardew_bait"},"peach_of_the_deep_waves":{"name":"파도에 빠진 복숭아","bait":"sugardew_bait"}}