{"medaka":{"name":"Medaka","bait":"fruit_paste_bait"},"aizen_medaka":{"name":"Medaka Azulado","bait":"fruit_paste_bait"},"venomspine_fish":{"name":"Peixe-leão Esgana-Gato","bait":"redrot_bait","time":"night"},"akai_maou":{"name":"Akai Maou","bait":"redrot_bait"},"tea-colored_shirakodai":{"name":"Shirakodai Cor de Chá","bait":"false_worm_bait","time":"day"},"pufferfish":{"name":"Fugu","bait":"fake_fly_bait"},"bitter_pufferfish":{"name":"Fugu Amargo","bait":"fake_fly_bait"},"crystalfish":{"name":"Peixe Cristal","bait":"fruit_paste_bait"},"rusty_koi":{"name":"Koi Enferrujado","bait":"fake_fly_bait"},"dawncatcher":{"name":"Apanhador da Aurora","bait":"fruit_paste_bait","time":"night"},"golden_koi":{"name":"Koi Dourado","bait":"fake_fly_bait"},"snowstrider":{"name":"Rei da Neve","bait":"redrot_bait","time":"night"},"sweet-flower_medaka":{"name":"Flor Doce Medaka","bait":"fruit_paste_bait"},"betta":{"name":"Betta Esgana-Gato","bait":"redrot_bait","time":"night"},"brown_shirakodai":{"name":"Shirakodai Marrom","bait":"false_worm_bait","time":"day"},"abiding_angelfish":{"name":"Acará Devoto","bait":"false_worm_bait","time":"day"},"glaze_medaka":{"name":"Medaka Envernizado","bait":"fruit_paste_bait"},"lunged_stickleback":{"name":"Piramboia Esgana-Gato","bait":"redrot_bait","time":"night"},"purple_shirakodai":{"name":"Shirakodai Roxo","bait":"false_worm_bait","time":"day"},"raimei_angelfish":{"name":"Acará Raimei","bait":"false_worm_bait","time":"night"},"divda_ray":{"name":"Arraia Divda","bait":"fake_fly_bait"},"formalo_ray":{"name":"Arraia Formalo","bait":"fake_fly_bait"},"sandstorm_angler":{"name":"Peixe Bola da Areia","bait":"sugardew_bait"},"sunset_cloud_angler":{"name":"Peixe Bola das Nuvens Crepusculares","bait":"sugardew_bait","time":"night"},"lazurite_axe_marlin":{"name":"Marlim Machado de Lazurita","bait":"sugardew_bait"},"true_fruit_angler":{"name":"Peixe Fruta Verdadeira","bait":"sugardew_bait"},"halcyon_jade_axe_marlin":{"name":"Marlim Machado de Jade","bait":"sugardew_bait"},"peach_of_the_deep_waves":{"name":"Pêssego das Ondas Profundas","bait":"sugardew_bait"}}