{"medaka":{"name":"Оризия","bait":"fruit_paste_bait"},"aizen_medaka":{"name":"Голубая оризия","bait":"fruit_paste_bait"},"venomspine_fish":{"name":"Ядовитая колюшка","bait":"redrot_bait","time":"night"},"akai_maou":{"name":"Алый дьявол","bait":"redrot_bait"},"tea-colored_shirakodai":{"name":"Чайная рыба-бабочка","bait":"false_worm_bait","time":"day"},"pufferfish":{"name":"Иглобрюх","bait":"fake_fly_bait"},"bitter_pufferfish":{"name":"Горький иглобрюх","bait":"fake_fly_bait"},"crystalfish":{"name":"Кристальная рыба","bait":"fruit_paste_bait"},"rusty_koi":{"name":"Стальной лжедракон","bait":"fake_fly_bait"},"dawncatcher":{"name":"Ловец зари","bait":"fruit_paste_bait","time":"night"},"golden_koi":{"name":"Золотой лжедракон","bait":"fake_fly_bait"},"snowstrider":{"name":"Снежный странник","bait":"redrot_bait","time":"night"},"sweet-flower_medaka":{"name":"Сахарная оризия","bait":"fruit_paste_bait"},"betta":{"name":"Боевая колюшка","bait":"redrot_bait","time":"night"},"brown_shirakodai":{"name":"Бурая рыба-бабочка","bait":"false_worm_bait","time":"day"},"abiding_angelfish":{"name":"Вечная рыба-ангел","bait":"false_worm_bait","time":"day"},"glaze_medaka":{"name":"Глазурная оризия","bait":"fruit_paste_bait"},"lunged_stickleback":{"name":"Двоякодышащая колюшка","bait":"redrot_bait","time":"night"},"purple_shirakodai":{"name":"Пурпурная рыба-бабочка","bait":"false_worm_bait","time":"day"},"raimei_angelfish":{"name":"Рыба-ангел раймэй","bait":"false_worm_bait","time":"night"},"divda_ray":{"name":"Дивдинский скат","bait":"fake_fly_bait"},"formalo_ray":{"name":"Фумарольный скат","bait":"fake_fly_bait"},"sandstorm_angler":{"name":"Песчаный иглобрюх","bait":"sugardew_bait"},"sunset_cloud_angler":{"name":"Вечерний иглобрюх","bait":"sugardew_bait","time":"night"},"lazurite_axe_marlin":{"name":"Лазурная рыба-алебарда","bait":"sugardew_bait"},"true_fruit_angler":{"name":"Плодовый иглобрюх","bait":"sugardew_bait"},"halcyon_jade_axe_marlin":{"name":"Нефритовая рыба-алебарда","bait":"sugardew_bait"},"peach_of_the_deep_waves":{"name":"Водяной персик","bait":"sugardew_bait"}}