{"medaka":{"name":"Lepistes","bait":"fruit_paste_bait"},"aizen_medaka":{"name":"Mavimsi Lepistes","bait":"fruit_paste_bait"},"venomspine_fish":{"name":"Zehirli Dikence Balığı","bait":"redrot_bait","time":"night"},"akai_maou":{"name":"Kızıl Şeytan","bait":"redrot_bait"},"tea-colored_shirakodai":{"name":"Yeşil Kırlangıç Balığı","bait":"false_worm_bait","time":"day"},"pufferfish":{"name":"Balon Balığı","bait":"fake_fly_bait"},"bitter_pufferfish":{"name":"Karamsar Balon Balığı","bait":"fake_fly_bait"},"crystalfish":{"name":"Kristal Balığı","bait":"fruit_paste_bait"},"rusty_koi":{"name":"Gri Ejder Balığı","bait":"fake_fly_bait"},"dawncatcher":{"name":"Şafak Avcısı","bait":"fruit_paste_bait","time":"night"},"golden_koi":{"name":"Altın Ejder Balığı","bait":"fake_fly_bait"},"snowstrider":{"name":"Buzgezer","bait":"redrot_bait","time":"night"},"sweet-flower_medaka":{"name":"Sevimli Lepistes","bait":"fruit_paste_bait"},"betta":{"name":"Kavgacı Dikence Balığı","bait":"redrot_bait","time":"night"},"brown_shirakodai":{"name":"Kahverengi Kırlangıç Balığı","bait":"false_worm_bait","time":"day"},"abiding_angelfish":{"name":"Ebedi Melek Balığı","bait":"false_worm_bait","time":"day"},"glaze_medaka":{"name":"Parlak Lepistes","bait":"fruit_paste_bait"},"lunged_stickleback":{"name":"Solungaçlı Dikence Balığı","bait":"redrot_bait","time":"night"},"purple_shirakodai":{"name":"Mor Kırlangıç Balığı","bait":"false_worm_bait","time":"day"},"raimei_angelfish":{"name":"Raimei Melek Balığı","bait":"false_worm_bait","time":"night"},"divda_ray":{"name":"Divda Vatoz","bait":"fake_fly_bait"},"formalo_ray":{"name":"Formalo Vatoz","bait":"fake_fly_bait"},"sandstorm_angler":{"name":"Kum Fırtınası Balığı","bait":"sugardew_bait"},"sunset_cloud_angler":{"name":"Gün Batımı Gölgesi Balığı","bait":"sugardew_bait","time":"night"},"lazurite_axe_marlin":{"name":"Lazurit Balta Balığı","bait":"sugardew_bait"},"true_fruit_angler":{"name":"Gerçek Meyve Balığı","bait":"sugardew_bait"},"halcyon_jade_axe_marlin":{"name":"Dingin Yeşim Balta Balığı","bait":"sugardew_bait"},"peach_of_the_deep_waves":{"name":"Derin Dalga Şeftalisi","bait":"sugardew_bait"}}