{"medaka":{"name":"花鱂","bait":"fruit_paste_bait"},"aizen_medaka":{"name":"藍染花鱂","bait":"fruit_paste_bait"},"venomspine_fish":{"name":"鴆棘魚","bait":"redrot_bait","time":"night"},"akai_maou":{"name":"赤魔王","bait":"redrot_bait"},"tea-colored_shirakodai":{"name":"流紋茶蝶魚","bait":"false_worm_bait","time":"day"},"pufferfish":{"name":"炮魨","bait":"fake_fly_bait"},"bitter_pufferfish":{"name":"苦炮魨","bait":"fake_fly_bait"},"crystalfish":{"name":"水晶宴","bait":"fruit_paste_bait"},"rusty_koi":{"name":"錆假龍","bait":"fake_fly_bait"},"dawncatcher":{"name":"擒霞客","bait":"fruit_paste_bait","time":"night"},"golden_koi":{"name":"金赤假龍","bait":"fake_fly_bait"},"snowstrider":{"name":"雪中君","bait":"redrot_bait","time":"night"},"sweet-flower_medaka":{"name":"甜甜花鱂","bait":"fruit_paste_bait"},"betta":{"name":"鬥棘魚","bait":"redrot_bait","time":"night"},"brown_shirakodai":{"name":"流紋褐蝶魚","bait":"false_worm_bait","time":"day"},"abiding_angelfish":{"name":"長生仙","bait":"false_worm_bait","time":"day"},"glaze_medaka":{"name":"琉璃花鱂","bait":"fruit_paste_bait"},"lunged_stickleback":{"name":"肺棘魚","bait":"redrot_bait","time":"night"},"purple_shirakodai":{"name":"流紋京紫蝶魚","bait":"false_worm_bait","time":"day"},"raimei_angelfish":{"name":"雷鳴仙","bait":"false_worm_bait","time":"night"},"divda_ray":{"name":"迪芙妲鰩","bait":"fake_fly_bait"},"formalo_ray":{"name":"佛瑪洛鰩","bait":"fake_fly_bait"},"sandstorm_angler":{"name":"吹沙角魨","bait":"sugardew_bait"},"sunset_cloud_angler":{"name":"暮雲角魨","bait":"sugardew_bait","time":"night"},"lazurite_axe_marlin":{"name":"青金斧槍魚","bait":"sugardew_bait"},"true_fruit_angler":{"name":"真果角魨","bait":"sugardew_bait"},"halcyon_jade_axe_marlin":{"name":"翡玉斧槍魚","bait":"sugardew_bait"},"peach_of_the_deep_waves":{"name":"沉波蜜桃","bait":"sugardew_bait"}}