{"medaka":{"name":"Cá Khổng Tước","bait":"fruit_paste_bait"},"aizen_medaka":{"name":"Cá Khổng Tước Lam","bait":"fruit_paste_bait"},"venomspine_fish":{"name":"Cá Gai Độc","bait":"redrot_bait","time":"night"},"akai_maou":{"name":"Xích Ma Vương","bait":"redrot_bait"},"tea-colored_shirakodai":{"name":"Cá Bướm Vân Trà","bait":"false_worm_bait","time":"day"},"pufferfish":{"name":"Cá Pháo","bait":"fake_fly_bait"},"bitter_pufferfish":{"name":"Cá Pháo Cay Đắng","bait":"fake_fly_bait"},"crystalfish":{"name":"Cá Pha Lê","bait":"fruit_paste_bait"},"rusty_koi":{"name":"Cá Rồng Thép","bait":"fake_fly_bait"},"dawncatcher":{"name":"Cá Bình Minh","bait":"fruit_paste_bait","time":"night"},"golden_koi":{"name":"Cá Rồng Xích Kim","bait":"fake_fly_bait"},"snowstrider":{"name":"Tuyết Quân Tử","bait":"redrot_bait","time":"night"},"sweet-flower_medaka":{"name":"Cá Khổng Tước Ngọt","bait":"fruit_paste_bait"},"betta":{"name":"Cá Gai Đấu Sĩ","bait":"redrot_bait","time":"night"},"brown_shirakodai":{"name":"Cá Bướm Vân Đất","bait":"false_worm_bait","time":"day"},"abiding_angelfish":{"name":"Trường Sinh Tiên","bait":"false_worm_bait","time":"day"},"glaze_medaka":{"name":"Cá Khổng Tước Lưu Ly","bait":"fruit_paste_bait"},"lunged_stickleback":{"name":"Cá Thân Gai","bait":"redrot_bait","time":"night"},"purple_shirakodai":{"name":"Cá Bướm Vân Tím","bait":"false_worm_bait","time":"day"},"raimei_angelfish":{"name":"Lôi Minh Tiên","bait":"false_worm_bait","time":"night"},"divda_ray":{"name":"Cá Đuối Divda","bait":"fake_fly_bait"},"formalo_ray":{"name":"Cá Đuối Formalo","bait":"fake_fly_bait"},"sandstorm_angler":{"name":"Cá Nóc Bão Cát","bait":"sugardew_bait"},"sunset_cloud_angler":{"name":"Cá Nóc Mây Mù","bait":"sugardew_bait","time":"night"},"lazurite_axe_marlin":{"name":"Cá Rìu Lam Ngọc","bait":"sugardew_bait"},"true_fruit_angler":{"name":"Cá Nóc Trái Cây","bait":"sugardew_bait"},"halcyon_jade_axe_marlin":{"name":"Cá Rìu Bích Ngọc","bait":"sugardew_bait"},"peach_of_the_deep_waves":{"name":"Cá Nóc Trái Đào","bait":"sugardew_bait"}}