{"medaka":{"name":"花鳉","bait":"fruit_paste_bait"},"aizen_medaka":{"name":"蓝染花鳉","bait":"fruit_paste_bait"},"venomspine_fish":{"name":"鸩棘鱼","bait":"redrot_bait","time":"night"},"akai_maou":{"name":"赤魔王","bait":"redrot_bait"},"tea-colored_shirakodai":{"name":"流纹茶蝶鱼","bait":"false_worm_bait","time":"day"},"pufferfish":{"name":"炮鲀","bait":"fake_fly_bait"},"bitter_pufferfish":{"name":"苦炮鲀","bait":"fake_fly_bait"},"crystalfish":{"name":"水晶宴","bait":"fruit_paste_bait"},"rusty_koi":{"name":"锖假龙","bait":"fake_fly_bait"},"dawncatcher":{"name":"擒霞客","bait":"fruit_paste_bait","time":"night"},"golden_koi":{"name":"金赤假龙","bait":"fake_fly_bait"},"snowstrider":{"name":"雪中君","bait":"redrot_bait","time":"night"},"sweet-flower_medaka":{"name":"甜甜花鳉","bait":"fruit_paste_bait"},"betta":{"name":"斗棘鱼","bait":"redrot_bait","time":"night"},"brown_shirakodai":{"name":"流纹褐蝶鱼","bait":"false_worm_bait","time":"day"},"abiding_angelfish":{"name":"长生仙","bait":"false_worm_bait","time":"day"},"glaze_medaka":{"name":"琉璃花鳉","bait":"fruit_paste_bait"},"lunged_stickleback":{"name":"肺棘鱼","bait":"redrot_bait","time":"night"},"purple_shirakodai":{"name":"流纹京紫蝶鱼","bait":"false_worm_bait","time":"day"},"raimei_angelfish":{"name":"雷鸣仙","bait":"false_worm_bait","time":"night"},"divda_ray":{"name":"迪芙妲鳐","bait":"fake_fly_bait"},"formalo_ray":{"name":"佛玛洛鳐","bait":"fake_fly_bait"},"sandstorm_angler":{"name":"吹沙角鲀","bait":"sugardew_bait"},"sunset_cloud_angler":{"name":"暮云角鲀","bait":"sugardew_bait","time":"night"},"lazurite_axe_marlin":{"name":"青金斧枪鱼","bait":"sugardew_bait"},"true_fruit_angler":{"name":"真果角鲀","bait":"sugardew_bait"},"halcyon_jade_axe_marlin":{"name":"翡玉斧枪鱼","bait":"sugardew_bait"},"peach_of_the_deep_waves":{"name":"沉波蜜桃","bait":"sugardew_bait"}}