{
  "unique": "Einzigartig",
  "slowly": "Kampfaktion",
  "attack": "Aktion unmöglich",
  "freezing": "Immunität gegen Gefroren",
  "control": "Immunität gegen Kontrolle",
  "mondstadt": "Mondstadt",
  "liyue": "Liyue",
  "inazuma": "Inazuma",
  "sumeru": "Sumeru",
  "fontaine": "Fontaine",
  "natlan": "Natlan",
  "snezhnaya": "Snezhnaya",
  "khaenriah": "Khaenri’ah",
  "fatui": "Fatui",
  "hilichurl": "Hilichurl",
  "monster": "Monster",
  "kairagi": "Kairagi",
  "none": "Kein Elementartyp",
  "catalyst": "Katalysator",
  "bow": "Bogen",
  "claymore": "Zweihänder",
  "pole": "Stangenwaffe",
  "sword": "Einhänder",
  "cryo": "Kryo",
  "hydro": "Hydro",
  "pyro": "Pyro",
  "electro": "Elektro",
  "anemo": "Anemo",
  "geo": "Geo",
  "dendro": "Dendro",
  "weapon": "Waffe",
  "artifact": "Artefakt",
  "talent": "Talent",
  "sheild": "Schild",
  "place": "Spielfeld",
  "ally": "Gefährte",
  "item": "Objekte",
  "resonance": "Elementarer Einklang",
  "food": "Gericht",
  "produce": "Dendro-Objekt"
}