{
  "unique": "Only One",
  "slowly": "Combat Action",
  "attack": "Unable to Act",
  "freezing": "Immune to Frozen",
  "control": "Immune to Disables",
  "mondstadt": "Mondstadt",
  "liyue": "Liyue",
  "inazuma": "Inazuma",
  "sumeru": "Sumeru",
  "fontaine": "Fontaine",
  "natlan": "Natlan",
  "snezhnaya": "Snezhnaya",
  "khaenriah": "Khaenri'ah",
  "fatui": "Fatui",
  "hilichurl": "Hilichurl",
  "monster": "Monster",
  "kairagi": "Kairagi",
  "none": "No Elemental Type",
  "catalyst": "Catalyst",
  "bow": "Bow",
  "claymore": "Claymore",
  "pole": "Polearm",
  "sword": "Sword",
  "cryo": "Cryo",
  "hydro": "Hydro",
  "pyro": "Pyro",
  "electro": "Electro",
  "anemo": "Anemo",
  "geo": "Geo",
  "dendro": "Dendro",
  "weapon": "Weapon",
  "artifact": "Artifact",
  "talent": "Talent",
  "sheild": "Shield",
  "place": "Location",
  "ally": "Companion",
  "item": "Item",
  "resonance": "Elemental Resonance",
  "food": "Food",
  "produce": "Dendro Construct"
}