{
  "unique": "Único",
  "slowly": "Acción de combate",
  "attack": "Acción imposible",
  "freezing": "Inmune a congelado",
  "control": "Inmune a pérdida de control",
  "mondstadt": "Mondstadt",
  "liyue": "Liyue",
  "inazuma": "Inazuma",
  "sumeru": "Sumeru",
  "fontaine": "Fontaine",
  "natlan": "Natlan",
  "snezhnaya": "Snezhnaya",
  "khaenriah": "Khaenri'ah",
  "fatui": "Fatui",
  "hilichurl": "Hilichurl",
  "monster": "Monstruo",
  "kairagi": "Samurái Kairagi",
  "none": "Sin tipo elemental",
  "catalyst": "Catalizador",
  "bow": "Arco",
  "claymore": "Mandoble",
  "pole": "Lanza",
  "sword": "Espada ligera",
  "cryo": "Cryo",
  "hydro": "Hydro",
  "pyro": "Pyro",
  "electro": "Electro",
  "anemo": "Anemo",
  "geo": "Geo",
  "dendro": "Dendro",
  "weapon": "Arma",
  "artifact": "Artefacto",
  "talent": "Talento",
  "sheild": "Escudo",
  "place": "Ubicación",
  "ally": "Acompañante",
  "item": "Objeto",
  "resonance": "Consonancia elemental",
  "food": "Comida",
  "produce": "Creación Dendro"
}