{
  "unique": "Unique",
  "slowly": "Action de combat",
  "attack": "Aucune action possible",
  "freezing": "Anti-gel",
  "control": "Anti-contrôle",
  "mondstadt": "Mondstadt",
  "liyue": "Liyue",
  "inazuma": "Inazuma",
  "sumeru": "Sumeru",
  "fontaine": "Fontaine",
  "natlan": "Natlan",
  "snezhnaya": "Snezhnaya",
  "khaenriah": "Khaenri'ah",
  "fatui": "Fatui",
  "hilichurl": "Brutocollinus",
  "monster": "Monstre",
  "kairagi": "Oni des mers",
  "none": "Sans élément",
  "catalyst": "Catalyseur",
  "bow": "Arc",
  "claymore": "Épée à deux mains",
  "pole": "Arme d'hast",
  "sword": "Épée à une main",
  "cryo": "Cryo",
  "hydro": "Hydro",
  "pyro": "Pyro",
  "electro": "Électro",
  "anemo": "Anémo",
  "geo": "Géo",
  "dendro": "Dendro",
  "weapon": "Arme",
  "artifact": "Artéfact",
  "talent": "Aptitude",
  "sheild": "Bouclier",
  "place": "Terrain",
  "ally": "Compagnon",
  "item": "Objet",
  "resonance": "Résonance élémentaire",
  "food": "Plat",
  "produce": "Construction Dendro"
}