{
  "unique": "Satu-satunya",
  "slowly": "Aksi Tempur",
  "attack": "Tidak dapat beraksi",
  "freezing": "Kebal terhadap Frozen",
  "control": "Kebal terhadap kendali",
  "mondstadt": "Mondstadt",
  "liyue": "Liyue",
  "inazuma": "Inazuma",
  "sumeru": "Sumeru",
  "fontaine": "Fontaine",
  "natlan": "Natlan",
  "snezhnaya": "Snezhnaya",
  "khaenriah": "Khaenri'ah",
  "fatui": "Fatui",
  "hilichurl": "Hilichurl",
  "monster": "Monster",
  "kairagi": "Kairagi",
  "none": "Tidak ada tipe elemen",
  "catalyst": "Catalyst",
  "bow": "Bow",
  "claymore": "Claymore",
  "pole": "Polearm",
  "sword": "Sword",
  "cryo": "Cryo",
  "hydro": "Hydro",
  "pyro": "Pyro",
  "electro": "Electro",
  "anemo": "Anemo",
  "geo": "Geo",
  "dendro": "Dendro",
  "weapon": "Senjata",
  "artifact": "Artefak",
  "talent": "Talenta",
  "sheild": "Perisai",
  "place": "Lokasi",
  "ally": "Teman",
  "item": "Item",
  "resonance": "Resonansi Elemental",
  "food": "Masakan",
  "produce": "Dendro Construct"
}