{
  "unique": "Unico",
  "slowly": "Azione di combattimento",
  "attack": "Impossibile agire",
  "freezing": "Immunità a Congelamento",
  "control": "Immunità a Controllo",
  "mondstadt": "Mondstadt",
  "liyue": "Liyue",
  "inazuma": "Inazuma",
  "sumeru": "Sumeru",
  "fontaine": "Fontaine",
  "natlan": "Natlan",
  "snezhnaya": "Snezhnaya",
  "khaenriah": "Khaenri'ah",
  "fatui": "I Fatui",
  "hilichurl": "Hilichurl",
  "monster": "Mostro",
  "kairagi": "Kairagi",
  "none": "Nessun tipo elementale",
  "catalyst": "Catalizzatore",
  "bow": "Arco",
  "claymore": "Claymore",
  "pole": "Alabarda",
  "sword": "Spada",
  "cryo": "Cryo",
  "hydro": "Hydro",
  "pyro": "Pyro",
  "electro": "Electro",
  "anemo": "Anemo",
  "geo": "Geo",
  "dendro": "Dendro",
  "weapon": "Arma",
  "artifact": "Manufatto",
  "talent": "Talento",
  "sheild": "Scudo",
  "place": "Posizione",
  "ally": "Compagno",
  "item": "Oggetto",
  "resonance": "Risonanza elementale",
  "food": "Cibo",
  "produce": "Costrutto di Dendro"
}