{
  "unique": "唯一",
  "slowly": "戦闘アクション",
  "attack": "行動不能",
  "freezing": "凍結無効",
  "control": "行動妨害無効",
  "mondstadt": "モンド",
  "liyue": "璃月",
  "inazuma": "稲妻",
  "sumeru": "スメール",
  "fontaine": "フォンテーヌ",
  "natlan": "ナタ",
  "snezhnaya": "スネージナヤ",
  "khaenriah": "カーンルイア",
  "fatui": "ファデュイ",
  "hilichurl": "ヒルチャール",
  "monster": "魔物",
  "kairagi": "海乱鬼",
  "none": "元素タイプなし",
  "catalyst": "法器",
  "bow": "弓",
  "claymore": "両手剣",
  "pole": "長柄武器",
  "sword": "片手剣",
  "cryo": "氷元素",
  "hydro": "水元素",
  "pyro": "炎元素",
  "electro": "雷元素",
  "anemo": "風元素",
  "geo": "岩元素",
  "dendro": "草元素",
  "weapon": "武器",
  "artifact": "聖遺物",
  "talent": "天賦",
  "sheild": "シールド",
  "place": "フィールド",
  "ally": "仲間",
  "item": "アイテム",
  "resonance": "元素共鳴",
  "food": "料理",
  "produce": "草元素の産物"
}