{
  "unique": "유일",
  "slowly": "전투 행동",
  "attack": "행동 불가",
  "freezing": "빙결 면역",
  "control": "제어 면역",
  "mondstadt": "몬드",
  "liyue": "리월",
  "inazuma": "이나즈마",
  "sumeru": "수메르",
  "fontaine": "폰타인",
  "natlan": "나타",
  "snezhnaya": "스네즈나야",
  "khaenriah": "켄리아",
  "fatui": "우인단",
  "hilichurl": "츄츄족",
  "monster": "마물",
  "kairagi": "해란귀",
  "none": "원소 타입 없음",
  "catalyst": "법구",
  "bow": "활",
  "claymore": "양손검",
  "pole": "장병기",
  "sword": "한손검",
  "cryo": "얼음 원소",
  "hydro": "물 원소",
  "pyro": "불 원소",
  "electro": "번개 원소",
  "anemo": "바람 원소",
  "geo": "바위 원소",
  "dendro": "풀 원소",
  "weapon": "무기",
  "artifact": "성유물",
  "talent": "특성",
  "sheild": "보호막",
  "place": "필드",
  "ally": "동료",
  "item": "아이템",
  "resonance": "원소 공명",
  "food": "요리",
  "produce": "풀 원소 산물"
}