{
  "unique": "Único",
  "slowly": "Ação de Combate",
  "attack": "Não pode fazer ações",
  "freezing": "Imunidade a Congelado",
  "control": "Imunidade a Controle",
  "mondstadt": "Mondstadt",
  "liyue": "Liyue",
  "inazuma": "Inazuma",
  "sumeru": "Sumeru",
  "fontaine": "Fontaine",
  "natlan": "Natlan",
  "snezhnaya": "Snezhnaya",
  "khaenriah": "Khaenri'ah",
  "fatui": "Fatui",
  "hilichurl": "Hilichurl",
  "monster": "Monstro",
  "kairagi": "Kairagi",
  "none": "Sem Tipo Elemental",
  "catalyst": "Catalisador",
  "bow": "Arco",
  "claymore": "Espadão",
  "pole": "Lança",
  "sword": "Espada",
  "cryo": "Cryo",
  "hydro": "Hydro",
  "pyro": "Pyro",
  "electro": "Electro",
  "anemo": "Anemo",
  "geo": "Geo",
  "dendro": "Dendro",
  "weapon": "Arma",
  "artifact": "Artefato",
  "talent": "Talento",
  "sheild": "Escudo",
  "place": "Campo",
  "ally": "Companheiro",
  "item": "Ítem",
  "resonance": "Ressonância Elemental",
  "food": "Prato",
  "produce": "Produto Dendro"
}