{
  "unique": "Уникальный",
  "slowly": "Боевое действие",
  "attack": "Невозможно действовать",
  "freezing": "Иммунитет к заморозке",
  "control": "Иммунитет к контролю",
  "mondstadt": "Мондштадт",
  "liyue": "Ли Юэ",
  "inazuma": "Инадзума",
  "sumeru": "Сумеру",
  "fontaine": "Фонтейн",
  "natlan": "Натлан",
  "snezhnaya": "Снежная",
  "khaenriah": "Каэнри'ах",
  "fatui": "Фатуи",
  "hilichurl": "Хиличурл",
  "monster": "Монстр",
  "kairagi": "Кайраги",
  "none": "Без элемента",
  "catalyst": "Катализатор",
  "bow": "Стрелковое",
  "claymore": "Двуручное",
  "pole": "Древковое",
  "sword": "Одноручное",
  "cryo": "Крио",
  "hydro": "Гидро",
  "pyro": "Пиро",
  "electro": "Электро",
  "anemo": "Анемо",
  "geo": "Гео",
  "dendro": "Дендро",
  "weapon": "Оружие",
  "artifact": "Артефакт",
  "talent": "Талант",
  "sheild": "Щит",
  "place": "Место",
  "ally": "Друзья",
  "item": "Предмет",
  "resonance": "Элементальный резонанс",
  "food": "Блюдо",
  "produce": "Дендро конструкция"
}