{
  "unique": "หนึ่งเดียว",
  "slowly": "ดำเนินการต่อสู้",
  "attack": "ไม่สามารถดำเนินการได้",
  "freezing": "ต้านทานการแช่แข็ง",
  "control": "ต้านทานการถูกควบคุม",
  "mondstadt": "Mondstadt",
  "liyue": "Liyue",
  "inazuma": "Inazuma",
  "sumeru": "Sumeru",
  "fontaine": "Fontaine",
  "natlan": "Natlan",
  "snezhnaya": "Snezhnaya",
  "khaenriah": "Khaenri'ah",
  "fatui": "Fatui",
  "hilichurl": "Hilichurl",
  "monster": "มอนสเตอร์",
  "kairagi": "Kairagi",
  "none": "ไม่มีธาตุ",
  "catalyst": "สื่อเวท",
  "bow": "ธนู",
  "claymore": "ดาบใหญ่",
  "pole": "หอก",
  "sword": "ดาบ",
  "cryo": "ธาตุน้ำแข็ง",
  "hydro": "ธาตุน้ำ",
  "pyro": "ธาตุไฟ",
  "electro": "ธาตุไฟฟ้า",
  "anemo": "ธาตุลม",
  "geo": "ธาตุหิน",
  "dendro": "ธาตุไม้",
  "weapon": "อาวุธ",
  "artifact": "อาร์ติแฟกต์",
  "talent": "พรสวรรค์",
  "sheild": "โล่ป้องกัน",
  "place": "สถานที่",
  "ally": "เพื่อน",
  "item": "ไอเทม",
  "resonance": "การสั่นพ้องของธาตุ",
  "food": "อาหาร",
  "produce": "วัตถุธาตุไม้"
}