{
  "unique": "Tek",
  "slowly": "Savaş Hamlesi",
  "attack": "Hamle Yapılamıyor",
  "freezing": "Donma Bağışıklığı",
  "control": "Kontrol Bağışıklığı",
  "mondstadt": "Mondstadt",
  "liyue": "Liyue",
  "inazuma": "Inazuma",
  "sumeru": "Sumeru",
  "fontaine": "Fontaine",
  "natlan": "Natlan",
  "snezhnaya": "Snezhnaya",
  "khaenriah": "Khaenri'ah",
  "fatui": "Fatui",
  "hilichurl": "Dağ Yabanisi",
  "monster": "Canavar",
  "kairagi": "Kairagi",
  "none": "Element Türü Yok",
  "catalyst": "Katalizör",
  "bow": "Yay",
  "claymore": "Çift Elli Kılıç",
  "pole": "Mızrak",
  "sword": "Kılıç",
  "cryo": "Buz",
  "hydro": "Su",
  "pyro": "Ateş",
  "electro": "Elektrik",
  "anemo": "Rüzgar",
  "geo": "Toprak",
  "dendro": "Doğa",
  "weapon": "Silah",
  "artifact": "Yadigar",
  "talent": "Yetenek",
  "sheild": "Kalkan",
  "place": "Konum",
  "ally": "Ortak",
  "item": "Eşya",
  "resonance": "Element Rezonansı",
  "food": "Yiyecek",
  "produce": "Doğa Yapısı"
}