{
  "unique": "唯一",
  "slowly": "戰鬥行動",
  "attack": "無法行動",
  "freezing": "免疫凍結",
  "control": "免疫控制",
  "mondstadt": "蒙德",
  "liyue": "璃月",
  "inazuma": "稻妻",
  "sumeru": "須彌",
  "fontaine": "楓丹",
  "natlan": "納塔",
  "snezhnaya": "至冬",
  "khaenriah": "坎瑞亞",
  "fatui": "愚人眾",
  "hilichurl": "丘丘人",
  "monster": "魔物",
  "kairagi": "海亂鬼",
  "none": "無元素類型",
  "catalyst": "法器",
  "bow": "弓",
  "claymore": "雙手劍",
  "pole": "長柄武器",
  "sword": "單手劍",
  "cryo": "冰元素",
  "hydro": "水元素",
  "pyro": "火元素",
  "electro": "雷元素",
  "anemo": "風元素",
  "geo": "岩元素",
  "dendro": "草元素",
  "weapon": "武器",
  "artifact": "聖遺物",
  "talent": "天賦",
  "sheild": "護盾",
  "place": "場地",
  "ally": "夥伴",
  "item": "道具",
  "resonance": "元素共鳴",
  "food": "料理",
  "produce": "草元素產物"
}