{
  "unique": "Duy Nhất",
  "slowly": "Hành Động Chiến Đấu",
  "attack": "Không thể hành động",
  "freezing": "Miễn Dịch Đóng Băng",
  "control": "Miễn Dịch Khống Chế",
  "mondstadt": "Mondstadt",
  "liyue": "Liyue",
  "inazuma": "Inazuma",
  "sumeru": "Sumeru",
  "fontaine": "Fontaine",
  "natlan": "Natlan",
  "snezhnaya": "Snezhnaya",
  "khaenriah": "Khaenri'ah",
  "fatui": "Fatui",
  "hilichurl": "Hilichurl",
  "monster": "Ma Vật",
  "kairagi": "Kairagi",
  "none": "Không Nguyên Tố",
  "catalyst": "Pháp Khí",
  "bow": "Cung",
  "claymore": "Trọng Kiếm",
  "pole": "Vũ Khí Cán Dài",
  "sword": "Kiếm Đơn",
  "cryo": "Nguyên Tố Băng",
  "hydro": "Nguyên Tố Thủy",
  "pyro": "Nguyên Tố Hỏa",
  "electro": "Nguyên Tố Lôi",
  "anemo": "Nguyên Tố Phong",
  "geo": "Nguyên Tố Nham",
  "dendro": "Nguyên Tố Thảo",
  "weapon": "Vũ Khí",
  "artifact": "Thánh Di Vật",
  "talent": "Thiên Phú",
  "sheild": "Khiên",
  "place": "Địa Danh",
  "ally": "Đồng Đội",
  "item": "Đạo Cụ",
  "resonance": "Cộng Hưởng Nguyên Tố",
  "food": "Thức Ăn",
  "produce": "Tạo Vật Thảo"
}