{
  "unique": "唯一",
  "slowly": "战斗行动",
  "attack": "无法行动",
  "freezing": "免疫冻结",
  "control": "免疫控制",
  "mondstadt": "蒙德",
  "liyue": "璃月",
  "inazuma": "稻妻",
  "sumeru": "须弥",
  "fontaine": "枫丹",
  "natlan": "纳塔",
  "snezhnaya": "至冬",
  "khaenriah": "坎瑞亚",
  "fatui": "愚人众",
  "hilichurl": "丘丘人",
  "monster": "魔物",
  "kairagi": "海乱鬼",
  "none": "无元素类型",
  "catalyst": "法器",
  "bow": "弓",
  "claymore": "双手剑",
  "pole": "长柄武器",
  "sword": "单手剑",
  "cryo": "冰元素",
  "hydro": "水元素",
  "pyro": "火元素",
  "electro": "雷元素",
  "anemo": "风元素",
  "geo": "岩元素",
  "dendro": "草元素",
  "weapon": "武器",
  "artifact": "圣遗物",
  "talent": "天赋",
  "sheild": "护盾",
  "place": "场地",
  "ally": "伙伴",
  "item": "道具",
  "resonance": "元素共鸣",
  "food": "料理",
  "produce": "草元素产物"
}