[{"number":1,"source":"Dawn Winery Manor","song":"Dawn Winery Theme"},{"number":2,"source":"Chubby","song":"A Sweet Smile"},{"number":3,"source":"Dawn Winery Manor","song":"Lone Sojourner"},{"number":4,"source":"City of Mondstadt","song":"A Day in Mondstadt"},{"number":5,"source":"Chubby","song":"The Edge of the Prairie"},{"number":6,"source":"Chubby","song":"A Tale of Two Dragons"},{"number":7,"source":"Chubby","song":"Happy Journey"},{"number":8,"source":"Chubby","song":"Legend of the Wind"},{"number":9,"source":"Chubby","song":"Bustling Afternoon in Mondstadt"},{"number":10,"source":"Chubby","song":"Dusk in Mondstadt"},{"number":11,"source":"City of Mondstadt","song":"Mondstadt Starlit"},{"number":12,"source":"Chubby","song":"Moonlight in Mondstadt"},{"number":13,"source":"Chubby","song":"Another Day in Mondstadt"},{"number":14,"source":"Favonius Cathedral","song":"Windborne Hymn"},{"number":15,"source":"Knights of Favonius Headquarters","song":"Knights of Favonius"},{"number":16,"source":"Angel's Share","song":"Angel's Share"},{"number":17,"source":"Chubby","song":"A Happy Day"},{"number":18,"source":"Chubby","song":"Tender Strength"},{"number":19,"source":"Dawn Winery Manor","song":"Before Dawn, at the Winery"},{"number":20,"source":"Chubby","song":"Whispering Plain"},{"number":21,"source":"Chubby","song":"A New Day With Hope"},{"number":22,"source":"Chubby","song":"Eternal Anamnesis"},{"number":23,"source":"Chubby","song":"Journey of Hope"},{"number":24,"source":"Liyue Harbor","song":"Sun Rises in Liyue"},{"number":25,"source":"Chubby","song":"Good Night, Liyue"},{"number":26,"source":"Liyue Harbor","song":"Call It a Day in Liyue"},{"number":27,"source":"Liyue Harbor","song":"Clear Sky Over Liyue"},{"number":28,"source":"Wangshu Inn","song":"Cozy Leisure Time"},{"number":29,"source":"Chubby","song":"Winding River"},{"number":30,"source":"Chubby","song":"Mild Waves"},{"number":31,"source":"Chubby","song":"Rhythm Amidst the Reeds"},{"number":32,"source":"Wangshu Inn","song":"Flows of Jade-Like Water"},{"number":33,"source":"Chubby","song":"Flow of Mildness"},{"number":34,"source":"Wangshu Inn","song":"Vague Whispers"},{"number":35,"source":"Chubby","song":"Legends Swept Away"},{"number":36,"source":"Chubby","song":"Plain of Nostalgia"},{"number":37,"source":"Chubby","song":"Rhythms From the Conch"},{"number":38,"source":"Qingce Village","song":"Peaceful Hike"},{"number":39,"source":"Qingce Village","song":"The Fading Stories"},{"number":40,"source":"Chubby","song":"Above the Sea of Clouds"},{"number":41,"source":"Chubby","song":"Rainbow at Summit"},{"number":42,"source":"Chubby","song":"Red Leaf on the Chessboard"},{"number":43,"source":"Chubby","song":"Slumbering Lore"},{"number":44,"source":"Chubby","song":"Lost Expectation"},{"number":45,"source":"Chubby","song":"The Realm Within"},{"number":46,"source":"Chubby","song":"Sojourner's Sweet Dream"},{"number":47,"source":"Grand Narukami Shrine","song":"Miko's Night"},{"number":48,"source":"Statue of the Omnipresent God","song":"Streets of Elegance"},{"number":49,"source":"Inazuma City","song":"The Land of Her Serenity"},{"number":50,"source":"Chinju Forest","song":"The Mysterious Islands"},{"number":51,"source":"Chubby","song":"Everlasting Devotion"},{"number":52,"source":"Chinju Forest","song":"Kitsune's Mask"},{"number":53,"source":"Kamisato Estate","song":"Hanachirusato"},{"number":54,"source":"Kamisato Estate","song":"Time to Say Farewell"},{"number":55,"source":"Chubby","song":"Flickering Sakura"},{"number":56,"source":"Chinju Forest","song":"Murmuring Creek"},{"number":57,"source":"Chubby","song":"Scarred Island"},{"number":58,"source":"Chubby","song":"Silent Testimony"},{"number":59,"source":"Chubby","song":"Island of Hanabi"},{"number":60,"source":"Chubby","song":"Preparation of Matsuri"},{"number":61,"source":"Chubby","song":"Illuminated Coral Palace"},{"number":62,"source":"Chubby","song":"A Tranquil Town"},{"number":63,"source":"Chubby","song":"In a Harmonious Atmosphere"},{"number":64,"source":"Chubby","song":"Island of Crystal and Pearl"},{"number":65,"source":"Chubby","song":"Misty Truth"},{"number":66,"source":"Chubby","song":"Sorrows of Strays"},{"number":67,"source":"Chubby","song":"Ruu's Melody"},{"number":68,"source":"Chubby","song":"Roaming in Silence"},{"number":69,"source":"Chubby","song":"Echoes of Solitude"},{"number":70,"source":"Chubby","song":"Dirge of the Soundless"},{"number":71,"source":"Chubby","song":"Nothing but Ivy"},{"number":72,"source":"Chubby","song":"Forgotten Epic"},{"number":73,"source":"Mawtiyima Forest","song":"Beyond Klesha"},{"number":74,"source":"Vanarana","song":"Melody of Hidden Seeds"},{"number":75,"source":"Apam Woods","song":"Varuna's Mercy"},{"number":76,"source":"Devantaka Mountain","song":"Vestige of Dahri"},{"number":77,"source":"Devantaka Mountain","song":"Chatter Between Roots"},{"number":78,"source":"Citadel of Regzar","song":"Whirling of Leaves and Petals"},{"number":79,"source":"Port Ormos's Acara Crafts","song":"Hustle and Bustle of Ormos"},{"number":80,"source":"Sumeru City's Lambad's Tavern","song":"Halcyon Times"},{"number":81,"source":"South of Ruins of Dahri","song":"A Puff of Cool Breeze"},{"number":82,"source":"Land of Lower Setekh","song":"On the Barren Sands"},{"number":83,"source":"Entrance to Valley of Dahri","song":"Arid Canyon"},{"number":84,"source":"Aaru Village","song":"Settlement for Exiles"},{"number":85,"source":"Outside The Mausoleum of King Deshret","song":"Ruins of Scorching Might"},{"number":86,"source":"Eye of the Sands","song":"Eye of Deshret"},{"number":87,"source":"Sobek Oasis","song":"Emerald in the Desert"},{"number":0,"source":"Default","song":"Pure Sky"},{"number":0,"source":"Default","song":"The City Favored by Wind"},{"number":0,"source":"Default","song":"Hence, Begins the Journey"},{"number":0,"source":"Default","song":"Moon in One's Cup"},{"number":0,"source":"Default","song":"Maiden's Longing"},{"number":0,"source":"Default","song":"Liyue"}]