[{"number":1,"source":"Dawn Winery Manor","song":"晨曦酒莊"},{"number":2,"source":"Chubby","song":"甜美的微笑"},{"number":3,"source":"Dawn Winery Manor","song":"孤獨的旅居"},{"number":4,"source":"City of Mondstadt","song":"蒙德的一日"},{"number":5,"source":"Chubby","song":"平原的邊際"},{"number":6,"source":"Chubby","song":"特瓦林與杜林"},{"number":7,"source":"Chubby","song":"快樂的旅程"},{"number":8,"source":"Chubby","song":"風的傳說"},{"number":9,"source":"Chubby","song":"蒙德城繁忙的午後"},{"number":10,"source":"Chubby","song":"蒙德的黃昏"},{"number":11,"source":"City of Mondstadt","song":"星光下的蒙德"},{"number":12,"source":"Chubby","song":"蒙德的月光"},{"number":13,"source":"Chubby","song":"蒙德的又一日"},{"number":14,"source":"Favonius Cathedral","song":"風帶來的聖歌"},{"number":15,"source":"Knights of Favonius Headquarters","song":"西風騎士團"},{"number":16,"source":"Angel's Share","song":"天使的饋贈"},{"number":17,"source":"Chubby","song":"開心的一天"},{"number":18,"source":"Chubby","song":"同伴的力量"},{"number":19,"source":"Dawn Winery Manor","song":"破曉前的流光"},{"number":20,"source":"Chubby","song":"平原的低語"},{"number":21,"source":"Chubby","song":"希望的新一天"},{"number":22,"source":"Chubby","song":"永恆的回憶"},{"number":23,"source":"Chubby","song":"希望之旅"},{"number":24,"source":"Liyue Harbor","song":"璃月的日出"},{"number":25,"source":"Chubby","song":"晚安，璃月"},{"number":26,"source":"Liyue Harbor","song":"璃月的一日將盡"},{"number":27,"source":"Liyue Harbor","song":"璃月的晴空"},{"number":28,"source":"Wangshu Inn","song":"品茗嚐清心"},{"number":29,"source":"Chubby","song":"逶迤綠水長"},{"number":30,"source":"Chubby","song":"輕波微蕩"},{"number":31,"source":"Chubby","song":"釣客漫歌"},{"number":32,"source":"Wangshu Inn","song":"源流匯響"},{"number":33,"source":"Chubby","song":"多情東逝"},{"number":34,"source":"Wangshu Inn","song":"竹林的輕語"},{"number":35,"source":"Chubby","song":"不復回的傳說"},{"number":36,"source":"Chubby","song":"懷鄉的原野"},{"number":37,"source":"Chubby","song":"隨海風而來"},{"number":38,"source":"Qingce Village","song":"山風拂蘿衣"},{"number":39,"source":"Qingce Village","song":"不再年輕的村莊"},{"number":40,"source":"Chubby","song":"雲海之上"},{"number":41,"source":"Chubby","song":"虹霞垂天"},{"number":42,"source":"Chubby","song":"仙人的棋局"},{"number":43,"source":"Chubby","song":"沉睡的往昔"},{"number":44,"source":"Chubby","song":"失落的願景"},{"number":45,"source":"Chubby","song":"壺中洞天"},{"number":46,"source":"Chubby","song":"美夢撫歸人"},{"number":47,"source":"Grand Narukami Shrine","song":"空寂如常"},{"number":48,"source":"Statue of the Omnipresent God","song":"風雅之里"},{"number":49,"source":"Inazuma City","song":"靜謐的國土"},{"number":50,"source":"Chinju Forest","song":"神秘之島"},{"number":51,"source":"Chubby","song":"綿延的守護"},{"number":52,"source":"Chinju Forest","song":"悠遠的關懷"},{"number":53,"source":"Kamisato Estate","song":"華散之緣"},{"number":54,"source":"Kamisato Estate","song":"終有謝時"},{"number":55,"source":"Chubby","song":"雷櫻閃閃"},{"number":56,"source":"Chinju Forest","song":"林間清流"},{"number":57,"source":"Chubby","song":"傷痛的事話"},{"number":58,"source":"Chubby","song":"寂靜的證言"},{"number":59,"source":"Chubby","song":"硝彩回憶"},{"number":60,"source":"Chubby","song":"祭典將至"},{"number":61,"source":"Chubby","song":"溢彩華庭"},{"number":62,"source":"Chubby","song":"遠離塵囂"},{"number":63,"source":"Chubby","song":"清潭鏡澄"},{"number":64,"source":"Chubby","song":"海祇之島"},{"number":65,"source":"Chubby","song":"霧鎖煙迷"},{"number":66,"source":"Chubby","song":"潸悵的幽影"},{"number":67,"source":"Chubby","song":"阿瑠的歌"},{"number":68,"source":"Chubby","song":"良夜岑寂"},{"number":69,"source":"Chubby","song":"孤獨的迴響"},{"number":70,"source":"Chubby","song":"失語的哀訴"},{"number":71,"source":"Chubby","song":"葛藤無奈滿石垣"},{"number":72,"source":"Chubby","song":"雷隱遺事"},{"number":73,"source":"Mawtiyima Forest","song":"劫波破執"},{"number":74,"source":"Vanarana","song":"生命之谷的曲調"},{"number":75,"source":"Apam Woods","song":"盈流慈水"},{"number":76,"source":"Devantaka Mountain","song":"荼訶遺舊"},{"number":77,"source":"Devantaka Mountain","song":"根子的片語"},{"number":78,"source":"Citadel of Regzar","song":"樹與花的旋舞"},{"number":79,"source":"Port Ormos's Acara Crafts","song":"喧繁之港"},{"number":80,"source":"Sumeru City's Lambad's Tavern","song":"宴語韻悠悠"},{"number":81,"source":"South of Ruins of Dahri","song":"涼風暫歇之時"},{"number":82,"source":"Land of Lower Setekh","song":"熾風苦旅"},{"number":83,"source":"Entrance to Valley of Dahri","song":"煬旱的岩谷"},{"number":84,"source":"Aaru Village","song":"沙民的庇護所"},{"number":85,"source":"Outside The Mausoleum of King Deshret","song":"餘威猶存"},{"number":86,"source":"Eye of the Sands","song":"赤沙之眼"},{"number":87,"source":"Sobek Oasis","song":"沙衍綠碧"},{"number":0,"source":"Default","song":"青空"},{"number":0,"source":"Default","song":"風所愛之城"},{"number":0,"source":"Default","song":"旅途的開始"},{"number":0,"source":"Default","song":"杯中明月"},{"number":0,"source":"Default","song":"環佩憑欄望千帆"},{"number":0,"source":"Default","song":"璃月"}]