[{"number":1,"source":"Dawn Winery Manor","song":"Tửu Trang Dawn"},{"number":2,"source":"Chubby","song":"Nụ Cười Ngọt Ngào"},{"number":3,"source":"Dawn Winery Manor","song":"Nhà Trọ Cô Độc"},{"number":4,"source":"City of Mondstadt","song":"Một Ngày Ở Mondstadt"},{"number":5,"source":"Chubby","song":"Biên Giới Bình Nguyên"},{"number":6,"source":"Chubby","song":"Dvalin Và Durin"},{"number":7,"source":"Chubby","song":"Hành Trình Vui Vẻ"},{"number":8,"source":"Chubby","song":"Truyền Thuyết Của Gió"},{"number":9,"source":"Chubby","song":"Buổi Chiều Tại Mondstadt"},{"number":10,"source":"Chubby","song":"Hoàng Hôn Tại Mondstadt"},{"number":11,"source":"City of Mondstadt","song":"Mondstadt Dưới Trời Sao"},{"number":12,"source":"Chubby","song":"Ánh Trăng Mondstadt"},{"number":13,"source":"Chubby","song":"Lại Một Ngày Nữa Ở Mondstadt"},{"number":14,"source":"Favonius Cathedral","song":"Thánh Ca Của Gió"},{"number":15,"source":"Knights of Favonius Headquarters","song":"Đội Kỵ Sĩ Tây Phong"},{"number":16,"source":"Angel's Share","song":"Quà Tặng Của Thiên Sứ"},{"number":17,"source":"Chubby","song":"Một Ngày Vui Vẻ"},{"number":18,"source":"Chubby","song":"Sức Mạnh Đồng Đội"},{"number":19,"source":"Dawn Winery Manor","song":"Ánh Sáng Trước Bình Minh"},{"number":20,"source":"Chubby","song":"Lời Thì Thầm Của Bình Nguyên"},{"number":21,"source":"Chubby","song":"Ngày Mới Hy Vọng"},{"number":22,"source":"Chubby","song":"Hồi Ức Vĩnh Hằng"},{"number":23,"source":"Chubby","song":"Hành Trình Hy Vọng"},{"number":24,"source":"Liyue Harbor","song":"Bình Minh Tại Liyue"},{"number":25,"source":"Chubby","song":"Ngủ Ngon, Liyue"},{"number":26,"source":"Liyue Harbor","song":"Cuối Ngày Ở Liyue"},{"number":27,"source":"Liyue Harbor","song":"Ngày Nắng Tại Liyue"},{"number":28,"source":"Wangshu Inn","song":"Thưởng Trà Tâm An Lạc"},{"number":29,"source":"Chubby","song":"Bích Thủy Lượn Uốn Quanh"},{"number":30,"source":"Chubby","song":"Sóng Gợn Lăn Tăn"},{"number":31,"source":"Chubby","song":"Khúc Hát Đi Câu"},{"number":32,"source":"Wangshu Inn","song":"Nước Tụ Về Nguồn"},{"number":33,"source":"Chubby","song":"Dòng Nước Đa Tình"},{"number":34,"source":"Wangshu Inn","song":"Lời Thì Thầm Trong Rừng Trúc"},{"number":35,"source":"Chubby","song":"Truyền Thuyết Không Trở Lại"},{"number":36,"source":"Chubby","song":"Nhung Nhớ Cố Hương"},{"number":37,"source":"Chubby","song":"Đến Theo Gió Biển"},{"number":38,"source":"Qingce Village","song":"Gió Thổi Tà Áo Lụa"},{"number":39,"source":"Qingce Village","song":"Thôn Làng Đã Chớm Già"},{"number":40,"source":"Chubby","song":"Phía Trên Biển Mây"},{"number":41,"source":"Chubby","song":"Cầu Vồng Trên Cao"},{"number":42,"source":"Chubby","song":"Ván Cờ Tiên Nhân"},{"number":43,"source":"Chubby","song":"Dĩ Vãng Ngủ Say"},{"number":44,"source":"Chubby","song":"Cảnh Vật Thất Lạc"},{"number":45,"source":"Chubby","song":"Thế Giới Trong Ấm"},{"number":46,"source":"Chubby","song":"Giấc Mộng Vỗ Về"},{"number":47,"source":"Grand Narukami Shrine","song":"Buổi Đêm Của Miko"},{"number":48,"source":"Statue of the Omnipresent God","song":"Cung Đường Trang Nhã"},{"number":49,"source":"Inazuma City","song":"Quốc Gia Tĩnh Lặng"},{"number":50,"source":"Chinju Forest","song":"Hòn Đảo Thần Bí"},{"number":51,"source":"Chubby","song":"Thủ Hộ Vĩnh Viễn"},{"number":52,"source":"Chinju Forest","song":"Mặt Nạ Kitsune"},{"number":53,"source":"Kamisato Estate","song":"Hanachirusato"},{"number":54,"source":"Kamisato Estate","song":"Thời Khắc Cảm Ơn"},{"number":55,"source":"Chubby","song":"Ánh Chớp Anh Đào"},{"number":56,"source":"Chinju Forest","song":"Dòng Suối Trong Rừng"},{"number":57,"source":"Chubby","song":"Câu Chuyện Đau Thương"},{"number":58,"source":"Chubby","song":"Lời Khai Tĩnh Lặng"},{"number":59,"source":"Chubby","song":"Hòn Đảo Hanabi"},{"number":60,"source":"Chubby","song":"Ngày Lễ Sắp Đến"},{"number":61,"source":"Chubby","song":"Cung Điện San Hô"},{"number":62,"source":"Chubby","song":"Thị Trấn Yên Tĩnh"},{"number":63,"source":"Chubby","song":"Không Khí Trong Lành"},{"number":64,"source":"Chubby","song":"Đảo Watatsumi"},{"number":65,"source":"Chubby","song":"Sương Mù Âm U"},{"number":66,"source":"Chubby","song":"Nỗi Buồn Lạc Lối"},{"number":67,"source":"Chubby","song":"Khúc Hát Của Ruu"},{"number":68,"source":"Chubby","song":"Màn Đêm Cô Tịch"},{"number":69,"source":"Chubby","song":"Tiếng Vọng Cô Độc"},{"number":70,"source":"Chubby","song":"Lời Than Câm Lặng"},{"number":71,"source":"Chubby","song":"Bức Tường Dây Leo"},{"number":72,"source":"Chubby","song":"Quá Khứ Sử Thi"},{"number":73,"source":"Mawtiyima Forest","song":"Rời Xa Phiền Não"},{"number":74,"source":"Vanarana","song":"Giai Điệu Hạt Giống Sinh Mệnh"},{"number":75,"source":"Apam Woods","song":"Lòng Từ Bi Của Varuna"},{"number":76,"source":"Devantaka Mountain","song":"Tàn Tích Của Dahri"},{"number":77,"source":"Devantaka Mountain","song":"Lời Thì Thầm Rễ Cây"},{"number":78,"source":"Citadel of Regzar","song":"Vũ Điệu Cây Và Hoa"},{"number":79,"source":"Port Ormos's Acara Crafts","song":"Bến Cảng Phồn Hoa"},{"number":80,"source":"Sumeru City's Lambad's Tavern","song":"Nhạc Tiệc Du Dương"},{"number":81,"source":"South of Ruins of Dahri","song":"Khi Gió Lặng"},{"number":82,"source":"Land of Lower Setekh","song":"Trên Bãi Cát Cằn Cỗi"},{"number":83,"source":"Entrance to Valley of Dahri","song":"Hẻm Núi Khô Cằn"},{"number":84,"source":"Aaru Village","song":"Nơi Bảo Hộ Sa Mạc"},{"number":85,"source":"Outside The Mausoleum of King Deshret","song":"Tàn Tích Của Uy Quyền"},{"number":86,"source":"Eye of the Sands","song":"Mắt Cát Đỏ"},{"number":87,"source":"Sobek Oasis","song":"Ngọc Lục Bảo Trên Sa Mạc"},{"number":0,"source":"Default","song":"Trong Xanh"},{"number":0,"source":"Default","song":"Thành Phố Yêu Mến Của Gió"},{"number":0,"source":"Default","song":"Khởi Đầu Hành Trình"},{"number":0,"source":"Default","song":"Trăng Sáng Trong Ly"},{"number":0,"source":"Default","song":"Mỹ Nhân Trông Ngóng Cánh Buồm Xa Xa"},{"number":0,"source":"Default","song":"Liyue"}]