{"iron_chunk":"Brocken Eisen","fragrant_cedar_wood":"Duftendes Zedernholz","white_iron_chunk":"Brocken weißes Eisen","fir_wood":"Tannenholz","red_dye":"Rote Farbe","blue_dye":"Blaue Farbe","birch_wood":"Birkenholz","sandbearer_wood":"Dürrsandholz","fabric":"Stoff","yellow_dye":"Gelbe Farbe","pine_wood":"Kiefernholz","cuihua_wood":"Exquisitholz","bamboo_segment":"Bambussegment","yumemiru_wood":"Yumemiru-Holz","maple_wood":"Ahornholz","otogi_wood":"Otogi-Holz","aralia_wood":"Aralia-Holz","adhigama_wood":"Adhigama-Holz","karmaphala_wood":"Karmaphala-Holz","brightwood":"Hellholz","athel_wood":"Athel-Holz","mountain_date_wood":"Bergdattel-Holz","realm_currency":"Kannentaler"}