{"iron_chunk":"Iron Chunk","fragrant_cedar_wood":"Fragrant Cedar Wood","white_iron_chunk":"White Iron Chunk","fir_wood":"Fir Wood","red_dye":"Red Dye","blue_dye":"Blue Dye","birch_wood":"Birch Wood","sandbearer_wood":"Sandbearer Wood","fabric":"Fabric","yellow_dye":"Yellow Dye","pine_wood":"Pine Wood","cuihua_wood":"Cuihua Wood","bamboo_segment":"Bamboo Segment","yumemiru_wood":"Yumemiru Wood","maple_wood":"Maple Wood","otogi_wood":"Otogi Wood","aralia_wood":"Aralia Wood","adhigama_wood":"Adhigama Wood","karmaphala_wood":"Karmaphala Wood","brightwood":"Brightwood","athel_wood":"Athel Wood","mountain_date_wood":"Mountain Date Wood","realm_currency":"Realm Currency"}