{"iron_chunk":"Pedazo de hierro","fragrant_cedar_wood":"Madera de cedro fragante","white_iron_chunk":"Pedazo de hierro blanco","fir_wood":"Madera de abeto","red_dye":"Tinte rojo","blue_dye":"Tinte azul","birch_wood":"Madera de abedul","sandbearer_wood":"Madera de avellano","fabric":"Tela","yellow_dye":"Tinte amarillo","pine_wood":"Madera de pino","cuihua_wood":"Madera de liquidámbar","bamboo_segment":"Segmento de bambú","yumemiru_wood":"Madera onírica","maple_wood":"Madera de arce","otogi_wood":"Madera de murmurador","aralia_wood":"Madera de criptomeria","adhigama_wood":"Madera de bodhi","karmaphala_wood":"Madera kármica","brightwood":"Madera radiante","athel_wood":"Madera de tamarisco","mountain_date_wood":"Madera de palmera","realm_currency":"Intramora"}