{"iron_chunk":"Morceau de fer","fragrant_cedar_wood":"Bois de cèdre parfumé","white_iron_chunk":"Morceau de fer blanc","fir_wood":"Bois d'épicéa","red_dye":"Teinture rouge","blue_dye":"Teinture bleue","birch_wood":"Bois de bouleau","sandbearer_wood":"Bois d'haréna","fabric":"Tissu","yellow_dye":"Teinture jaune","pine_wood":"Bois de pin","cuihua_wood":"Bois d'exquisetier","bamboo_segment":"Tige de bambou","yumemiru_wood":"Bois de rêve","maple_wood":"Bois d'érable","otogi_wood":"Bois de dulcinier","aralia_wood":"Bois de cèdre inazumien","adhigama_wood":"Bois d'épiphanie","karmaphala_wood":"Bois de karmaphalien","brightwood":"Bois radiant","athel_wood":"Bois de tamaris Athel","mountain_date_wood":"Bois de palmier-dattier","realm_currency":"Pièces du royaume"}