{"iron_chunk":"Pezzo di ferro","fragrant_cedar_wood":"Legno di cedro profumato","white_iron_chunk":"Pezzo di ferro bianco","fir_wood":"Legno d'abete rosso","red_dye":"Tintura rossa","blue_dye":"Tintura blu","birch_wood":"Legno di betulla","sandbearer_wood":"Legno sabbioso","fabric":"Stoffa","yellow_dye":"Tintura gialla","pine_wood":"Legno di pino","cuihua_wood":"Legno di cuihua","bamboo_segment":"Segmento di bambù","yumemiru_wood":"Legno onirico","maple_wood":"Legno d'acero","otogi_wood":"Legno Otogi","aralia_wood":"Legno d'aralia","adhigama_wood":"Legno di Adhigama","karmaphala_wood":"Legno di Karmaphala","brightwood":"Legno dello splendore","athel_wood":"Legno di athel","mountain_date_wood":"Legno di palma da datteri","realm_currency":"Moneta del regno"}