{"iron_chunk":"鉄の塊","fragrant_cedar_wood":"垂香材","white_iron_chunk":"白鉄の塊","fir_wood":"杉材","red_dye":"赤色の染料","blue_dye":"青色の染料","birch_wood":"樺材","sandbearer_wood":"却砂材","fabric":"布材","yellow_dye":"黄色の染料","pine_wood":"松材","cuihua_wood":"萃華材","bamboo_segment":"竹材","yumemiru_wood":"夢見材","maple_wood":"楓材","otogi_wood":"御伽材","aralia_wood":"孔雀材","adhigama_wood":"証悟材","karmaphala_wood":"業果材","brightwood":"輝光材","athel_wood":"タマリスク材","mountain_date_wood":"ヤシ材","realm_currency":"洞天宝銭"}