{"iron_chunk":"철광","fragrant_cedar_wood":"수향나무","white_iron_chunk":"백철","fir_wood":"삼나무","red_dye":"붉은색 염료","blue_dye":"파란색 염료","birch_wood":"자작나무","sandbearer_wood":"각사나무","fabric":"직물","yellow_dye":"노란색 염료","pine_wood":"소나무","cuihua_wood":"췌화나무","bamboo_segment":"죽절","yumemiru_wood":"꿈의 나무","maple_wood":"단풍나무","otogi_wood":"오토기나무 원목","aralia_wood":"공작나무 원목","adhigama_wood":"아디가마 나무 원목","karmaphala_wood":"카르마팔라 나무 원목","brightwood":"빛나는 나무 원목","athel_wood":"에셀나무 원목","mountain_date_wood":"산대추야자 원목","realm_currency":"선계 화폐"}