{"iron_chunk":"Pedaço de Ferro","fragrant_cedar_wood":"Madeira de Cedro Fragrante","white_iron_chunk":"Pedaço de Ferro Branco","fir_wood":"Madeira de Abeto","red_dye":"Tinta Vermelha","blue_dye":"Tinta Azul","birch_wood":"Vidoeiro","sandbearer_wood":"Madeira de Areia","fabric":"Tecido","yellow_dye":"Tinta Amarela","pine_wood":"Pinheiro","cuihua_wood":"Madeira de Cuihua","bamboo_segment":"Segmento de Bambu","yumemiru_wood":"Madeira Yumemiru","maple_wood":"Bordo","otogi_wood":"Madeira Otogi","aralia_wood":"Madeira de Arália","adhigama_wood":"Madeira da Adhigama","karmaphala_wood":"Madeira Karmaphal","brightwood":"Madeira Radiante","athel_wood":"Madeira de Tamarisco","mountain_date_wood":"Madeira de Palmeira","realm_currency":"Moeda do Paraíso"}