{"iron_chunk":"Обломок железа","fragrant_cedar_wood":"Ароматный кедр","white_iron_chunk":"Обломок белого железа","fir_wood":"Пихта","red_dye":"Красная краска","blue_dye":"Синяя краска","birch_wood":"Берёза","sandbearer_wood":"Песчаное дерево","fabric":"Ткань","yellow_dye":"Жёлтая краска","pine_wood":"Сосна","cuihua_wood":"Цуйхуа","bamboo_segment":"Бамбук","yumemiru_wood":"Юмэмиру","maple_wood":"Клён","otogi_wood":"Отоги","aralia_wood":"Аралия","adhigama_wood":"Древесина адхигамы","karmaphala_wood":"Древесина кармафалы","brightwood":"Сияющая древесина","athel_wood":"Тамариск","mountain_date_wood":"Финиковая пальма","realm_currency":"Сокровища обители"}