{"iron_chunk":"Iron Chunk","fragrant_cedar_wood":"ไม้หอม","white_iron_chunk":"White Iron Chunk","fir_wood":"ไม้สนหนาม","red_dye":"สีย้อมสีแดง","blue_dye":"สีย้อมสีฟ้า","birch_wood":"ไม้เบิร์ช","sandbearer_wood":"ไม้เนื้อทราย","fabric":"ผ้า","yellow_dye":"สีย้อมสีเหลือง","pine_wood":"ไม้สน","cuihua_wood":"ไม้ Cuihua","bamboo_segment":"ท่อนไม้ไผ่","yumemiru_wood":"ไม้ Yumemiru","maple_wood":"ไม้ Maple","otogi_wood":"ไม้ Otogi","aralia_wood":"ไม้ Aralia","adhigama_wood":"ไม้ Adhigama","karmaphala_wood":"ไม้ Karmaphala","brightwood":"ไม้ Brightwood","athel_wood":"ไม้ Athel","mountain_date_wood":"ไม้ Mountain Date","realm_currency":"Realm Currency"}