{"iron_chunk":"Demir Parçası","fragrant_cedar_wood":"Kokulu Sedir Kütüğü","white_iron_chunk":"Beyaz Demir Parçası","fir_wood":"Köknar Kütüğü","red_dye":"Kırmızı Boya","blue_dye":"Mavi Boya","birch_wood":"Huş Ağacı Kütüğü","sandbearer_wood":"Kum Ağacı Kütüğü","fabric":"Kumaş","yellow_dye":"Sarı Boya","pine_wood":"Çam Kütüğü","cuihua_wood":"Tsuihua Kütüğü","bamboo_segment":"Bambu Sapı","yumemiru_wood":"Yumemiru Kütüğü","maple_wood":"Akçaağaç Kütüğü","otogi_wood":"Otogi Kütüğü","aralia_wood":"Aralya Kütüğü","adhigama_wood":"Adhigama Kütüğü","karmaphala_wood":"Karmaphala Kütüğü","brightwood":"Sarmal Ağacı Kütüğü","athel_wood":"Ilgın Kütüğü","mountain_date_wood":"Dağ Hurması Kütüğü","realm_currency":"Çaydanlık Parası"}