{"iron_chunk":"鐵塊","fragrant_cedar_wood":"垂香木","white_iron_chunk":"白鐵塊","fir_wood":"杉木","red_dye":"紅色染料","blue_dye":"藍色染料","birch_wood":"樺木","sandbearer_wood":"卻砂木","fabric":"布匹","yellow_dye":"黃色染料","pine_wood":"松木","cuihua_wood":"萃華木","bamboo_segment":"竹節","yumemiru_wood":"夢見木","maple_wood":"楓木","otogi_wood":"御伽木","aralia_wood":"孔雀木","adhigama_wood":"證悟木","karmaphala_wood":"業果木","brightwood":"輝木","athel_wood":"檉木","mountain_date_wood":"刺葵木","realm_currency":"洞天寶錢"}