{"iron_chunk":"Mảnh Sắt","fragrant_cedar_wood":"Gỗ Thùy Hương","white_iron_chunk":"Mảnh Sắt Trắng","fir_wood":"Gỗ Sam","red_dye":"Thuốc Nhuộm Đỏ","blue_dye":"Thuốc Nhuộm Lam","birch_wood":"Gỗ Hoa","sandbearer_wood":"Gỗ Khước Sa","fabric":"Vải Vóc","yellow_dye":"Thuốc Nhuộm Vàng","pine_wood":"Gỗ Thông","cuihua_wood":"Gỗ Tụy Hoa","bamboo_segment":"Đốt Trúc","yumemiru_wood":"Gỗ Mơ Mộng","maple_wood":"Gỗ Phong","otogi_wood":"Gỗ Otogi","aralia_wood":"Gỗ Khổng Tước","adhigama_wood":"Gỗ Adhigama","karmaphala_wood":"Gỗ Karmaphala","brightwood":"Gỗ Sáng","athel_wood":"Gỗ Sanh","mountain_date_wood":"Gỗ Chà Là","realm_currency":"Tiền Động Tiên"}