{"iron_chunk":"铁块","fragrant_cedar_wood":"垂香木","white_iron_chunk":"白铁块","fir_wood":"杉木","red_dye":"红色染料","blue_dye":"蓝色染料","birch_wood":"桦木","sandbearer_wood":"却砂木","fabric":"布匹","yellow_dye":"黄色染料","pine_wood":"松木","cuihua_wood":"萃华木","bamboo_segment":"竹节","yumemiru_wood":"梦见木","maple_wood":"枫木","otogi_wood":"御伽木","aralia_wood":"孔雀木","adhigama_wood":"证悟木","karmaphala_wood":"业果木","brightwood":"辉木","athel_wood":"柽木","mountain_date_wood":"刺葵木","realm_currency":"洞天宝钱"}