[{"category":"Wall","name":"Wand","type":"interior"},{"category":"Flooring","name":"Boden","type":"interior"},{"category":"Ceiling","name":"Decke","type":"interior"},{"category":"Ceiling Lamp","name":"Deckenlampe","type":"interior"},{"category":"Room Door","name":"Tür","type":"interior"},{"category":"Stairs","name":"Treppe","type":"interior"},{"category":"Cabinet","name":"Schrank","type":"interior"},{"category":"Bookcase","name":"Bücherregal","type":"interior"},{"category":"Table","name":"Tisch","type":"interior"},{"category":"Counter","name":"Tresen","type":"interior"},{"category":"Bed","name":"Bett","type":"interior"},{"category":"Fish Tank","name":"Aquarium","type":"interior"},{"category":"Seating","name":"Sitz","type":"interior"},{"category":"Ornament","name":"Schmuck","type":"interior"},{"category":"Carpet","name":"Teppich","type":"interior"},{"category":"Lighting","name":"Beleuchtung","type":"interior"},{"category":"Potted Plant","name":"Topfpflanze","type":"interior"},{"category":"Utensil","name":"Behälter","type":"interior"},{"category":"Artwork","name":"Kunstwerk","type":"interior"},{"category":"Hanging Ornament","name":"Hängeschmuck","type":"interior"},{"category":"Picture Frame","name":"Bilderrahmen","type":"interior"},{"category":"Courtyard Wall","name":"Hofmauer","type":"exterior"},{"category":"Large Ornament","name":"Großer Schmuck","type":"exterior"},{"category":"Liyue","name":"Liyue","type":"exterior"},{"category":"Mondstadt","name":"Mondstadt","type":"exterior"},{"category":"Hilichurl Style","name":"Hilichurl-Stil","type":"exterior"},{"category":"Mercantile","name":"Händler","type":"exterior"},{"category":"Free Booth","name":"Freier Stand","type":"exterior"},{"category":"Inazuma","name":"Inazuma-Stil","type":"exterior"},{"category":"Sumeru","name":"Stil von Sumeru","type":"exterior"},{"category":"Mountain","name":"Berg","type":"exterior"},{"category":"Rock","name":"Fels","type":"exterior"},{"category":"Tree","name":"Baum","type":"exterior"},{"category":"Shrub","name":"Busch","type":"exterior"},{"category":"Field","name":"Feld","type":"exterior"},{"category":"Floating Platform","name":"Schwebende Plattform","type":"exterior"},{"category":"Item","name":"Gegenstand","type":"exterior"},{"category":"Terrace","name":"Beet","type":"exterior"},{"category":"Ornament","name":"Schmuck","type":"exterior"},{"category":"Lighting","name":"Beleuchtung","type":"exterior"},{"category":"Curio","name":"Kuriosität","type":"exterior"},{"category":"Indoor Creature","name":"Für drinnen","type":"interior"},{"category":"Outdoor Creature","name":"Für draußen","type":"exterior"},{"category":"Mansion","name":"Herrenhaus","type":"exterior"},{"category":"Fence","name":"Zaun","type":"exterior"},{"category":"Seating","name":"Sitz","type":"exterior"},{"category":"Table","name":"Tisch","type":"exterior"},{"category":"Cabinet","name":"Schrank","type":"exterior"},{"category":"Waypoint","name":"Teleportationspunkt","type":"exterior"},{"category":"Fish Pond","name":"Fischbecken","type":"exterior"},{"category":"Paving","name":"Boden","type":"exterior"},{"category":"Furnishing Set","name":"Dekorationskombination","type":"exterior"},{"category":"Ornamental Fish","name":"Zierfisch","type":"exterior"},{"category":"Dreambloom","name":"Traumblüten","type":"exterior"},{"category":"Snowman Component","name":"Schneemann-Komponente","type":"exterior"},{"category":"Floral Scene","name":"Hintergrund","type":"exterior"},{"category":"Main Flower","name":"Hauptblume","type":"exterior"},{"category":"Carving Component","name":"Holzfigurenteil","type":"exterior"},{"category":"Shop Components","name":"Ladenkomponente","type":"exterior"}]