[{"category":"Wall","name":"Wall","type":"interior"},{"category":"Flooring","name":"Flooring","type":"interior"},{"category":"Ceiling","name":"Ceiling","type":"interior"},{"category":"Ceiling Lamp","name":"Ceiling Lamp","type":"interior"},{"category":"Room Door","name":"Room Door","type":"interior"},{"category":"Stairs","name":"Stairs","type":"interior"},{"category":"Cabinet","name":"Cabinet","type":"interior"},{"category":"Bookcase","name":"Bookcase","type":"interior"},{"category":"Table","name":"Table","type":"interior"},{"category":"Counter","name":"Counter","type":"interior"},{"category":"Bed","name":"Bed","type":"interior"},{"category":"Fish Tank","name":"Fish Tank","type":"interior"},{"category":"Seating","name":"Seating","type":"interior"},{"category":"Ornament","name":"Ornament","type":"interior"},{"category":"Carpet","name":"Carpet","type":"interior"},{"category":"Lighting","name":"Lighting","type":"interior"},{"category":"Potted Plant","name":"Potted Plant","type":"interior"},{"category":"Utensil","name":"Utensil","type":"interior"},{"category":"Artwork","name":"Artwork","type":"interior"},{"category":"Hanging Ornament","name":"Hanging Ornament","type":"interior"},{"category":"Picture Frame","name":"Picture Frame","type":"interior"},{"category":"Courtyard Wall","name":"Courtyard Wall","type":"exterior"},{"category":"Large Ornament","name":"Large Ornament","type":"exterior"},{"category":"Liyue","name":"Liyue","type":"exterior"},{"category":"Mondstadt","name":"Mondstadt","type":"exterior"},{"category":"Hilichurl Style","name":"Hilichurl Style","type":"exterior"},{"category":"Mercantile","name":"Mercantile","type":"exterior"},{"category":"Free Booth","name":"Free Booth","type":"exterior"},{"category":"Inazuma","name":"Inazuma","type":"exterior"},{"category":"Sumeru","name":"Sumeru","type":"exterior"},{"category":"Mountain","name":"Mountain","type":"exterior"},{"category":"Rock","name":"Rock","type":"exterior"},{"category":"Tree","name":"Tree","type":"exterior"},{"category":"Shrub","name":"Shrub","type":"exterior"},{"category":"Field","name":"Field","type":"exterior"},{"category":"Floating Platform","name":"Floating Platform","type":"exterior"},{"category":"Item","name":"Item","type":"exterior"},{"category":"Terrace","name":"Terrace","type":"exterior"},{"category":"Ornament","name":"Ornament","type":"exterior"},{"category":"Lighting","name":"Lighting","type":"exterior"},{"category":"Curio","name":"Curio","type":"exterior"},{"category":"Indoor Creature","name":"Indoor Creature","type":"interior"},{"category":"Outdoor Creature","name":"Outdoor Creature","type":"exterior"},{"category":"Mansion","name":"Mansion","type":"exterior"},{"category":"Fence","name":"Fence","type":"exterior"},{"category":"Seating","name":"Seating","type":"exterior"},{"category":"Table","name":"Table","type":"exterior"},{"category":"Cabinet","name":"Cabinet","type":"exterior"},{"category":"Waypoint","name":"Waypoint","type":"exterior"},{"category":"Fish Pond","name":"Fish Pond","type":"exterior"},{"category":"Paving","name":"Paving","type":"exterior"},{"category":"Furnishing Set","name":"Furnishing Set","type":"exterior"},{"category":"Ornamental Fish","name":"Ornamental Fish","type":"exterior"},{"category":"Dreambloom","name":"Dreambloom","type":"exterior"},{"category":"Snowman Component","name":"Snowman Component","type":"exterior"},{"category":"Floral Scene","name":"Floral Scene","type":"exterior"},{"category":"Main Flower","name":"Main Flower","type":"exterior"},{"category":"Carving Component","name":"Carving Component","type":"exterior"},{"category":"Shop Components","name":"Shop Components","type":"exterior"}]