[{"category":"Wall","name":"Paredes","type":"interior"},{"category":"Flooring","name":"Suelos","type":"interior"},{"category":"Ceiling","name":"Techos","type":"interior"},{"category":"Ceiling Lamp","name":"Lámparas de techo","type":"interior"},{"category":"Room Door","name":"Puertas","type":"interior"},{"category":"Stairs","name":"Escaleras","type":"interior"},{"category":"Cabinet","name":"Armarios","type":"interior"},{"category":"Bookcase","name":"Estanterías","type":"interior"},{"category":"Table","name":"Mesas","type":"interior"},{"category":"Counter","name":"Mostradores","type":"interior"},{"category":"Bed","name":"Camas","type":"interior"},{"category":"Fish Tank","name":"Pecera","type":"interior"},{"category":"Seating","name":"Sillas","type":"interior"},{"category":"Ornament","name":"Adornos","type":"interior"},{"category":"Carpet","name":"Alfombras","type":"interior"},{"category":"Lighting","name":"Iluminación","type":"interior"},{"category":"Potted Plant","name":"Plantas","type":"interior"},{"category":"Utensil","name":"Utensilios","type":"interior"},{"category":"Artwork","name":"Caligrafía y pintura","type":"interior"},{"category":"Hanging Ornament","name":"Decoraciones para colgar","type":"interior"},{"category":"Picture Frame","name":"Marco","type":"interior"},{"category":"Courtyard Wall","name":"Muros","type":"exterior"},{"category":"Large Ornament","name":"Adornos grandes","type":"exterior"},{"category":"Liyue","name":"Estilo de Liyue","type":"exterior"},{"category":"Mondstadt","name":"Estilo de Mondstadt","type":"exterior"},{"category":"Hilichurl Style","name":"Estilo Hilichurl","type":"exterior"},{"category":"Mercantile","name":"Estilo comercial","type":"exterior"},{"category":"Free Booth","name":"Puestos","type":"exterior"},{"category":"Inazuma","name":"Estilo de Inazuma","type":"exterior"},{"category":"Sumeru","name":"Estilo de Sumeru","type":"exterior"},{"category":"Mountain","name":"Montañas","type":"exterior"},{"category":"Rock","name":"Rocallas","type":"exterior"},{"category":"Tree","name":"Árboles","type":"exterior"},{"category":"Shrub","name":"Arbustos","type":"exterior"},{"category":"Field","name":"Campos","type":"exterior"},{"category":"Floating Platform","name":"Plataformas flotantes","type":"exterior"},{"category":"Item","name":"Objetos","type":"exterior"},{"category":"Terrace","name":"Vegetación","type":"exterior"},{"category":"Ornament","name":"Adornos","type":"exterior"},{"category":"Lighting","name":"Iluminación","type":"exterior"},{"category":"Curio","name":"Rarezas","type":"exterior"},{"category":"Indoor Creature","name":"Animales de interior","type":"interior"},{"category":"Outdoor Creature","name":"Animales de exterior","type":"exterior"},{"category":"Mansion","name":"Residencias","type":"exterior"},{"category":"Fence","name":"Vallas","type":"exterior"},{"category":"Seating","name":"Sillas","type":"exterior"},{"category":"Table","name":"Mesas","type":"exterior"},{"category":"Cabinet","name":"Armarios","type":"exterior"},{"category":"Waypoint","name":"Puntos de teletransporte","type":"exterior"},{"category":"Fish Pond","name":"Estanque","type":"exterior"},{"category":"Paving","name":"Suelo","type":"exterior"},{"category":"Furnishing Set","name":"Combinación de decoraciones","type":"exterior"},{"category":"Ornamental Fish","name":"Peces ornamentales","type":"exterior"},{"category":"Dreambloom","name":"Flores de ensueño","type":"exterior"},{"category":"Snowman Component","name":"Componentes de muñeco de nieve","type":"exterior"},{"category":"Floral Scene","name":"Fondo","type":"exterior"},{"category":"Main Flower","name":"Flores principales","type":"exterior"},{"category":"Carving Component","name":"Componente de madera","type":"exterior"},{"category":"Shop Components","name":"Componente de tienda","type":"exterior"}]