[{"category":"Wall","name":"Murs","type":"interior"},{"category":"Flooring","name":"Sols","type":"interior"},{"category":"Ceiling","name":"Plafonds","type":"interior"},{"category":"Ceiling Lamp","name":"Lustres","type":"interior"},{"category":"Room Door","name":"Portes","type":"interior"},{"category":"Stairs","name":"Escaliers","type":"interior"},{"category":"Cabinet","name":"Rangements","type":"interior"},{"category":"Bookcase","name":"Bibliothèques","type":"interior"},{"category":"Table","name":"Tables","type":"interior"},{"category":"Counter","name":"Comptoirs","type":"interior"},{"category":"Bed","name":"Lits","type":"interior"},{"category":"Fish Tank","name":"Aquarium","type":"interior"},{"category":"Seating","name":"Chaises","type":"interior"},{"category":"Ornament","name":"Objets d'agrément","type":"interior"},{"category":"Carpet","name":"Tapis","type":"interior"},{"category":"Lighting","name":"Éclairages","type":"interior"},{"category":"Potted Plant","name":"Plantes en pot","type":"interior"},{"category":"Utensil","name":"Objets divers","type":"interior"},{"category":"Artwork","name":"Œuvres d'art","type":"interior"},{"category":"Hanging Ornament","name":"Éléments suspendus","type":"interior"},{"category":"Picture Frame","name":"Cadres","type":"interior"},{"category":"Courtyard Wall","name":"Murs de cour","type":"exterior"},{"category":"Large Ornament","name":"Grands ornements","type":"exterior"},{"category":"Liyue","name":"Style liyuéen","type":"exterior"},{"category":"Mondstadt","name":"Style mondstadtois","type":"exterior"},{"category":"Hilichurl Style","name":"Style Brutocollinus","type":"exterior"},{"category":"Mercantile","name":"Étals de marchands","type":"exterior"},{"category":"Free Booth","name":"Étals libres","type":"exterior"},{"category":"Inazuma","name":"Style inazumien","type":"exterior"},{"category":"Sumeru","name":"Style sumérien","type":"exterior"},{"category":"Mountain","name":"Reliefs","type":"exterior"},{"category":"Rock","name":"Roches","type":"exterior"},{"category":"Tree","name":"Arbres","type":"exterior"},{"category":"Shrub","name":"Buissons","type":"exterior"},{"category":"Field","name":"Champs","type":"exterior"},{"category":"Floating Platform","name":"Plateformes flottantes","type":"exterior"},{"category":"Item","name":"Objets divers","type":"exterior"},{"category":"Terrace","name":"Végétation en pot","type":"exterior"},{"category":"Ornament","name":"Aménagements divers","type":"exterior"},{"category":"Lighting","name":"Éclairages","type":"exterior"},{"category":"Curio","name":"Curiosités","type":"exterior"},{"category":"Indoor Creature","name":"Animaux d'intérieur","type":"interior"},{"category":"Outdoor Creature","name":"Animaux d'extérieur","type":"exterior"},{"category":"Mansion","name":"Résidences","type":"exterior"},{"category":"Fence","name":"Clôtures","type":"exterior"},{"category":"Seating","name":"Chaises","type":"exterior"},{"category":"Table","name":"Tables","type":"exterior"},{"category":"Cabinet","name":"Rangements","type":"exterior"},{"category":"Waypoint","name":"Repères importants","type":"exterior"},{"category":"Fish Pond","name":"Étang à poissons","type":"exterior"},{"category":"Paving","name":"Planchers","type":"exterior"},{"category":"Furnishing Set","name":"Ensembles décoratifs","type":"exterior"},{"category":"Ornamental Fish","name":"Poissons ornementaux","type":"exterior"},{"category":"Dreambloom","name":"Florêves","type":"exterior"},{"category":"Snowman Component","name":"Morceau de bonhomme de neige","type":"exterior"},{"category":"Floral Scene","name":"Arrangement floral","type":"exterior"},{"category":"Main Flower","name":"Fleur principale","type":"exterior"},{"category":"Carving Component","name":"Composants de figurine","type":"exterior"},{"category":"Shop Components","name":"Composants de boutique","type":"exterior"}]