[{"category":"Wall","name":"Dinding","type":"interior"},{"category":"Flooring","name":"Lantai","type":"interior"},{"category":"Ceiling","name":"Langit-Langit","type":"interior"},{"category":"Ceiling Lamp","name":"Lampu Gantung","type":"interior"},{"category":"Room Door","name":"Pintu","type":"interior"},{"category":"Stairs","name":"Tangga","type":"interior"},{"category":"Cabinet","name":"Kabinet","type":"interior"},{"category":"Bookcase","name":"Rak Buku","type":"interior"},{"category":"Table","name":"Meja","type":"interior"},{"category":"Counter","name":"Konter","type":"interior"},{"category":"Bed","name":"Ranjang","type":"interior"},{"category":"Fish Tank","name":"Tangki Ikan","type":"interior"},{"category":"Seating","name":"Kursi","type":"interior"},{"category":"Ornament","name":"Ornamen","type":"interior"},{"category":"Carpet","name":"Karpet","type":"interior"},{"category":"Lighting","name":"Lampu","type":"interior"},{"category":"Potted Plant","name":"Tanaman Pot","type":"interior"},{"category":"Utensil","name":"Perkakas","type":"interior"},{"category":"Artwork","name":"Karya Seni","type":"interior"},{"category":"Hanging Ornament","name":"Hiasan Gantung","type":"interior"},{"category":"Picture Frame","name":"Bingkai Gambar","type":"interior"},{"category":"Courtyard Wall","name":"Dinding Halaman","type":"exterior"},{"category":"Large Ornament","name":"Ornamen Besar","type":"exterior"},{"category":"Liyue","name":"Model Liyue","type":"exterior"},{"category":"Mondstadt","name":"Model Mondstadt","type":"exterior"},{"category":"Hilichurl Style","name":"Gaya Hilichurl","type":"exterior"},{"category":"Mercantile","name":"Model Perdagangan","type":"exterior"},{"category":"Free Booth","name":"Stan Cuma-Cuma","type":"exterior"},{"category":"Inazuma","name":"Model Inazuma","type":"exterior"},{"category":"Sumeru","name":"Gaya Sumeru","type":"exterior"},{"category":"Mountain","name":"Gunung","type":"exterior"},{"category":"Rock","name":"Batu","type":"exterior"},{"category":"Tree","name":"Pohon","type":"exterior"},{"category":"Shrub","name":"Semak Belukar","type":"exterior"},{"category":"Field","name":"Ladang","type":"exterior"},{"category":"Floating Platform","name":"Platform Apung","type":"exterior"},{"category":"Item","name":"Benda","type":"exterior"},{"category":"Terrace","name":"Teras Berbunga","type":"exterior"},{"category":"Ornament","name":"Ornamen","type":"exterior"},{"category":"Lighting","name":"Lampu","type":"exterior"},{"category":"Curio","name":"Benda Antik","type":"exterior"},{"category":"Indoor Creature","name":"Makhluk Dalam Ruangan","type":"interior"},{"category":"Outdoor Creature","name":"Makhluk Luar Ruangan","type":"exterior"},{"category":"Mansion","name":"Rumah Mewah","type":"exterior"},{"category":"Fence","name":"Pagar","type":"exterior"},{"category":"Seating","name":"Kursi","type":"exterior"},{"category":"Table","name":"Meja","type":"exterior"},{"category":"Cabinet","name":"Kabinet","type":"exterior"},{"category":"Waypoint","name":"Waypoint","type":"exterior"},{"category":"Fish Pond","name":"Kolam Ikan","type":"exterior"},{"category":"Paving","name":"Lantai","type":"exterior"},{"category":"Furnishing Set","name":"Set Perabot","type":"exterior"},{"category":"Ornamental Fish","name":"Ikan Hias","type":"exterior"},{"category":"Dreambloom","name":"Bunga Dreambloom","type":"exterior"},{"category":"Snowman Component","name":"Komponen Manusia Salju","type":"exterior"},{"category":"Floral Scene","name":"Pemandangan Bunga","type":"exterior"},{"category":"Main Flower","name":"Bunga Utama","type":"exterior"},{"category":"Carving Component","name":"Komponen Ukiran Kayu","type":"exterior"},{"category":"Shop Components","name":"Komponen Toko","type":"exterior"}]