[{"category":"Wall","name":"Parete","type":"interior"},{"category":"Flooring","name":"Pavimento","type":"interior"},{"category":"Ceiling","name":"Soffitto","type":"interior"},{"category":"Ceiling Lamp","name":"Lampada da soffitto","type":"interior"},{"category":"Room Door","name":"Porta della stanza","type":"interior"},{"category":"Stairs","name":"Scale","type":"interior"},{"category":"Cabinet","name":"Armadietto","type":"interior"},{"category":"Bookcase","name":"Libreria","type":"interior"},{"category":"Table","name":"Tavolo","type":"interior"},{"category":"Counter","name":"Bancone","type":"interior"},{"category":"Bed","name":"Letto","type":"interior"},{"category":"Fish Tank","name":"Acquario","type":"interior"},{"category":"Seating","name":"Sedia","type":"interior"},{"category":"Ornament","name":"Accessorio","type":"interior"},{"category":"Carpet","name":"Tappeto","type":"interior"},{"category":"Lighting","name":"Illuminazione","type":"interior"},{"category":"Potted Plant","name":"Pianta in vaso","type":"interior"},{"category":"Utensil","name":"Utensile","type":"interior"},{"category":"Artwork","name":"Dipinto","type":"interior"},{"category":"Hanging Ornament","name":"Accessorio da appendere","type":"interior"},{"category":"Picture Frame","name":"Cornice","type":"interior"},{"category":"Courtyard Wall","name":"Parete del cortile","type":"exterior"},{"category":"Large Ornament","name":"Accessorio grande","type":"exterior"},{"category":"Liyue","name":"Liyue","type":"exterior"},{"category":"Mondstadt","name":"Mondstadt","type":"exterior"},{"category":"Hilichurl Style","name":"Stile Hilichurl","type":"exterior"},{"category":"Mercantile","name":"Commerciale","type":"exterior"},{"category":"Free Booth","name":"Chiosco libero","type":"exterior"},{"category":"Inazuma","name":"Inazuma","type":"exterior"},{"category":"Sumeru","name":"Sumeru","type":"exterior"},{"category":"Mountain","name":"Montagna","type":"exterior"},{"category":"Rock","name":"Roccia","type":"exterior"},{"category":"Tree","name":"Albero","type":"exterior"},{"category":"Shrub","name":"Arbusto","type":"exterior"},{"category":"Field","name":"Terreno","type":"exterior"},{"category":"Floating Platform","name":"Piattaforma sospesa","type":"exterior"},{"category":"Item","name":"Oggetto","type":"exterior"},{"category":"Terrace","name":"Terrazza","type":"exterior"},{"category":"Ornament","name":"Accessorio","type":"exterior"},{"category":"Lighting","name":"Illuminazione","type":"exterior"},{"category":"Curio","name":"Credenza","type":"exterior"},{"category":"Indoor Creature","name":"Creatura da interno","type":"interior"},{"category":"Outdoor Creature","name":"Creatura da esterno","type":"exterior"},{"category":"Mansion","name":"Magione","type":"exterior"},{"category":"Fence","name":"Recinzione","type":"exterior"},{"category":"Seating","name":"Sedia","type":"exterior"},{"category":"Table","name":"Tavolo","type":"exterior"},{"category":"Cabinet","name":"Armadietto","type":"exterior"},{"category":"Waypoint","name":"Portale","type":"exterior"},{"category":"Fish Pond","name":"Laghetto dei pesci","type":"exterior"},{"category":"Paving","name":"Pavimentazione","type":"exterior"},{"category":"Furnishing Set","name":"Set decorativo","type":"exterior"},{"category":"Ornamental Fish","name":"Pesce ornamentale","type":"exterior"},{"category":"Dreambloom","name":"Onirifiore","type":"exterior"},{"category":"Snowman Component","name":"Parte del pupazzo di neve","type":"exterior"},{"category":"Floral Scene","name":"Scena floreale","type":"exterior"},{"category":"Main Flower","name":"Fiore principale","type":"exterior"},{"category":"Carving Component","name":"Componente per scultura","type":"exterior"},{"category":"Shop Components","name":"Parti del negozio","type":"exterior"}]