[{"category":"Wall","name":"壁","type":"interior"},{"category":"Flooring","name":"床","type":"interior"},{"category":"Ceiling","name":"天井","type":"interior"},{"category":"Ceiling Lamp","name":"天井照明","type":"interior"},{"category":"Room Door","name":"ドア","type":"interior"},{"category":"Stairs","name":"階段","type":"interior"},{"category":"Cabinet","name":"棚","type":"interior"},{"category":"Bookcase","name":"本棚","type":"interior"},{"category":"Table","name":"テーブル","type":"interior"},{"category":"Counter","name":"カウンター","type":"interior"},{"category":"Bed","name":"ベッド","type":"interior"},{"category":"Fish Tank","name":"水槽","type":"interior"},{"category":"Seating","name":"椅子","type":"interior"},{"category":"Ornament","name":"装飾品","type":"interior"},{"category":"Carpet","name":"敷物","type":"interior"},{"category":"Lighting","name":"照明具","type":"interior"},{"category":"Potted Plant","name":"盆栽","type":"interior"},{"category":"Utensil","name":"器物","type":"interior"},{"category":"Artwork","name":"書画","type":"interior"},{"category":"Hanging Ornament","name":"掛け飾り","type":"interior"},{"category":"Picture Frame","name":"ペイントフレーム","type":"interior"},{"category":"Courtyard Wall","name":"庭壁","type":"exterior"},{"category":"Large Ornament","name":"大型装飾品","type":"exterior"},{"category":"Liyue","name":"璃月スタイル","type":"exterior"},{"category":"Mondstadt","name":"モンドスタイル","type":"exterior"},{"category":"Hilichurl Style","name":"ヒルチャールスタイル","type":"exterior"},{"category":"Mercantile","name":"店舗スタイル","type":"exterior"},{"category":"Free Booth","name":"自由露店","type":"exterior"},{"category":"Inazuma","name":"稲妻スタイル","type":"exterior"},{"category":"Sumeru","name":"スメールスタイル","type":"exterior"},{"category":"Mountain","name":"山体","type":"exterior"},{"category":"Rock","name":"岩石","type":"exterior"},{"category":"Tree","name":"高木","type":"exterior"},{"category":"Shrub","name":"低木","type":"exterior"},{"category":"Field","name":"田んぼ","type":"exterior"},{"category":"Floating Platform","name":"浮き台","type":"exterior"},{"category":"Item","name":"雑物","type":"exterior"},{"category":"Terrace","name":"花壇","type":"exterior"},{"category":"Ornament","name":"装飾品","type":"exterior"},{"category":"Lighting","name":"照明具","type":"exterior"},{"category":"Curio","name":"奇物","type":"exterior"},{"category":"Indoor Creature","name":"屋内動物","type":"interior"},{"category":"Outdoor Creature","name":"屋外動物","type":"exterior"},{"category":"Mansion","name":"邸宅","type":"exterior"},{"category":"Fence","name":"柵","type":"exterior"},{"category":"Seating","name":"椅子","type":"exterior"},{"category":"Table","name":"テーブル","type":"exterior"},{"category":"Cabinet","name":"棚","type":"exterior"},{"category":"Waypoint","name":"ワープポイント","type":"exterior"},{"category":"Fish Pond","name":"魚池","type":"exterior"},{"category":"Paving","name":"地面","type":"exterior"},{"category":"Furnishing Set","name":"調度品キット","type":"exterior"},{"category":"Ornamental Fish","name":"観賞魚","type":"exterior"},{"category":"Dreambloom","name":"夢乃花","type":"exterior"},{"category":"Snowman Component","name":"雪だるまの部品","type":"exterior"},{"category":"Floral Scene","name":"背景","type":"exterior"},{"category":"Main Flower","name":"御花","type":"exterior"},{"category":"Carving Component","name":"木彫りの部品","type":"exterior"},{"category":"Shop Components","name":"ショップ部品","type":"exterior"}]