[{"category":"Wall","name":"벽지","type":"interior"},{"category":"Flooring","name":"바닥","type":"interior"},{"category":"Ceiling","name":"천장","type":"interior"},{"category":"Ceiling Lamp","name":"샹들리에","type":"interior"},{"category":"Room Door","name":"문","type":"interior"},{"category":"Stairs","name":"계단","type":"interior"},{"category":"Cabinet","name":"수납장","type":"interior"},{"category":"Bookcase","name":"책장","type":"interior"},{"category":"Table","name":"탁자","type":"interior"},{"category":"Counter","name":"카운터","type":"interior"},{"category":"Bed","name":"침대","type":"interior"},{"category":"Fish Tank","name":"어항","type":"interior"},{"category":"Seating","name":"의자","type":"interior"},{"category":"Ornament","name":"장식","type":"interior"},{"category":"Carpet","name":"카펫","type":"interior"},{"category":"Lighting","name":"조명","type":"interior"},{"category":"Potted Plant","name":"분재","type":"interior"},{"category":"Utensil","name":"기물","type":"interior"},{"category":"Artwork","name":"그림","type":"interior"},{"category":"Hanging Ornament","name":"인테리어 모빌","type":"interior"},{"category":"Picture Frame","name":"액자","type":"interior"},{"category":"Courtyard Wall","name":"담장","type":"exterior"},{"category":"Large Ornament","name":"대형 장식","type":"exterior"},{"category":"Liyue","name":"리월 테마","type":"exterior"},{"category":"Mondstadt","name":"몬드 테마","type":"exterior"},{"category":"Hilichurl Style","name":"츄츄 테마","type":"exterior"},{"category":"Mercantile","name":"상가 테마","type":"exterior"},{"category":"Free Booth","name":"자유 가판대","type":"exterior"},{"category":"Inazuma","name":"이나즈마 테마","type":"exterior"},{"category":"Sumeru","name":"수메르 테마","type":"exterior"},{"category":"Mountain","name":"산","type":"exterior"},{"category":"Rock","name":"암석","type":"exterior"},{"category":"Tree","name":"교목","type":"exterior"},{"category":"Shrub","name":"관목","type":"exterior"},{"category":"Field","name":"논밭","type":"exterior"},{"category":"Floating Platform","name":"공중 석대","type":"exterior"},{"category":"Item","name":"물품","type":"exterior"},{"category":"Terrace","name":"화단","type":"exterior"},{"category":"Ornament","name":"장식","type":"exterior"},{"category":"Lighting","name":"조명","type":"exterior"},{"category":"Curio","name":"기이한 물건","type":"exterior"},{"category":"Indoor Creature","name":"실내 동물","type":"interior"},{"category":"Outdoor Creature","name":"실외 동물","type":"exterior"},{"category":"Mansion","name":"저택","type":"exterior"},{"category":"Fence","name":"울타리","type":"exterior"},{"category":"Seating","name":"의자","type":"exterior"},{"category":"Table","name":"탁자","type":"exterior"},{"category":"Cabinet","name":"수납장","type":"exterior"},{"category":"Waypoint","name":"워프 포인트","type":"exterior"},{"category":"Fish Pond","name":"물고기 연못","type":"exterior"},{"category":"Paving","name":"지면","type":"exterior"},{"category":"Furnishing Set","name":"장식 조립세트","type":"exterior"},{"category":"Ornamental Fish","name":"관상어","type":"exterior"},{"category":"Dreambloom","name":"꿈의 꽃","type":"exterior"},{"category":"Snowman Component","name":"눈사람 부품","type":"exterior"},{"category":"Floral Scene","name":"배경","type":"exterior"},{"category":"Main Flower","name":"메인 꽃","type":"exterior"},{"category":"Carving Component","name":"목각 부품","type":"exterior"},{"category":"Shop Components","name":"가게 부품","type":"exterior"}]