[{"category":"Wall","name":"Parede","type":"interior"},{"category":"Flooring","name":"Assoalho","type":"interior"},{"category":"Ceiling","name":"Teto","type":"interior"},{"category":"Ceiling Lamp","name":"Luminária","type":"interior"},{"category":"Room Door","name":"Portas","type":"interior"},{"category":"Stairs","name":"Escadas","type":"interior"},{"category":"Cabinet","name":"Armário","type":"interior"},{"category":"Bookcase","name":"Estante","type":"interior"},{"category":"Table","name":"Mesa","type":"interior"},{"category":"Counter","name":"Balcão","type":"interior"},{"category":"Bed","name":"Cama","type":"interior"},{"category":"Fish Tank","name":"Aquário","type":"interior"},{"category":"Seating","name":"Cadeira","type":"interior"},{"category":"Ornament","name":"Ornamentos","type":"interior"},{"category":"Carpet","name":"Carpete","type":"interior"},{"category":"Lighting","name":"Iluminação","type":"interior"},{"category":"Potted Plant","name":"Planta em Vaso","type":"interior"},{"category":"Utensil","name":"Utensílio","type":"interior"},{"category":"Artwork","name":"Obra de Arte","type":"interior"},{"category":"Hanging Ornament","name":"Ornamento Suspenso","type":"interior"},{"category":"Picture Frame","name":"Moldura","type":"interior"},{"category":"Courtyard Wall","name":"Muro do Pátio","type":"exterior"},{"category":"Large Ornament","name":"Ornamento Largo","type":"exterior"},{"category":"Liyue","name":"Estilo de Liyue","type":"exterior"},{"category":"Mondstadt","name":"Estilo de Mondstadt","type":"exterior"},{"category":"Hilichurl Style","name":"Estilo de Hilichurls","type":"exterior"},{"category":"Mercantile","name":"Estilo de Comercial","type":"exterior"},{"category":"Free Booth","name":"Estande Livre","type":"exterior"},{"category":"Inazuma","name":"Estilo de Inazuma","type":"exterior"},{"category":"Sumeru","name":"Estilo de Sumeru","type":"exterior"},{"category":"Mountain","name":"Montanha","type":"exterior"},{"category":"Rock","name":"Selo de Pedra","type":"exterior"},{"category":"Tree","name":"Árvores","type":"exterior"},{"category":"Shrub","name":"Arbusto","type":"exterior"},{"category":"Field","name":"Campo","type":"exterior"},{"category":"Floating Platform","name":"Plataforma Flutuante","type":"exterior"},{"category":"Item","name":"Item","type":"exterior"},{"category":"Terrace","name":"Terraço Florido","type":"exterior"},{"category":"Ornament","name":"Ornamentos","type":"exterior"},{"category":"Lighting","name":"Iluminação","type":"exterior"},{"category":"Curio","name":"Estranho","type":"exterior"},{"category":"Indoor Creature","name":"Criaturas Domésticas","type":"interior"},{"category":"Outdoor Creature","name":"Criaturas Silvestres","type":"exterior"},{"category":"Mansion","name":"Residência","type":"exterior"},{"category":"Fence","name":"Cercas","type":"exterior"},{"category":"Seating","name":"Cadeira","type":"exterior"},{"category":"Table","name":"Mesa","type":"exterior"},{"category":"Cabinet","name":"Armário","type":"exterior"},{"category":"Waypoint","name":"Ponto de Teleporte","type":"exterior"},{"category":"Fish Pond","name":"Lagoa de Peixes","type":"exterior"},{"category":"Paving","name":"Chão","type":"exterior"},{"category":"Furnishing Set","name":"Combinação de Decoração","type":"exterior"},{"category":"Ornamental Fish","name":"Peixe Ornamental","type":"exterior"},{"category":"Dreambloom","name":"Flores do Sonho","type":"exterior"},{"category":"Snowman Component","name":"Componentes de Bonecos de Neve","type":"exterior"},{"category":"Floral Scene","name":"Cenário","type":"exterior"},{"category":"Main Flower","name":"Flor Principal","type":"exterior"},{"category":"Carving Component","name":"Componentes de Madeira","type":"exterior"},{"category":"Shop Components","name":"Componentes de Loja","type":"exterior"}]