[{"category":"Wall","name":"Стены","type":"interior"},{"category":"Flooring","name":"Полы","type":"interior"},{"category":"Ceiling","name":"Потолки","type":"interior"},{"category":"Ceiling Lamp","name":"Люстры","type":"interior"},{"category":"Room Door","name":"Двери","type":"interior"},{"category":"Stairs","name":"Лестницы","type":"interior"},{"category":"Cabinet","name":"Шкафы","type":"interior"},{"category":"Bookcase","name":"Книжные полки","type":"interior"},{"category":"Table","name":"Столы","type":"interior"},{"category":"Counter","name":"Стойки","type":"interior"},{"category":"Bed","name":"Кровати","type":"interior"},{"category":"Fish Tank","name":"Аквариум","type":"interior"},{"category":"Seating","name":"Стулья","type":"interior"},{"category":"Ornament","name":"Украшения","type":"interior"},{"category":"Carpet","name":"Ковры","type":"interior"},{"category":"Lighting","name":"Освещение","type":"interior"},{"category":"Potted Plant","name":"Цветки","type":"interior"},{"category":"Utensil","name":"Утварь","type":"interior"},{"category":"Artwork","name":"Картины","type":"interior"},{"category":"Hanging Ornament","name":"Подвесные украшения","type":"interior"},{"category":"Picture Frame","name":"Картинная рама","type":"interior"},{"category":"Courtyard Wall","name":"Ограды","type":"exterior"},{"category":"Large Ornament","name":"Крупные украшения","type":"exterior"},{"category":"Liyue","name":"Стиль Ли Юэ","type":"exterior"},{"category":"Mondstadt","name":"Стиль Мондштадта","type":"exterior"},{"category":"Hilichurl Style","name":"Стиль хиличурлов","type":"exterior"},{"category":"Mercantile","name":"Купеческий стиль","type":"exterior"},{"category":"Free Booth","name":"Свободный ларёк","type":"exterior"},{"category":"Inazuma","name":"Стиль Инадзумы","type":"exterior"},{"category":"Sumeru","name":"Стиль Сумеру","type":"exterior"},{"category":"Mountain","name":"Скалы","type":"exterior"},{"category":"Rock","name":"Камни","type":"exterior"},{"category":"Tree","name":"Деревья","type":"exterior"},{"category":"Shrub","name":"Кусты","type":"exterior"},{"category":"Field","name":"Поле","type":"exterior"},{"category":"Floating Platform","name":"Парящая платформа","type":"exterior"},{"category":"Item","name":"Предметы","type":"exterior"},{"category":"Terrace","name":"Клумбы","type":"exterior"},{"category":"Ornament","name":"Украшения","type":"exterior"},{"category":"Lighting","name":"Лампы","type":"exterior"},{"category":"Curio","name":"Диковины","type":"exterior"},{"category":"Indoor Creature","name":"Домашние животные внутри","type":"interior"},{"category":"Outdoor Creature","name":"Домашние животные снаружи","type":"exterior"},{"category":"Mansion","name":"Дом","type":"exterior"},{"category":"Fence","name":"Изгороди","type":"exterior"},{"category":"Seating","name":"Стулья","type":"exterior"},{"category":"Table","name":"Столы","type":"exterior"},{"category":"Cabinet","name":"Шкафы","type":"exterior"},{"category":"Waypoint","name":"Телепорт","type":"exterior"},{"category":"Fish Pond","name":"Рыбоводный пруд","type":"exterior"},{"category":"Paving","name":"Земли","type":"exterior"},{"category":"Furnishing Set","name":"Комбинация декора","type":"exterior"},{"category":"Ornamental Fish","name":"Декоративная рыба","type":"exterior"},{"category":"Dreambloom","name":"Цветы мечты","type":"exterior"},{"category":"Snowman Component","name":"Часть снеговика","type":"exterior"},{"category":"Floral Scene","name":"Сцена","type":"exterior"},{"category":"Main Flower","name":"Основной цветок","type":"exterior"},{"category":"Carving Component","name":"Резной компонент","type":"exterior"},{"category":"Shop Components","name":"Компонент магазина","type":"exterior"}]