[{"category":"Wall","name":"ผนัง","type":"interior"},{"category":"Flooring","name":"พื้น","type":"interior"},{"category":"Ceiling","name":"เพดาน","type":"interior"},{"category":"Ceiling Lamp","name":"โคมไฟแชนเดอร์เลีย","type":"interior"},{"category":"Room Door","name":"ประตู","type":"interior"},{"category":"Stairs","name":"บันได","type":"interior"},{"category":"Cabinet","name":"ตู้","type":"interior"},{"category":"Bookcase","name":"ตู้หนังสือ","type":"interior"},{"category":"Table","name":"โต๊ะ","type":"interior"},{"category":"Counter","name":"เคาน์เตอร์","type":"interior"},{"category":"Bed","name":"เตียง","type":"interior"},{"category":"Fish Tank","name":"ตู้ปลา","type":"interior"},{"category":"Seating","name":"เก้าอี้","type":"interior"},{"category":"Ornament","name":"ของตกแต่ง","type":"interior"},{"category":"Carpet","name":"พรม","type":"interior"},{"category":"Lighting","name":"โคมไฟ","type":"interior"},{"category":"Potted Plant","name":"กระถาง","type":"interior"},{"category":"Utensil","name":"เครื่องมือ","type":"interior"},{"category":"Artwork","name":"งานศิลป์","type":"interior"},{"category":"Hanging Ornament","name":"แขวนประดับ","type":"interior"},{"category":"Picture Frame","name":"กรอบรูป","type":"interior"},{"category":"Courtyard Wall","name":"กำแพงสวน","type":"exterior"},{"category":"Large Ornament","name":"ของตกแต่งขนาดใหญ่","type":"exterior"},{"category":"Liyue","name":"สไตล์ Liyue","type":"exterior"},{"category":"Mondstadt","name":"สไตล์ Mondstadt","type":"exterior"},{"category":"Hilichurl Style","name":"สไตล์ Hilichurl","type":"exterior"},{"category":"Mercantile","name":"สไตล์พ่อค้า","type":"exterior"},{"category":"Free Booth","name":"แผงลอยอิสระ","type":"exterior"},{"category":"Inazuma","name":"สไตล์ Inazuma","type":"exterior"},{"category":"Sumeru","name":"สไตล์ Sumeru","type":"exterior"},{"category":"Mountain","name":"ภูเขา","type":"exterior"},{"category":"Rock","name":"ก้อนหิน","type":"exterior"},{"category":"Tree","name":"ต้นไม้","type":"exterior"},{"category":"Shrub","name":"พุ่มไม้","type":"exterior"},{"category":"Field","name":"ทุ่งกว้าง","type":"exterior"},{"category":"Floating Platform","name":"แท่นหินลอย","type":"exterior"},{"category":"Item","name":"สิ่งของ","type":"exterior"},{"category":"Terrace","name":"กระถางดอกไม้","type":"exterior"},{"category":"Ornament","name":"ของตกแต่ง","type":"exterior"},{"category":"Lighting","name":"โคมไฟ","type":"exterior"},{"category":"Curio","name":"สิ่งของประหลาด","type":"exterior"},{"category":"Indoor Creature","name":"สัตว์ในห้อง","type":"interior"},{"category":"Outdoor Creature","name":"สัตว์กลางแจ้ง","type":"exterior"},{"category":"Mansion","name":"สิ่งปลูกสร้าง","type":"exterior"},{"category":"Fence","name":"รั้วล้อม","type":"exterior"},{"category":"Seating","name":"เก้าอี้","type":"exterior"},{"category":"Table","name":"โต๊ะ","type":"exterior"},{"category":"Cabinet","name":"ตู้","type":"exterior"},{"category":"Waypoint","name":"จุดเทเลพอร์ต","type":"exterior"},{"category":"Fish Pond","name":"บ่อปลา","type":"exterior"},{"category":"Paving","name":"พื้น","type":"exterior"},{"category":"Furnishing Set","name":"ชุดเฟอร์นิเจอร์","type":"exterior"},{"category":"Ornamental Fish","name":"ปลาสวยงาม","type":"exterior"},{"category":"Dreambloom","name":"Dreambloom","type":"exterior"},{"category":"Snowman Component","name":"ชิ้นส่วนของตุ๊กตาหิมะ","type":"exterior"},{"category":"Floral Scene","name":"ฉากดอกไม้","type":"exterior"},{"category":"Main Flower","name":"ดอกไม้หลัก","type":"exterior"},{"category":"Carving Component","name":"ชิ้นส่วนไม้แกะสลัก","type":"exterior"},{"category":"Shop Components","name":"ชิ้นส่วนร้าน","type":"exterior"}]