[{"category":"Wall","name":"Duvar","type":"interior"},{"category":"Flooring","name":"Döşeme","type":"interior"},{"category":"Ceiling","name":"Tavan","type":"interior"},{"category":"Ceiling Lamp","name":"Tavan Lambası","type":"interior"},{"category":"Room Door","name":"Oda Kapısı","type":"interior"},{"category":"Stairs","name":"Merdiven","type":"interior"},{"category":"Cabinet","name":"Dolap","type":"interior"},{"category":"Bookcase","name":"Kitaplık","type":"interior"},{"category":"Table","name":"Masa","type":"interior"},{"category":"Counter","name":"Tezgah","type":"interior"},{"category":"Bed","name":"Yatak","type":"interior"},{"category":"Fish Tank","name":"Akvaryum","type":"interior"},{"category":"Seating","name":"Oturma Yeri","type":"interior"},{"category":"Ornament","name":"Süs Eşyası","type":"interior"},{"category":"Carpet","name":"Halı","type":"interior"},{"category":"Lighting","name":"Aydınlatma","type":"interior"},{"category":"Potted Plant","name":"Saksı Bitkisi","type":"interior"},{"category":"Utensil","name":"Mutfak Eşyası","type":"interior"},{"category":"Artwork","name":"Sanat Eseri","type":"interior"},{"category":"Hanging Ornament","name":"Asılı Süs Eşyası","type":"interior"},{"category":"Picture Frame","name":"Fotoğraf Çerçevesi","type":"interior"},{"category":"Courtyard Wall","name":"Avlu Duvarı","type":"exterior"},{"category":"Large Ornament","name":"Büyük Süs Eşyası","type":"exterior"},{"category":"Liyue","name":"Liyue","type":"exterior"},{"category":"Mondstadt","name":"Mondstadt","type":"exterior"},{"category":"Hilichurl Style","name":"Dağ Yabanisi Tarzı","type":"exterior"},{"category":"Mercantile","name":"Ticaret","type":"exterior"},{"category":"Free Booth","name":"Bağımsız Tezgah","type":"exterior"},{"category":"Inazuma","name":"Inazuma","type":"exterior"},{"category":"Sumeru","name":"Sumeru","type":"exterior"},{"category":"Mountain","name":"Dağ","type":"exterior"},{"category":"Rock","name":"Kaya","type":"exterior"},{"category":"Tree","name":"Ağaç","type":"exterior"},{"category":"Shrub","name":"Çalı","type":"exterior"},{"category":"Field","name":"Tarla","type":"exterior"},{"category":"Floating Platform","name":"Uçan Platform","type":"exterior"},{"category":"Item","name":"Eşya","type":"exterior"},{"category":"Terrace","name":"Teras","type":"exterior"},{"category":"Ornament","name":"Süs Eşyası","type":"exterior"},{"category":"Lighting","name":"Aydınlatma","type":"exterior"},{"category":"Curio","name":"Antika","type":"exterior"},{"category":"Indoor Creature","name":"Evcil Hayvan","type":"interior"},{"category":"Outdoor Creature","name":"Sokak Hayvanı","type":"exterior"},{"category":"Mansion","name":"Köşk","type":"exterior"},{"category":"Fence","name":"Çit","type":"exterior"},{"category":"Seating","name":"Oturma Yeri","type":"exterior"},{"category":"Table","name":"Masa","type":"exterior"},{"category":"Cabinet","name":"Dolap","type":"exterior"},{"category":"Waypoint","name":"Portal","type":"exterior"},{"category":"Fish Pond","name":"Balık Havuzu","type":"exterior"},{"category":"Paving","name":"Taş Döşeme","type":"exterior"},{"category":"Furnishing Set","name":"Dekorasyon Seti","type":"exterior"},{"category":"Ornamental Fish","name":"Süs Balığı","type":"exterior"},{"category":"Dreambloom","name":"Rüya Çiçeği","type":"exterior"},{"category":"Snowman Component","name":"Kardan Adam Parçası","type":"exterior"},{"category":"Floral Scene","name":"Çiçek Dekoru","type":"exterior"},{"category":"Main Flower","name":"Ana Çiçek","type":"exterior"},{"category":"Carving Component","name":"Oymacılık Parçası","type":"exterior"},{"category":"Shop Components","name":"Dükkan Parçaları","type":"exterior"}]