[{"category":"Wall","name":"牆面","type":"interior"},{"category":"Flooring","name":"地板","type":"interior"},{"category":"Ceiling","name":"天花板","type":"interior"},{"category":"Ceiling Lamp","name":"吊燈","type":"interior"},{"category":"Room Door","name":"房門","type":"interior"},{"category":"Stairs","name":"樓梯","type":"interior"},{"category":"Cabinet","name":"櫃子","type":"interior"},{"category":"Bookcase","name":"書櫃","type":"interior"},{"category":"Table","name":"桌子","type":"interior"},{"category":"Counter","name":"櫃檯","type":"interior"},{"category":"Bed","name":"床","type":"interior"},{"category":"Fish Tank","name":"魚缸","type":"interior"},{"category":"Seating","name":"椅子","type":"interior"},{"category":"Ornament","name":"飾品","type":"interior"},{"category":"Carpet","name":"地毯","type":"interior"},{"category":"Lighting","name":"燈具","type":"interior"},{"category":"Potted Plant","name":"盆景","type":"interior"},{"category":"Utensil","name":"器物","type":"interior"},{"category":"Artwork","name":"字畫","type":"interior"},{"category":"Hanging Ornament","name":"掛飾","type":"interior"},{"category":"Picture Frame","name":"畫框","type":"interior"},{"category":"Courtyard Wall","name":"院牆","type":"exterior"},{"category":"Large Ornament","name":"大型飾品","type":"exterior"},{"category":"Liyue","name":"璃月風格","type":"exterior"},{"category":"Mondstadt","name":"蒙德風格","type":"exterior"},{"category":"Hilichurl Style","name":"丘丘風格","type":"exterior"},{"category":"Mercantile","name":"商戶風格","type":"exterior"},{"category":"Free Booth","name":"自由攤位","type":"exterior"},{"category":"Inazuma","name":"稻妻風格","type":"exterior"},{"category":"Sumeru","name":"須彌風格","type":"exterior"},{"category":"Mountain","name":"山體","type":"exterior"},{"category":"Rock","name":"岩石","type":"exterior"},{"category":"Tree","name":"喬木","type":"exterior"},{"category":"Shrub","name":"灌木","type":"exterior"},{"category":"Field","name":"田畝","type":"exterior"},{"category":"Floating Platform","name":"浮空平台","type":"exterior"},{"category":"Item","name":"物件","type":"exterior"},{"category":"Terrace","name":"花壇","type":"exterior"},{"category":"Ornament","name":"飾品","type":"exterior"},{"category":"Lighting","name":"燈具","type":"exterior"},{"category":"Curio","name":"奇物","type":"exterior"},{"category":"Indoor Creature","name":"室內動物","type":"interior"},{"category":"Outdoor Creature","name":"室外動物","type":"exterior"},{"category":"Mansion","name":"宅邸","type":"exterior"},{"category":"Fence","name":"圍欄","type":"exterior"},{"category":"Seating","name":"椅子","type":"exterior"},{"category":"Table","name":"桌子","type":"exterior"},{"category":"Cabinet","name":"櫃子","type":"exterior"},{"category":"Waypoint","name":"傳送點","type":"exterior"},{"category":"Fish Pond","name":"魚池","type":"exterior"},{"category":"Paving","name":"地面","type":"exterior"},{"category":"Furnishing Set","name":"擺設組合","type":"exterior"},{"category":"Ornamental Fish","name":"觀賞魚","type":"exterior"},{"category":"Dreambloom","name":"夢裡花","type":"exterior"},{"category":"Snowman Component","name":"雪人部件","type":"exterior"},{"category":"Floral Scene","name":"花景","type":"exterior"},{"category":"Main Flower","name":"主花","type":"exterior"},{"category":"Carving Component","name":"木刻組件","type":"exterior"},{"category":"Shop Components","name":"坊店組件","type":"exterior"}]