[{"category":"Wall","name":"Mặt Tường","type":"interior"},{"category":"Flooring","name":"Mặt Đất","type":"interior"},{"category":"Ceiling","name":"Trần Nhà","type":"interior"},{"category":"Ceiling Lamp","name":"Đèn Treo","type":"interior"},{"category":"Room Door","name":"Cửa Phòng","type":"interior"},{"category":"Stairs","name":"Cầu Thang","type":"interior"},{"category":"Cabinet","name":"Tủ","type":"interior"},{"category":"Bookcase","name":"Kệ Sách","type":"interior"},{"category":"Table","name":"Bàn","type":"interior"},{"category":"Counter","name":"Quầy","type":"interior"},{"category":"Bed","name":"Giường","type":"interior"},{"category":"Fish Tank","name":"Bể Cá","type":"interior"},{"category":"Seating","name":"Ghế","type":"interior"},{"category":"Ornament","name":"Phụ kiện","type":"interior"},{"category":"Carpet","name":"Thảm","type":"interior"},{"category":"Lighting","name":"Đèn","type":"interior"},{"category":"Potted Plant","name":"Bồn Cảnh","type":"interior"},{"category":"Utensil","name":"Dụng Cụ","type":"interior"},{"category":"Artwork","name":"Thư Họa","type":"interior"},{"category":"Hanging Ornament","name":"Đồ Trang Trí","type":"interior"},{"category":"Picture Frame","name":"Khung Tranh","type":"interior"},{"category":"Courtyard Wall","name":"Tường","type":"exterior"},{"category":"Large Ornament","name":"Đồ Trang Trí Cỡ Lớn","type":"exterior"},{"category":"Liyue","name":"Phong Cách Liyue","type":"exterior"},{"category":"Mondstadt","name":"Phong Cách Mondstadt","type":"exterior"},{"category":"Hilichurl Style","name":"Phong Cách Hilichurl","type":"exterior"},{"category":"Mercantile","name":"Phong Cách Kinh Doanh","type":"exterior"},{"category":"Free Booth","name":"Sạp Tự Do","type":"exterior"},{"category":"Inazuma","name":"Phong Cách Inazuma","type":"exterior"},{"category":"Sumeru","name":"Phong Cách Sumeru","type":"exterior"},{"category":"Mountain","name":"Núi","type":"exterior"},{"category":"Rock","name":"Đá","type":"exterior"},{"category":"Tree","name":"Cây Cao To","type":"exterior"},{"category":"Shrub","name":"Bụi Cây","type":"exterior"},{"category":"Field","name":"Đồng ruộng","type":"exterior"},{"category":"Floating Platform","name":"Bàn Thạch Lơ Lửng","type":"exterior"},{"category":"Item","name":"Đồ Đạc","type":"exterior"},{"category":"Terrace","name":"Luống Hoa","type":"exterior"},{"category":"Ornament","name":"Phụ kiện","type":"exterior"},{"category":"Lighting","name":"Đèn","type":"exterior"},{"category":"Curio","name":"Vật Kỳ Lạ","type":"exterior"},{"category":"Indoor Creature","name":"Động vật trong nhà","type":"interior"},{"category":"Outdoor Creature","name":"Động Vật Sân Vườn","type":"exterior"},{"category":"Mansion","name":"Nhà","type":"exterior"},{"category":"Fence","name":"Hàng Rào","type":"exterior"},{"category":"Seating","name":"Ghế","type":"exterior"},{"category":"Table","name":"Bàn","type":"exterior"},{"category":"Cabinet","name":"Tủ","type":"exterior"},{"category":"Waypoint","name":"Điểm Dịch Chuyển","type":"exterior"},{"category":"Fish Pond","name":"Hồ Cá","type":"exterior"},{"category":"Paving","name":"Mặt Đất","type":"exterior"},{"category":"Furnishing Set","name":"Tổ Hợp Trang Trí","type":"exterior"},{"category":"Ornamental Fish","name":"Cá Cảnh","type":"exterior"},{"category":"Dreambloom","name":"Hoa Mộng Mơ","type":"exterior"},{"category":"Snowman Component","name":"Bộ phận Người Tuyết","type":"exterior"},{"category":"Floral Scene","name":"Cảnh Hoa","type":"exterior"},{"category":"Main Flower","name":"Hoa Chủ Đề","type":"exterior"},{"category":"Carving Component","name":"Bộ Phận Gỗ","type":"exterior"},{"category":"Shop Components","name":"Linh Kiện Cửa Hàng","type":"exterior"}]