[{"category":"Wall","name":"墙面","type":"interior"},{"category":"Flooring","name":"地板","type":"interior"},{"category":"Ceiling","name":"天花板","type":"interior"},{"category":"Ceiling Lamp","name":"吊灯","type":"interior"},{"category":"Room Door","name":"房门","type":"interior"},{"category":"Stairs","name":"楼梯","type":"interior"},{"category":"Cabinet","name":"柜子","type":"interior"},{"category":"Bookcase","name":"书柜","type":"interior"},{"category":"Table","name":"桌子","type":"interior"},{"category":"Counter","name":"柜台","type":"interior"},{"category":"Bed","name":"床","type":"interior"},{"category":"Fish Tank","name":"鱼缸","type":"interior"},{"category":"Seating","name":"椅子","type":"interior"},{"category":"Ornament","name":"饰品","type":"interior"},{"category":"Carpet","name":"地毯","type":"interior"},{"category":"Lighting","name":"灯具","type":"interior"},{"category":"Potted Plant","name":"盆景","type":"interior"},{"category":"Utensil","name":"器物","type":"interior"},{"category":"Artwork","name":"字画","type":"interior"},{"category":"Hanging Ornament","name":"挂饰","type":"interior"},{"category":"Picture Frame","name":"画框","type":"interior"},{"category":"Courtyard Wall","name":"院墙","type":"exterior"},{"category":"Large Ornament","name":"大型饰品","type":"exterior"},{"category":"Liyue","name":"璃月风格","type":"exterior"},{"category":"Mondstadt","name":"蒙德风格","type":"exterior"},{"category":"Hilichurl Style","name":"丘丘风格","type":"exterior"},{"category":"Mercantile","name":"商户风格","type":"exterior"},{"category":"Free Booth","name":"自由摊位","type":"exterior"},{"category":"Inazuma","name":"稻妻风格","type":"exterior"},{"category":"Sumeru","name":"须弥风格","type":"exterior"},{"category":"Mountain","name":"山体","type":"exterior"},{"category":"Rock","name":"岩石","type":"exterior"},{"category":"Tree","name":"乔木","type":"exterior"},{"category":"Shrub","name":"灌木","type":"exterior"},{"category":"Field","name":"田亩","type":"exterior"},{"category":"Floating Platform","name":"浮空平台","type":"exterior"},{"category":"Item","name":"物件","type":"exterior"},{"category":"Terrace","name":"花坛","type":"exterior"},{"category":"Ornament","name":"饰品","type":"exterior"},{"category":"Lighting","name":"灯具","type":"exterior"},{"category":"Curio","name":"奇物","type":"exterior"},{"category":"Indoor Creature","name":"室内动物","type":"interior"},{"category":"Outdoor Creature","name":"室外动物","type":"exterior"},{"category":"Mansion","name":"宅邸","type":"exterior"},{"category":"Fence","name":"围栏","type":"exterior"},{"category":"Seating","name":"椅子","type":"exterior"},{"category":"Table","name":"桌子","type":"exterior"},{"category":"Cabinet","name":"柜子","type":"exterior"},{"category":"Waypoint","name":"传送点","type":"exterior"},{"category":"Fish Pond","name":"鱼池","type":"exterior"},{"category":"Paving","name":"地面","type":"exterior"},{"category":"Furnishing Set","name":"摆设组合","type":"exterior"},{"category":"Ornamental Fish","name":"观赏鱼","type":"exterior"},{"category":"Dreambloom","name":"梦里花","type":"exterior"},{"category":"Snowman Component","name":"雪人部件","type":"exterior"},{"category":"Floral Scene","name":"花景","type":"exterior"},{"category":"Main Flower","name":"主花","type":"exterior"},{"category":"Carving Component","name":"木刻部件","type":"exterior"},{"category":"Shop Components","name":"坊店部件","type":"exterior"}]